Title,content,Score,ID,Subreddit,URL,Comments,Created,Source,content_to_process,processed_content
-15 HP moment (i'm cavalry mains),,826,1gal7im,battlefield_one,https://i.redd.it/txcgbq1zkkwd1.png,20,2024-10-23 20:58:47,Reddit,-15 HP moment (i'm cavalry mains),15 hp moment cavalry main
I hope they don't implement this hp bar change. It makes it way harder to know how much hp an enemy has. ,,298,1gadrzh,DeadlockTheGame,https://i.redd.it/e1fvnayb1jwd1.png,99,2024-10-23 15:46:48,Reddit,I hope they don't implement this hp bar change. It makes it way harder to know how much hp an enemy has. ,hope implement hp bar change make way harder know much hp enemy
HP jeje,,871,1g9gwp8,MemesEnEspanol,https://i.redd.it/gvxaa4pywawd1.png,11,2024-10-22 12:27:44,Reddit,HP jeje,hp jeje
Does HP like egg? ,,2,1gatgoq,PaymoneyWubby,https://i.redd.it/j47dmjfojmwd1.jpeg,0,2024-10-24 03:34:28,Reddit,Does HP like egg? ,hp like egg
Do NOT buy HP laptops..,"I'm using HP laptops for my work and it's awful. They're hp z-books and they only have issue after issue.

My first hp laptop had issues with thunderbolt, or general any USB c device. Display would flicker, it wouldn't connect to Ethernet with any dock whatsoever, it sometimes did not turn on, the IT department needed to unplug the battery to make it turn on again

Now the second HP I've got because of the issues is also pretty bad, even if it's an I9..

The touchpad doesn't even have precision drivers?! It's sluggish with touchpad...

Just now I put my laptop on my desk and it then held the tab button indefinitely

And it's pretty slow and gets pretty hot. I will never buy a HP and would advise anyone to never buy a HP laptop

Privately I own a surface Studio laptop, that has way better build quality, the touchpad is flawless etc. Only drawback is its price and performance. But still feels way faster then the I9 HP one?!",56,1ga75bi,laptops,https://www.reddit.com/r/laptops/comments/1ga75bi/do_not_buy_hp_laptops/,95,2024-10-23 10:23:25,Reddit,"I'm using HP laptops for my work and it's awful. They're hp z-books and they only have issue after issue.

My first hp laptop had issues with thunderbolt, or general any USB c device. Display would flicker, it wouldn't connect to Ethernet with any dock whatsoever, it sometimes did not turn on, the IT department needed to unplug the battery to make it turn on again

Now the second HP I've got because of the issues is also pretty bad, even if it's an I9..

The touchpad doesn't even have precision drivers?! It's sluggish with touchpad...

Just now I put my laptop on my desk and it then held the tab button indefinitely

And it's pretty slow and gets pretty hot. I will never buy a HP and would advise anyone to never buy a HP laptop

Privately I own a surface Studio laptop, that has way better build quality, the touchpad is flawless etc. Only drawback is its price and performance. But still feels way faster then the I9 HP one?!",using hp laptop work awful hp z book issue issue first hp laptop issue thunderbolt general usb c device display would flicker connect ethernet dock whatsoever sometimes turn department needed unplug battery make turn second hp got issue also pretty bad even i9 touchpad even precision driver sluggish touchpad put laptop desk held tab button indefinitely pretty slow get pretty hot never buy hp would advise anyone never buy hp laptop privately surface studio laptop way better build quality touchpad flawless etc drawback price performance still feel way faster i9 hp one
4 HP is plenty,Depth 13 the only thing that can kill me is me,3,1gai4zk,DoomDepths,https://v.redd.it/k380a742xjwd1,0,2024-10-23 18:44:30,Reddit,Depth 13 the only thing that can kill me is me,depth 13 thing kill
Idea: Scrapbook pages in the HP?,"This is my first year using a happy planner and I've really enjoyed it!!! About halfway through the year I got into the stickers and each week I so look forward to getting creative with the stickers in my weekly spread. I love nature inspired stickers specifically so looking at my planner feels calm and inspirational. I've always loved planners, but kept things pretty simple and I've never really gotten into any other paper crafting, never made a scrapbook.

  
I have an idea for 2025. I was thinking of getting a planner and a notebook that have a similar vibe/color scheme, and splitting the planner in half. I then want to add in scrapbook pages throughout the year, and maybe even journal pages for special events or memories. I want to incorporate photos from vacations or weekend getaways and outings, anything that I want to remember, but on nice paper and of course incorporating some art and stickers. And then at the end of the year I'd have two volumes that include the planner with the memories, scrapbook pages, and journal entries mixed in.



Does anyone already do this? I know I can't be the only one who has had this idea, but I can't really find anything online for inspiration. Maybe I'm not looking up the right keywords. I already have a HP hole punch so I'm set up for this already. 2024 I used a mini size but it got packed up pretty quickly, so 2025 I'm going to switch to the classic size. Please share inspiration, ideas, or even websites/social media pages/or idk any resources or ideas. I'm feeling so excited about this idea :) Thanks all! ",6,1gas8pd,HappyPlanners,https://www.reddit.com/r/HappyPlanners/comments/1gas8pd/idea_scrapbook_pages_in_the_hp/,2,2024-10-24 02:28:06,Reddit,"This is my first year using a happy planner and I've really enjoyed it!!! About halfway through the year I got into the stickers and each week I so look forward to getting creative with the stickers in my weekly spread. I love nature inspired stickers specifically so looking at my planner feels calm and inspirational. I've always loved planners, but kept things pretty simple and I've never really gotten into any other paper crafting, never made a scrapbook.

  
I have an idea for 2025. I was thinking of getting a planner and a notebook that have a similar vibe/color scheme, and splitting the planner in half. I then want to add in scrapbook pages throughout the year, and maybe even journal pages for special events or memories. I want to incorporate photos from vacations or weekend getaways and outings, anything that I want to remember, but on nice paper and of course incorporating some art and stickers. And then at the end of the year I'd have two volumes that include the planner with the memories, scrapbook pages, and journal entries mixed in.



Does anyone already do this? I know I can't be the only one who has had this idea, but I can't really find anything online for inspiration. Maybe I'm not looking up the right keywords. I already have a HP hole punch so I'm set up for this already. 2024 I used a mini size but it got packed up pretty quickly, so 2025 I'm going to switch to the classic size. Please share inspiration, ideas, or even websites/social media pages/or idk any resources or ideas. I'm feeling so excited about this idea :) Thanks all! ",first year using happy planner really enjoyed halfway year got sticker week look forward getting creative sticker weekly spread love nature inspired sticker specifically looking planner feel calm inspirational always loved planner kept thing pretty simple never really gotten paper crafting never made scrapbook idea 2025 thinking getting planner notebook similar vibe color scheme splitting planner half want add scrapbook page throughout year maybe even journal page special event memory want incorporate photo vacation weekend getaway outing anything want remember nice paper course incorporating art sticker end year two volume include planner memory scrapbook page journal entry mixed anyone already know one idea really find anything online inspiration maybe looking right keywords already hp hole punch set already 2024 used mini size got packed pretty quickly 2025 going switch classic size please share inspiration idea even website social medium page idk resource idea feeling excited idea thanks
Found something familiar @ HP studio,"I found something familiar @ Warner HP studio in Watford. Look at the left side of the Durmstrang ship. 

Clue in comment.",14,1gajc6u,HogwartsLegacyGaming,https://i.redd.it/vj953de47kwd1.jpeg,1,2024-10-23 19:40:32,Reddit,"I found something familiar @ Warner HP studio in Watford. Look at the left side of the Durmstrang ship. 

Clue in comment.",found something familiar warner hp studio watford look left side durmstrang ship clue comment
Jandy Flopro or hp plus? ,They look exactly the same so I am super curious what the actual difference is between them if there are any. Thank you! ,3,1gan6bx,PoolPros,https://www.reddit.com/r/PoolPros/comments/1gan6bx/jandy_flopro_or_hp_plus/,2,2024-10-23 22:23:34,Reddit,They look exactly the same so I am super curious what the actual difference is between them if there are any. Thank you! ,look exactly super curious actual difference thank
PF1e Rage HP from constitution ,"This is both a Pathfinder 1e Question and A roll 20 Question  
So I have a party of level 11 players one of which is a Barbarian he was asking for help setting up his rage buff in the buff section of the sheet Online says it should be written as  
\+4 to Strength

\+4 to Constitution

\+2 morale to Will

\-2 to armor class

\+(2\*@class1\_level}) to hit points

Because of the high level the STR CON and will Go up to +6 STR and CON and +3 will respectfully

Making the Buff Change to  
\+ 6 to Strength

\+6 to Constitution

\+3 Morale to Will

\-2 to Armor Class

\+(2\*@class1\_level}) to hit points

while the rest of the Buff isn't the issue My Player has an issue with the HP part as its Giving him 20 Temp HP where he is saying he should be getting 36 HP  
He has a Nat CON of 16 and it goes up to 22 while in rage

I'll be the first to admit I'm bad at math but I don't see how he should be getting the 36  and if He is meant to get 36 how would I write the buff to reflect that

we are not using unchained rules if that changes anything",2,1gaqwxi,Roll20,https://www.reddit.com/r/Roll20/comments/1gaqwxi/pf1e_rage_hp_from_constitution/,1,2024-10-24 01:20:38,Reddit,"This is both a Pathfinder 1e Question and A roll 20 Question  
So I have a party of level 11 players one of which is a Barbarian he was asking for help setting up his rage buff in the buff section of the sheet Online says it should be written as  
\+4 to Strength

\+4 to Constitution

\+2 morale to Will

\-2 to armor class

\+(2\*@class1\_level}) to hit points

Because of the high level the STR CON and will Go up to +6 STR and CON and +3 will respectfully

Making the Buff Change to  
\+ 6 to Strength

\+6 to Constitution

\+3 Morale to Will

\-2 to Armor Class

\+(2\*@class1\_level}) to hit points

while the rest of the Buff isn't the issue My Player has an issue with the HP part as its Giving him 20 Temp HP where he is saying he should be getting 36 HP  
He has a Nat CON of 16 and it goes up to 22 while in rage

I'll be the first to admit I'm bad at math but I don't see how he should be getting the 36  and if He is meant to get 36 how would I write the buff to reflect that

we are not using unchained rules if that changes anything",pathfinder 1e question roll 20 question party level 11 player one barbarian asking help setting rage buff buff section sheet online say written 4 strength 4 constitution 2 morale 2 armor class 2 class1 hit point high level str con go 6 str con 3 respectfully making buff change 6 strength 6 constitution 3 morale 2 armor class 2 class1 hit point rest buff issue player issue hp part giving 20 temp hp saying getting 36 hp nat con 16 go 22 rage first admit bad math see getting 36 meant get 36 would write buff reflect using unchained rule change anything
hp omen battery replacement,"Hello  i have hp omen 15 2020 due to aging my hp omen laptop became weak it last only 1 hour 20 mins watching videos , i asked hp they said replacing battery other than hp source void the warranty

is it true? how they gonna find out if i even replace and i heard it cost 12k from them and its costing 3k online",2,1gahluo,IndianGaming,https://www.reddit.com/r/IndianGaming/comments/1gahluo/hp_omen_battery_replacement/,1,2024-10-23 18:22:49,Reddit,"Hello  i have hp omen 15 2020 due to aging my hp omen laptop became weak it last only 1 hour 20 mins watching videos , i asked hp they said replacing battery other than hp source void the warranty

is it true? how they gonna find out if i even replace and i heard it cost 12k from them and its costing 3k online",hello hp omen 15 2020 due aging hp omen laptop became weak last 1 hour 20 min watching video asked hp said replacing battery hp source void warranty true gonna find even replace heard cost 12k costing 3k online
HP BIOS Update Utility Broken,"Title says it all really, but I’m a small shop repair tech and (Seemingly) the HP BIOS update utility is broken and doesn’t not work. I have tried to download and extract on windows 10 and windows 11. It extracts a single file, then it closes with no program or creation utility. Does anyone have any suggestions? Is there a different way to create a recovery USB to flash the BIOS? Thanks in advance! ",2,1gap2pi,Hewlett_Packard,https://www.reddit.com/r/Hewlett_Packard/comments/1gap2pi/hp_bios_update_utility_broken/,6,2024-10-23 23:50:48,Reddit,"Title says it all really, but I’m a small shop repair tech and (Seemingly) the HP BIOS update utility is broken and doesn’t not work. I have tried to download and extract on windows 10 and windows 11. It extracts a single file, then it closes with no program or creation utility. Does anyone have any suggestions? Is there a different way to create a recovery USB to flash the BIOS? Thanks in advance! ",title say really small shop repair tech seemingly hp bios update utility broken work tried download extract window 10 window 11 extract single file close program creation utility anyone suggestion different way create recovery usb flash bios thanks advance
Scarecrow HP,Does anyone know how to change the scarecrow and murder HP? I cannot find a way to change that.,3,1ga1ucn,playrustadmin,https://www.reddit.com/r/playrustadmin/comments/1ga1ucn/scarecrow_hp/,2,2024-10-23 04:15:19,Reddit,Does anyone know how to change the scarecrow and murder HP? I cannot find a way to change that.,anyone know change scarecrow murder hp cannot find way change
Maximum hp per second heal possible,"Had to get burned by the 3 fingers waste 2 larval tears to respec and a few tries of trial and error for it to finally work. But it was worth it. Don’t think there is anything that would increase my passiv heal even more, in the game. 
Sadly I didn’t record the whole setup but I will just write it down
.
Blessed few talisman
Crimsonburst crystal tear
Beast vitality 
Blessing of the erdtree 
Malenias great rune
Ash of war holy ground on my small shield 
Icon shield
Royal remains set
Frenzyflame stone
. 
I think that was all ",3,1gaquwp,Eldenring,https://v.redd.it/mfczj9s8vlwd1,10,2024-10-24 01:17:48,Reddit,"Had to get burned by the 3 fingers waste 2 larval tears to respec and a few tries of trial and error for it to finally work. But it was worth it. Don’t think there is anything that would increase my passiv heal even more, in the game. 
Sadly I didn’t record the whole setup but I will just write it down
.
Blessed few talisman
Crimsonburst crystal tear
Beast vitality 
Blessing of the erdtree 
Malenias great rune
Ash of war holy ground on my small shield 
Icon shield
Royal remains set
Frenzyflame stone
. 
I think that was all ",get burned 3 finger waste 2 larval tear respec try trial error finally work worth think anything would increase passiv heal even game sadly record whole setup write blessed talisman crimsonburst crystal tear beast vitality blessing erdtree malenias great rune ash war holy ground small shield icon shield royal remains set frenzyflame stone think
My friend has a 4:3 monitor and can't see his hp,His monitor is really old (like 10 years) and he can't see his up lol,2942,1ga8u4v,DeadlockTheGame,https://i.redd.it/pwxw1inixhwd1.jpeg,237,2024-10-23 12:03:11,Reddit,His monitor is really old (like 10 years) and he can't see his up lol,monitor really old like 10 year see lol
Protocol HP Rotations and SND Bomb Sights ,,21,1gafm6l,CoDCompetitive,https://www.reddit.com/gallery/1gafm6l,15,2024-10-23 17:01:28,Reddit,Protocol HP Rotations and SND Bomb Sights ,protocol hp rotation snd bomb sight
weird error “message” on HP Designjet 130nr ,"kind of a niche request but figured this would be the best place to ask. 

my bf got this HP Designjet 130nr and has been trying to fix it up. he soldered a new usb type b port into the printer and he’s getting this error code. he suspects he’ll have to replace the electronics module. i don’t know anything about printers so any advice on how to fix this would be greatly appreciated!! 🙏",2,1gaul5g,printers,https://i.redd.it/qpdlrdg9vmwd1.jpeg,1,2024-10-24 04:39:25,Reddit,"kind of a niche request but figured this would be the best place to ask. 

my bf got this HP Designjet 130nr and has been trying to fix it up. he soldered a new usb type b port into the printer and he’s getting this error code. he suspects he’ll have to replace the electronics module. i don’t know anything about printers so any advice on how to fix this would be greatly appreciated!! 🙏",kind niche request figured would best place ask bf got hp designjet 130nr trying fix soldered new usb type b port printer getting error code suspect replace electronics module know anything printer advice fix would greatly appreciated
"Correct me if I’m wrong but I keep seeing lower dojo players with high HP, how does that work? I taught the higher the dojo the higher the HP. I’m a Dojo 10 with 3.5K HP and I just fought a dojo 7 with 5.5k HP. I’m confused on how the HP thing works. Can someone here explain this to me thanks. ",,2,1gaaq30,ShadowFightArena,https://www.reddit.com/r/ShadowFightArena/comments/1gaaq30/correct_me_if_im_wrong_but_i_keep_seeing_lower/,4,2024-10-23 13:35:41,Reddit,"Correct me if I’m wrong but I keep seeing lower dojo players with high HP, how does that work? I taught the higher the dojo the higher the HP. I’m a Dojo 10 with 3.5K HP and I just fought a dojo 7 with 5.5k HP. I’m confused on how the HP thing works. Can someone here explain this to me thanks. ",correct wrong keep seeing lower dojo player high hp work taught higher dojo higher hp dojo 10 3 5k hp fought dojo 7 5 5k hp confused hp thing work someone explain thanks
What if Energy Overcharge can restore Protoss HP?,"What if instead of Energy Overcharge, theres an ability which will restore the HP of a Protoss unit? Why not both? Energy and HP? Might be a bit lame to click a button and have your Colossus instantly healed, but Energy Overcharge sounds equally lame.",7,1gaqzoe,starcraft,https://www.reddit.com/r/starcraft/comments/1gaqzoe/what_if_energy_overcharge_can_restore_protoss_hp/,6,2024-10-24 01:24:27,Reddit,"What if instead of Energy Overcharge, theres an ability which will restore the HP of a Protoss unit? Why not both? Energy and HP? Might be a bit lame to click a button and have your Colossus instantly healed, but Energy Overcharge sounds equally lame.",instead energy overcharge there ability restore hp protoss unit energy hp might bit lame click button colossus instantly healed energy overcharge sound equally lame
Buff ui(he has 3.5 million hp),,6,1gapze5,DBLegendsReddit,https://i.redd.it/uzsmzabmnlwd1.png,3,2024-10-24 00:34:48,Reddit,Buff ui(he has 3.5 million hp),buff ui 3 5 million hp
Designing for GMs: Human enemy HP in a static player HP game,"I'm working on a 1930s spy/pulp roleplaying game where all PCs are humans with 10 HP, and HP never increases. Some players are tougher than others via attributes, but in general, they're all equally squishy and/or robust. Guns are deadly (a Colt will do 5-7 points of damage; a Remington shotgun will do 6-10), and wounds can be debilitating. 

My question is how to create enemies for this system: Should ""standard"" human enemies (i.e. Blackshirt grunts) also have 10 HP, or should they have fewer — say, 5. I'm thinking \~5 HP will make the game more fun and less grindy, and allow the one-hit kills common to pulp novels. 

How do you generally set up player/enemy HP for the most fun? Is there a rule or ratio you follow? ",33,1g93mba,RPGdesign,https://www.reddit.com/r/RPGdesign/comments/1g93mba/designing_for_gms_human_enemy_hp_in_a_static/,22,2024-10-21 23:08:26,Reddit,"I'm working on a 1930s spy/pulp roleplaying game where all PCs are humans with 10 HP, and HP never increases. Some players are tougher than others via attributes, but in general, they're all equally squishy and/or robust. Guns are deadly (a Colt will do 5-7 points of damage; a Remington shotgun will do 6-10), and wounds can be debilitating. 

My question is how to create enemies for this system: Should ""standard"" human enemies (i.e. Blackshirt grunts) also have 10 HP, or should they have fewer — say, 5. I'm thinking \~5 HP will make the game more fun and less grindy, and allow the one-hit kills common to pulp novels. 

How do you generally set up player/enemy HP for the most fun? Is there a rule or ratio you follow? ",working 1930s spy pulp roleplaying game pc human 10 hp hp never increase player tougher others via attribute general equally squishy robust gun deadly colt 5 7 point damage remington shotgun 6 10 wound debilitating question create enemy system standard human enemy e blackshirt grunt also 10 hp fewer say 5 thinking 5 hp make game fun less grindy allow one hit kill common pulp novel generally set player enemy hp fun rule ratio follow
"Is this crown good? (yes, i play in italian; the stats/sub-stats are: Crit Rate(main Stat), Def%, Hp%, ER and HP)",,6,1gab001,ArlecchinoMains,https://i.redd.it/zwbjx3aofiwd1.png,8,2024-10-23 13:48:29,Reddit,"Is this crown good? (yes, i play in italian; the stats/sub-stats are: Crit Rate(main Stat), Def%, Hp%, ER and HP)",crown good yes play italian stats sub stats crit rate main stat def hp er hp
900 hp big turbo supra VS 1000+ hp twin turbo CTS-V ,,73,1g8xn9x,Streetracing,https://v.redd.it/4qp6g6gmp5wd1,3,2024-10-21 18:57:44,Reddit,900 hp big turbo supra VS 1000+ hp twin turbo CTS-V ,900 hp big turbo supra v 1000 hp twin turbo ct v
Builder Hut HP & DPS Missmatch???,Just now I got my first battle builder Hut to level 5 and while checking max level (level 6) stats I saw that HP and DPS don't max out at that level. How is that possible???,2,1gagjfu,ClashOfClans,https://i.redd.it/arjz9bciljwd1.jpeg,2,2024-10-23 17:39:23,Reddit,Just now I got my first battle builder Hut to level 5 and while checking max level (level 6) stats I saw that HP and DPS don't max out at that level. How is that possible???,got first battle builder hut level 5 checking max level level 6 stats saw hp dp max level possible
New personal record with 4 player hp Fatalis,,44,1ga6kzj,MonsterHunterWorld,https://i.redd.it/ij1qaxev8hwd1.png,14,2024-10-23 09:45:01,Reddit,New personal record with 4 player hp Fatalis,new personal record 4 player hp fatalis
[No Spoilers] HP Tracker not loading data?,"https://preview.redd.it/vq2qpk7g2kwd1.png?width=1919&format=png&auto=webp&s=c6966bb7d03202090ce77e25c1af3957295f6872

I recently started watching campaign 2 and downloaded the HP Tracker extension for funsies. It's been working just fine up until 3 hours ago when I paused the episode mid fight, and now I keep getting this ¨Unable to Get Data¨ no matter what I do. 

Any ideas what might be causing this and how to fix it?",5,1gais4i,criticalrole,https://www.reddit.com/r/criticalrole/comments/1gais4i/no_spoilers_hp_tracker_not_loading_data/,15,2024-10-23 19:16:53,Reddit,"https://preview.redd.it/vq2qpk7g2kwd1.png?width=1919&format=png&auto=webp&s=c6966bb7d03202090ce77e25c1af3957295f6872

I recently started watching campaign 2 and downloaded the HP Tracker extension for funsies. It's been working just fine up until 3 hours ago when I paused the episode mid fight, and now I keep getting this ¨Unable to Get Data¨ no matter what I do. 

Any ideas what might be causing this and how to fix it?",recently started watching campaign 2 downloaded hp tracker extension funsies working fine 3 hour ago paused episode mid fight keep getting unable get data matter idea might causing fix
My Vintage HP 97 smiles,,17,1g9vo3u,calculators,https://i.redd.it/hihg5r7o1ewd1.png,4,2024-10-22 23:00:13,Reddit,My Vintage HP 97 smiles,vintage hp 97 smile
"1 HP clutch, lost the match tho",,11,1ga86cw,ShadowFightArena,https://v.redd.it/opweplv9rhwd1,3,2024-10-23 11:28:11,Reddit,"1 HP clutch, lost the match tho",1 hp clutch lost match tho
HP potions look alike,"
Hello. I know several of us don't want to buy the hp kits for several reasons but we will love to have the opportunity to make the potions. I found a kit that's is the price of one ball on Amazon that can make up to 20 potions. Hope the link works, I add the picture just in case It wont

POATROZON 20Pcs Halloween Decorations Fairy Magic Potions Craft Kit Wishing Stone Potion Bottles Toys for Kids Decor Indoor Room Party Supplies https://a.co/d/hxjFMfh",27,1g9l50b,miniverse_makeitmini,https://i.redd.it/dbuneny0vbwd1.png,10,2024-10-22 15:38:29,Reddit,"
Hello. I know several of us don't want to buy the hp kits for several reasons but we will love to have the opportunity to make the potions. I found a kit that's is the price of one ball on Amazon that can make up to 20 potions. Hope the link works, I add the picture just in case It wont

POATROZON 20Pcs Halloween Decorations Fairy Magic Potions Craft Kit Wishing Stone Potion Bottles Toys for Kids Decor Indoor Room Party Supplies https://a.co/d/hxjFMfh",hello know several u want buy hp kit several reason love opportunity make potion found kit price one ball amazon make 20 potion hope link work add picture case wont poatrozon 20pcs halloween decoration fairy magic potion craft kit wishing stone potion bottle toy kid decor indoor room party supply
A lot of BO6 maps are 4-hill HP maps ,,46,1gaft8i,CoDCompetitive,https://i.redd.it/7uhuhcm4gjwd1.jpeg,43,2024-10-23 17:09:21,Reddit,A lot of BO6 maps are 4-hill HP maps ,lot bo6 map 4 hill hp map
1 hp dobble kill,,45,1g9gzvh,AatroxMains,https://v.redd.it/1zcc0wipxawd1,4,2024-10-22 12:32:13,Reddit,1 hp dobble kill,1 hp dobble kill
HP is Garfield-coded,,21,1g9lbbj,PaymoneyWubby,https://i.redd.it/6ffl0tz5o1931.jpg,2,2024-10-22 15:45:54,Reddit,HP is Garfield-coded,hp garfield coded
HP Prime G2 not solving simple equations,"Hello guys, I was hoping somebody could help me figure out why my HP Prime G2 isnt solving simple equations That even my Casio 991CW can handle. I know its user error as I just bought it and is my first Graphical calculator.

I even tried on symbolab and works flawlesly aswell. I appreciate any insight as to what I am doing wrong thank you.

Here are some photos of what I mean.",4,1gabp04,calculators,https://www.reddit.com/gallery/1gabp04,5,2024-10-23 14:18:58,Reddit,"Hello guys, I was hoping somebody could help me figure out why my HP Prime G2 isnt solving simple equations That even my Casio 991CW can handle. I know its user error as I just bought it and is my first Graphical calculator.

I even tried on symbolab and works flawlesly aswell. I appreciate any insight as to what I am doing wrong thank you.

Here are some photos of what I mean.",hello guy hoping somebody could help figure hp prime g2 isnt solving simple equation even casio 991cw handle know user error bought first graphical calculator even tried symbolab work flawlesly aswell appreciate insight wrong thank photo mean
Does this still count as 70%Hp/70%Def,,13,1gae5qy,OPBR,https://i.redd.it/9kl5g0074jwd1.jpeg,8,2024-10-23 16:02:20,Reddit,Does this still count as 70%Hp/70%Def,still count 70 hp 70 def
Hp Elitebook o Lenovo Thinkpad? ," En la escuela  estaban regalando laptops y me dieron una, a mi amiga también, ella me dió a escoger si quería Lenovo o HP? ",4,1ga0v5v,AskRedditespanol,https://www.reddit.com/r/AskRedditespanol/comments/1ga0v5v/hp_elitebook_o_lenovo_thinkpad/,14,2024-10-23 03:19:53,Reddit," En la escuela  estaban regalando laptops y me dieron una, a mi amiga también, ella me dió a escoger si quería Lenovo o HP? ",en la escuela estaban regalando laptop dieron una mi amiga también ella dió escoger si quería lenovo hp
Disappointed with HP Pavilion Plus 16-ab1004nx,"I recently purchased the HP Pavilion Plus 16-ab1004nx, and I must say, I'm incredibly disappointed. The system is extremely slow, and even basic tasks like typing have noticeable lag. Some folders and apps get stuck and takes forever to open. I was excited about the Intel UltraCore and LPDDR5, but it feels like a complete scam. The performance is nowhere near what I expected for the price. I feel like I wasted my money on this machine. Has anyone else had a similar experience?",2,1gagnjh,laptops,https://www.reddit.com/r/laptops/comments/1gagnjh/disappointed_with_hp_pavilion_plus_16ab1004nx/,2,2024-10-23 17:44:02,Reddit,"I recently purchased the HP Pavilion Plus 16-ab1004nx, and I must say, I'm incredibly disappointed. The system is extremely slow, and even basic tasks like typing have noticeable lag. Some folders and apps get stuck and takes forever to open. I was excited about the Intel UltraCore and LPDDR5, but it feels like a complete scam. The performance is nowhere near what I expected for the price. I feel like I wasted my money on this machine. Has anyone else had a similar experience?",recently purchased hp pavilion plus 16 ab1004nx must say incredibly disappointed system extremely slow even basic task like typing noticeable lag folder apps get stuck take forever open excited intel ultracore lpddr5 feel like complete scam performance nowhere near expected price feel like wasted money machine anyone else similar experience
Frankenplanner: Rocketbook and HP mixed!,"I have the Big Happy Planner cover and large HP rings. I made dividers (the MLP ones) from a divided notebook I got from FiveBelow. Then I made tabs (handwritten until I can make something more permanent) for each of the Rocketbook symbols. Then I have 3 months worth of paper planner pages for me to keep track of (almost) everything all in one book. For the Rocketbook pages to get them into my HP, I had some silver and gold adhesive sheets that I cut into one inches strips and then folded them in half to cover the edges so that I could use the HP punch on the edge without it fraying or coming apart as easily. I did make the mistake of trying to only laminate one edge of one page and it didn't go well. (Mistake made, lesson learned.) Someone had asked in another post about the planner I made so I thought I'd share here. Let me know if you have any questions or comments! Hugs!",27,1g9kt1b,rocketbook,https://www.reddit.com/gallery/1g9kt1b,7,2024-10-22 15:24:18,Reddit,"I have the Big Happy Planner cover and large HP rings. I made dividers (the MLP ones) from a divided notebook I got from FiveBelow. Then I made tabs (handwritten until I can make something more permanent) for each of the Rocketbook symbols. Then I have 3 months worth of paper planner pages for me to keep track of (almost) everything all in one book. For the Rocketbook pages to get them into my HP, I had some silver and gold adhesive sheets that I cut into one inches strips and then folded them in half to cover the edges so that I could use the HP punch on the edge without it fraying or coming apart as easily. I did make the mistake of trying to only laminate one edge of one page and it didn't go well. (Mistake made, lesson learned.) Someone had asked in another post about the planner I made so I thought I'd share here. Let me know if you have any questions or comments! Hugs!",big happy planner cover large hp ring made divider mlp one divided notebook got fivebelow made tab handwritten make something permanent rocketbook symbol 3 month worth paper planner page keep track almost everything one book rocketbook page get hp silver gold adhesive sheet cut one inch strip folded half cover edge could use hp punch edge without fraying coming apart easily make mistake trying laminate one edge one page go well mistake made lesson learned someone asked another post planner made thought share let know question comment hug
Tac Maps released! Some very questionable Bomb and HP placements,"[https://www.callofduty.com/guides/blackops6](https://www.callofduty.com/guides/blackops6)  
Bomb and HP placements on the guides, as title says",17,1gaegyj,CoDCompetitive,https://www.reddit.com/r/CoDCompetitive/comments/1gaegyj/tac_maps_released_some_very_questionable_bomb_and/,6,2024-10-23 16:14:52,Reddit,"[https://www.callofduty.com/guides/blackops6](https://www.callofduty.com/guides/blackops6)  
Bomb and HP placements on the guides, as title says",bomb hp placement guide title say
I am not understanding HP,"I have been reading the rules, but I can't understand how combat works:

Let's say that a character gets to 0 HP and loses 2 str but manages to avoid a critical hit

- Is the character's HP still 0 on the next round? Does this mean that if the character is damaged again on the next round the damage goes directly to str?

- HP can be recovered in a single round by resting, right? So, if a character has 8 HP and another character max damage is 6 would it be possible that the combat never ends because the first one just rests every round?

I must be missing something.",8,1g9t80q,cairnrpg,https://www.reddit.com/r/cairnrpg/comments/1g9t80q/i_am_not_understanding_hp/,20,2024-10-22 21:11:01,Reddit,"I have been reading the rules, but I can't understand how combat works:

Let's say that a character gets to 0 HP and loses 2 str but manages to avoid a critical hit

- Is the character's HP still 0 on the next round? Does this mean that if the character is damaged again on the next round the damage goes directly to str?

- HP can be recovered in a single round by resting, right? So, if a character has 8 HP and another character max damage is 6 would it be possible that the combat never ends because the first one just rests every round?

I must be missing something.",reading rule understand combat work let say character get 0 hp loses 2 str manages avoid critical hit character hp still 0 next round mean character damaged next round damage go directly str hp recovered single round resting right character 8 hp another character max damage 6 would possible combat never end first one rest every round must missing something
HP Prime issue ,"keep getting this error after trying this integral out double integral from x (0,6) and y (0,4.5) of y(36-6x+4y) dydx

hp prime g2

https://preview.redd.it/yda01ww90cwd1.jpg?width=3024&format=pjpg&auto=webp&s=21b8d0d91dbc8eac34da1d4ea228f585716ef8a6

 gonna edit this, full factory reset works every time. ",2,1g9luy9,calculators,https://www.reddit.com/r/calculators/comments/1g9luy9/hp_prime_issue/,4,2024-10-22 16:08:29,Reddit,"keep getting this error after trying this integral out double integral from x (0,6) and y (0,4.5) of y(36-6x+4y) dydx

hp prime g2

https://preview.redd.it/yda01ww90cwd1.jpg?width=3024&format=pjpg&auto=webp&s=21b8d0d91dbc8eac34da1d4ea228f585716ef8a6

 gonna edit this, full factory reset works every time. ",keep getting error trying integral double integral x 0 6 0 4 5 36 6x 4y dydx hp prime g2 gonna edit full factory reset work every time
"A bunch UFT/UFS (HP, HK, food and lifestyle)","Grouped by series:

Harry Potter
Hellbore x 2
Poly juice x 2
Amortentia x 2

Hello kitty
Strawberry milk x 2
Apple pie

Halloween
Dirt cup
Bug punch
Spooky cake

Lifestyle
Aloe Vera
Cactus twins
Succulent crate
Red ear slider

Food
Birthday cookies x 2
Bento x 2
princess roll
Grilled corn

ISO: dragon blood or flesh eating repellent from Harry Potter, or other animals from lifestyle besides the red ear slider and purple beta. ",3,1gak4cj,makeitmini_bst,https://www.reddit.com/gallery/1gak4cj,4,2024-10-23 20:12:57,Reddit,"Grouped by series:

Harry Potter
Hellbore x 2
Poly juice x 2
Amortentia x 2

Hello kitty
Strawberry milk x 2
Apple pie

Halloween
Dirt cup
Bug punch
Spooky cake

Lifestyle
Aloe Vera
Cactus twins
Succulent crate
Red ear slider

Food
Birthday cookies x 2
Bento x 2
princess roll
Grilled corn

ISO: dragon blood or flesh eating repellent from Harry Potter, or other animals from lifestyle besides the red ear slider and purple beta. ",grouped series harry potter hellbore x 2 poly juice x 2 amortentia x 2 hello kitty strawberry milk x 2 apple pie halloween dirt cup bug punch spooky cake lifestyle aloe vera cactus twin succulent crate red ear slider food birthday cooky x 2 bento x 2 princess roll grilled corn iso dragon blood flesh eating repellent harry potter animal lifestyle besides red ear slider purple beta
Can you get honor points for only repairing grey HP?,"Picture the following: Let's say the only 'healer' in your hangar is a Heimdall. You try to use the repair to benefit teammates but they are all a bunch of Condors or adjacent, decked out to be hard to catch and healing themselves. So you just use it in attack mode until the titan dies and one of the allies happens to be just close enough to get 10% of their grey HP repaired as that is a unique trait of the Heimdall.

Let's say no one else in the team repaired anyone besides themselves. In this situation, do I get the top honor for repairing teammates?",2,1gaqfuy,walkingwarrobots,https://www.reddit.com/r/walkingwarrobots/comments/1gaqfuy/can_you_get_honor_points_for_only_repairing_grey/,1,2024-10-24 00:57:31,Reddit,"Picture the following: Let's say the only 'healer' in your hangar is a Heimdall. You try to use the repair to benefit teammates but they are all a bunch of Condors or adjacent, decked out to be hard to catch and healing themselves. So you just use it in attack mode until the titan dies and one of the allies happens to be just close enough to get 10% of their grey HP repaired as that is a unique trait of the Heimdall.

Let's say no one else in the team repaired anyone besides themselves. In this situation, do I get the top honor for repairing teammates?",picture following let say healer hangar heimdall try use repair benefit teammate bunch condor adjacent decked hard catch healing use attack mode titan dy one ally happens close enough get 10 grey hp repaired unique trait heimdall let say one else team repaired anyone besides situation get top honor repairing teammate
I guess I'm fully healed +100 hp 😅,,35,1g9xa8n,BitLifeApp,https://i.redd.it/09me2f6jfewd1.jpeg,4,2024-10-23 00:16:59,Reddit,I guess I'm fully healed +100 hp 😅,guess fully healed 100 hp
Why abyss HP keeps getting buffed,,593,1g93o0j,Genshin_Memepact,https://v.redd.it/mvg9lgjpy6wd1,16,2024-10-21 23:10:40,Reddit,Why abyss HP keeps getting buffed,abyss hp keep getting buffed
New to HP. Any info on this one? ,Se,51,1g9sipj,hipower,https://www.reddit.com/gallery/1g9sipj,10,2024-10-22 20:41:47,Reddit,Se,se
Mondo old fart old sword no healing repressed hp.,,4,1gac7xu,RobloxPilgrammed,https://v.redd.it/edsy0lgopiwd1,3,2024-10-23 14:41:31,Reddit,Mondo old fart old sword no healing repressed hp.,mondo old fart old sword healing repressed hp
"Apollo 358 GT, 3.5 Liter V8 300 HP 285 LB/FT",,45,1gaau0f,automationgame,https://www.reddit.com/gallery/1gaau0f,7,2024-10-23 13:40:40,Reddit,"Apollo 358 GT, 3.5 Liter V8 300 HP 285 LB/FT",apollo 358 gt 3 5 liter v8 300 hp 285 lb ft
"78 Malibu, sleeper 400+ hp",,1058,1g8qvp4,classiccars,https://i.redd.it/v4snh0h9c4wd1.jpeg,51,2024-10-21 14:22:18,Reddit,"78 Malibu, sleeper 400+ hp",78 malibu sleeper 400 hp
HP LOVECRAFT ,Are all HP Lovecraft stories set in a common universe?,9,1g92xhn,Lovecraft,https://www.reddit.com/r/Lovecraft/comments/1g92xhn/hp_lovecraft/,8,2024-10-21 22:36:31,Reddit,Are all HP Lovecraft stories set in a common universe?,hp lovecraft story set common universe
MTD 13 HP riding mower,"I got a free MTD riding mower that didn't have the key so I purchased a new switch. As soon as I turn the key to run the main fuse blows. I disconnected all the wires to everything in case there was a short or a defective item and still as soon as I turn the key to run not even start, it blows the main 20amp fuse still. I tried the starter by jumping it and it turns but doesn't start, I assume with everything unplugged there is something open that won't let it start or run.

Any ideas an the fuse blowing with everything disconnected?",2,1g9viap,lawnmowers,https://www.reddit.com/r/lawnmowers/comments/1g9viap/mtd_13_hp_riding_mower/,9,2024-10-22 22:52:43,Reddit,"I got a free MTD riding mower that didn't have the key so I purchased a new switch. As soon as I turn the key to run the main fuse blows. I disconnected all the wires to everything in case there was a short or a defective item and still as soon as I turn the key to run not even start, it blows the main 20amp fuse still. I tried the starter by jumping it and it turns but doesn't start, I assume with everything unplugged there is something open that won't let it start or run.

Any ideas an the fuse blowing with everything disconnected?",got free mtd riding mower key purchased new switch soon turn key run main fuse blow disconnected wire everything case short defective item still soon turn key run even start blow main 20amp fuse still tried starter jumping turn start assume everything unplugged something open let start run idea fuse blowing everything disconnected
Turn 1 Reno HP,"Hero powered for the memes, played for the win. ",84,1g8zvkz,BobsTavern,https://www.reddit.com/gallery/1g8zvkz,16,2024-10-21 20:27:13,Reddit,"Hero powered for the memes, played for the win. ",hero powered meme played win
2021 Mach 1 HP,,51,1g92qwc,Mustang,https://i.redd.it/pj4qr7j6r6wd1.jpeg,2,2024-10-21 22:28:01,Reddit,2021 Mach 1 HP,2021 mach 1 hp
"Apollo 'Hermes' 6000 GT, 6.0 Liter V12 750 HP 600 LB/FT",,3,1gasiwk,automationgame,https://www.reddit.com/gallery/1gasiwk,9,2024-10-24 02:42:49,Reddit,"Apollo 'Hermes' 6000 GT, 6.0 Liter V12 750 HP 600 LB/FT",apollo hermes 6000 gt 6 0 liter v12 750 hp 600 lb ft
Duo Battle HP Difference,"My attributes say my default health is 3128 (without echo) but everytime I join a duo battle, my HP is only coming up to 2860.

Can someone please explain why there’s a difference?",3,1g9huxk,HPMagicAwakened,https://www.reddit.com/r/HPMagicAwakened/comments/1g9huxk/duo_battle_hp_difference/,14,2024-10-22 13:15:10,Reddit,"My attributes say my default health is 3128 (without echo) but everytime I join a duo battle, my HP is only coming up to 2860.

Can someone please explain why there’s a difference?",attribute say default health 3128 without echo everytime join duo battle hp coming 2860 someone please explain difference
Can someone please help me with my 2stroke 1967 6 hp mercury?,"I’ve replaced spark plugs added new fuel Lines added a new gas line and primer, and I am going to try and get it started by running non-ethanol in it for the first time. I also put seafoam in the gas. It was running a month ago, but whenever you would put it on full throttle, it would run at the speed of half throttle",2,1garfid,Outboards,https://v.redd.it/xw6stobuzlwd1,11,2024-10-24 01:46:43,Reddit,"I’ve replaced spark plugs added new fuel Lines added a new gas line and primer, and I am going to try and get it started by running non-ethanol in it for the first time. I also put seafoam in the gas. It was running a month ago, but whenever you would put it on full throttle, it would run at the speed of half throttle",replaced spark plug added new fuel line added new gas line primer going try get started running non ethanol first time also put seafoam gas running month ago whenever would put full throttle would run speed half throttle
TIL that Onyxia's HP doesn't work with minion overflow effects,"They've recently fixed most of the summon interactions with abom/crasher but this one, apparently, flew under the radar. Be aware if you for some reason end up playing this god forsaken hero and decide to go into that direction. ",34,1ga0f3t,BobsTavern,https://www.reddit.com/r/BobsTavern/comments/1ga0f3t/til_that_onyxias_hp_doesnt_work_with_minion/,4,2024-10-23 02:55:56,Reddit,"They've recently fixed most of the summon interactions with abom/crasher but this one, apparently, flew under the radar. Be aware if you for some reason end up playing this god forsaken hero and decide to go into that direction. ",recently fixed summon interaction abom crasher one apparently flew radar aware reason end playing god forsaken hero decide go direction
HP bars killed mirage as a legend,,2002,1g8r7d9,apexlegends,https://v.redd.it/jy55i082f4wd1,308,2024-10-21 14:36:45,Reddit,HP bars killed mirage as a legend,hp bar killed mirage legend
"But Irelia can’t have true damage, armour pen, max hp% damage ",,32,1ga60la,IreliaMains,/r/leagueoflegends/comments/1g9utw0/on_top_of_everything_in_the_videos_ambessa_has/,17,2024-10-23 09:02:29,Reddit,"But Irelia can’t have true damage, armour pen, max hp% damage ",irelia true damage armour pen max hp damage
"16"", 18"", 20"" 40V HP Chainsaws: All The Same Power? ","Hi there, 

I'm currently in the market for a new chainsaw. I decided to go with one of **Ryobi's 40v HP models**. According to all the reviews I saw. It's a very powerful chainsaw for the price. 

* **QUESTION:** 
* **Does anyone know if they all have the same power? Only the 20"" gets mentioned as being comparable to the 50cc gas equivalent.** 
* **Or is that just marketing to upsell you and they all actually have the same power source?** 

***As of right now. The 20"" is way more expensive than the 16"" and 18"". So, if they have the same power source. I would just stick with one of the shorter bars. Or if the 20"" is way more powerful. I'll just pay the upcharge.***

Any information would be great right now. Thanks ahead of time! 

https://preview.redd.it/k410xfl56iwd1.jpg?width=2100&format=pjpg&auto=webp&s=c69f1eecb1ae215fccccf750760825271c77b826

  
",3,1ga9sfb,ryobi,https://www.reddit.com/r/ryobi/comments/1ga9sfb/16_18_20_40v_hp_chainsaws_all_the_same_power/,19,2024-10-23 12:51:37,Reddit,"Hi there, 

I'm currently in the market for a new chainsaw. I decided to go with one of **Ryobi's 40v HP models**. According to all the reviews I saw. It's a very powerful chainsaw for the price. 

* **QUESTION:** 
* **Does anyone know if they all have the same power? Only the 20"" gets mentioned as being comparable to the 50cc gas equivalent.** 
* **Or is that just marketing to upsell you and they all actually have the same power source?** 

***As of right now. The 20"" is way more expensive than the 16"" and 18"". So, if they have the same power source. I would just stick with one of the shorter bars. Or if the 20"" is way more powerful. I'll just pay the upcharge.***

Any information would be great right now. Thanks ahead of time! 

https://preview.redd.it/k410xfl56iwd1.jpg?width=2100&format=pjpg&auto=webp&s=c69f1eecb1ae215fccccf750760825271c77b826

  
",hi currently market new chainsaw decided go one ryobi 40v hp model according review saw powerful chainsaw price question anyone know power 20 get mentioned comparable 50cc gas equivalent marketing upsell actually power source right 20 way expensive 16 18 power source would stick one shorter bar 20 way powerful pay upcharge information would great right thanks ahead time
Is it ok to put 70% attack 42% def and 28%hp on attacker roger?,,8,1garefc,OPBR,https://i.redd.it/drziq2l60mwd1.jpeg,8,2024-10-24 01:45:12,Reddit,Is it ok to put 70% attack 42% def and 28%hp on attacker roger?,ok put 70 attack 42 def 28 hp attacker roger
HP pro x2,I recently bought a HP pro x2. I wish to know if I can use it to stream Disney etc. also can it handle games? ,2,1g99x3v,HPLaptops,https://www.reddit.com/r/HPLaptops/comments/1g99x3v/hp_pro_x2/,0,2024-10-22 04:30:39,Reddit,I recently bought a HP pro x2. I wish to know if I can use it to stream Disney etc. also can it handle games? ,recently bought hp pro x2 wish know use stream disney etc also handle game
How many millions of HP does that boss have (late game spoilers),">!Elegy of the soul!<, i beat the three bosses before on the first try no problem and they were quick fights. Meanwhile that one i can hit for 30+mn to even reach 50%, praying he doesn't decide at some point to one shot (not sure if he does, but saw many comments saying he will if you take too much time)

It's like he has more hp than every boss in the game combined, and takes even less damage (i don't remember dealing so low dmg on the three previous bosses)

Do you have any tip for that tedious boring hell fight ? (i know about the repel thing tho)",2,1gal8c7,MetaphorReFantazio,https://www.reddit.com/r/MetaphorReFantazio/comments/1gal8c7/how_many_millions_of_hp_does_that_boss_have_late/,7,2024-10-23 20:59:47,Reddit,">!Elegy of the soul!<, i beat the three bosses before on the first try no problem and they were quick fights. Meanwhile that one i can hit for 30+mn to even reach 50%, praying he doesn't decide at some point to one shot (not sure if he does, but saw many comments saying he will if you take too much time)

It's like he has more hp than every boss in the game combined, and takes even less damage (i don't remember dealing so low dmg on the three previous bosses)

Do you have any tip for that tedious boring hell fight ? (i know about the repel thing tho)",elegy soul beat three boss first try problem quick fight meanwhile one hit 30 mn even reach 50 praying decide point one shot sure saw many comment saying take much time like hp every bos game combined take even less damage remember dealing low dmg three previous boss tip tedious boring hell fight know repel thing tho
HP Pavilion DV6 -2124 el,"(English version)

Hi all, I own a HP Pavilion DV6 -2124 el from 2010 and when I bought the computer I did not think of creating a disk copy of the recovery (from Recovery Manager) and so over the years my hard drive gave up on me and I lost everything (personal files included) I bought a new drive but I would like to put back its original system as it once was with HP's customizations. I have searched on the internet archive and in general on the internet even here on reddit itself but I have not found anything about it. I ask for everyone's support and will be grateful if anyone still has them and could send them to me, language is not a problem I will arrange to download the appropriate language pack.



(Versione italiana)



Ciao a tutti, possiedo un HP Pavilion DV6 -2124 el del 2010 e quando ho comprato il computer non ho pensato di creare una copia su disco di recupero (da Recovery Manager) e così nel corso degli anni il mio hard disk mi ha abbandonato e ho perso tutto (file personali compresi). Ho comprato un nuovo disco ma vorrei rimettere il suo sistema originale come era una volta con le personalizzazioni di HP. Ho cercato in Internet Archive e in generale su internet e anche qui su reddit stesso ma non ho trovato nulla al riguardo. Chiedo il supporto di tutti e sarò grato se qualcuno li ha ancora e me li può inviare, la lingua non è un problema provvederò a scaricare il pacchetto lingua appropriato.",2,1g9imdb,HPLaptops,https://www.reddit.com/r/HPLaptops/comments/1g9imdb/hp_pavilion_dv6_2124_el/,0,2024-10-22 13:50:57,Reddit,"(English version)

Hi all, I own a HP Pavilion DV6 -2124 el from 2010 and when I bought the computer I did not think of creating a disk copy of the recovery (from Recovery Manager) and so over the years my hard drive gave up on me and I lost everything (personal files included) I bought a new drive but I would like to put back its original system as it once was with HP's customizations. I have searched on the internet archive and in general on the internet even here on reddit itself but I have not found anything about it. I ask for everyone's support and will be grateful if anyone still has them and could send them to me, language is not a problem I will arrange to download the appropriate language pack.



(Versione italiana)



Ciao a tutti, possiedo un HP Pavilion DV6 -2124 el del 2010 e quando ho comprato il computer non ho pensato di creare una copia su disco di recupero (da Recovery Manager) e così nel corso degli anni il mio hard disk mi ha abbandonato e ho perso tutto (file personali compresi). Ho comprato un nuovo disco ma vorrei rimettere il suo sistema originale come era una volta con le personalizzazioni di HP. Ho cercato in Internet Archive e in generale su internet e anche qui su reddit stesso ma non ho trovato nulla al riguardo. Chiedo il supporto di tutti e sarò grato se qualcuno li ha ancora e me li può inviare, la lingua non è un problema provvederò a scaricare il pacchetto lingua appropriato.",english version hi hp pavilion dv6 2124 el 2010 bought computer think creating disk copy recovery recovery manager year hard drive gave lost everything personal file included bought new drive would like put back original system hp customizations searched internet archive general internet even reddit found anything ask everyone support grateful anyone still could send language problem arrange download appropriate language pack versione italiana ciao tutti possiedo un hp pavilion dv6 2124 el del 2010 e quando ho comprato il computer non ho pensato di creare una copia su disco di recupero da recovery manager e così nel corso degli anni il mio hard disk mi ha abbandonato e ho perso tutto file personali compresi ho comprato un nuovo disco vorrei rimettere il suo sistema originale come era una volta con le personalizzazioni di hp ho cercato internet archive e generale su internet e anche qui su reddit stesso non ho trovato nulla al riguardo chiedo il supporto di tutti e sarò grato se qualcuno li ha ancora e li può inviare la lingua non è un problema provvederò scaricare il pacchetto lingua appropriato
"Tried playing Jack again, this time investing more in max HP early","Which wasn't too bad? I don't melt the bosses as quickly, but I have more leeway to make 2-3 mistakes without losing. Tried laser guns as some suggested which had more single-target DPS against elites but the slow atk speed makes it harder to dodge small enemies AND boss attacks at the same time.

Still buying crit w/ hopes that one day I will get giant's belt. (or a red sniper gun... like last time).

[43k on the red revolver on final wave. 900+ material from bags. ignore the acid after handcuffs](https://preview.redd.it/6vgrlr93ahwd1.png?width=2382&format=png&auto=webp&s=e81d1daa1dc55b19a1098b84db773787a23285ff)",13,1ga6siz,brotato,https://www.reddit.com/r/brotato/comments/1ga6siz/tried_playing_jack_again_this_time_investing_more/,5,2024-10-23 10:00:04,Reddit,"Which wasn't too bad? I don't melt the bosses as quickly, but I have more leeway to make 2-3 mistakes without losing. Tried laser guns as some suggested which had more single-target DPS against elites but the slow atk speed makes it harder to dodge small enemies AND boss attacks at the same time.

Still buying crit w/ hopes that one day I will get giant's belt. (or a red sniper gun... like last time).

[43k on the red revolver on final wave. 900+ material from bags. ignore the acid after handcuffs](https://preview.redd.it/6vgrlr93ahwd1.png?width=2382&format=png&auto=webp&s=e81d1daa1dc55b19a1098b84db773787a23285ff)",bad melt boss quickly leeway make 2 3 mistake without losing tried laser gun suggested single target dp elite slow atk speed make harder dodge small enemy bos attack time still buying crit w hope one day get giant belt red sniper gun like last time 43k red revolver final wave 900 material bag ignore acid handcuff
cccp  hp bar,"i want to make it disappear, but theres no mod for it, plz help grahhh",5,1g92mmb,CortexCommand,https://www.reddit.com/r/CortexCommand/comments/1g92mmb/cccp_hp_bar/,0,2024-10-21 22:22:37,Reddit,"i want to make it disappear, but theres no mod for it, plz help grahhh",want make disappear there mod plz help grahhh
Of course he has max HP,,26,1g98yxc,caseoh_,https://i.redd.it/n705ev85a8wd1.jpeg,1,2024-10-22 03:36:05,Reddit,Of course he has max HP,course max hp
Reliable HP Numbers,Thought I would come to the community now since the head gaskets and studs by HKS is out. What reliable number is everybody getting?,6,1g8zwa6,GRCorolla,https://www.reddit.com/r/GRCorolla/comments/1g8zwa6/reliable_hp_numbers/,16,2024-10-21 20:28:03,Reddit,Thought I would come to the community now since the head gaskets and studs by HKS is out. What reliable number is everybody getting?,thought would come community since head gasket stud hks reliable number everybody getting
256 cores EPYC Bergamo HP proliant dl385,"Hi may I ask if there are any who have specced a Bergamo for CFD? Currently we have 128c Genoa 768gb DL385 and we want to get another 256 instead of the 192c genoa config(surprisingly more expensive). Most of my jobs in cloud are Rome and Genoa no Bergamo so far.

 I prefer this as our workload is running multiple jobs at same time rather than just single large job hence this is the only chip that has more cores.

AMD says its also for CFD. But I cant find any cloud instance with Bergamo that would allow me to test our software at.",6,1g9kdxa,CFD,https://www.reddit.com/r/CFD/comments/1g9kdxa/256_cores_epyc_bergamo_hp_proliant_dl385/,32,2024-10-22 15:06:54,Reddit,"Hi may I ask if there are any who have specced a Bergamo for CFD? Currently we have 128c Genoa 768gb DL385 and we want to get another 256 instead of the 192c genoa config(surprisingly more expensive). Most of my jobs in cloud are Rome and Genoa no Bergamo so far.

 I prefer this as our workload is running multiple jobs at same time rather than just single large job hence this is the only chip that has more cores.

AMD says its also for CFD. But I cant find any cloud instance with Bergamo that would allow me to test our software at.",hi may ask specced bergamo cfd currently 128c genoa 768gb dl385 want get another 256 instead 192c genoa config surprisingly expensive job cloud rome genoa bergamo far prefer workload running multiple job time rather single large job hence chip core amd say also cfd cant find cloud instance bergamo would allow test software
Drew Drenched Gossypium on 1 HP ,,341,1g8ognm,limbuscompany,https://i.redd.it/r1nhhu1dr3wd1.png,16,2024-10-21 12:27:57,Reddit,Drew Drenched Gossypium on 1 HP ,drew drenched gossypium 1 hp
Dormammu low hp bug,This had me so confused. 1 shot him on both stages. Normally i take around 2 minutes but this time he within 1 rotation(or 2 depending how you look at it).,14,1g8ys25,future_fight,https://i.redd.it/84tkoi8ux5wd1.jpeg,4,2024-10-21 19:43:34,Reddit,This had me so confused. 1 shot him on both stages. Normally i take around 2 minutes but this time he within 1 rotation(or 2 depending how you look at it).,confused 1 shot stage normally take around 2 minute time within 1 rotation 2 depending look
Please help me find this HP fic,"Please help me find this fic🙏🏻🥲

I’ve been looking for this fic for yearssss. It was on quotev and it was called ""Pinky Swear."" It’s about Sirius Black’s daughter, her name is Ellanora Black. It starts out with her living with her mother’s sister. It starts out very similar to Harry’s story, but Remus is the one that shows up to take her to Hogwarts, and she lives with him for the rest of the book. Her mother was a muggle, but she was murdered in the first war. She’s a Gryffindor, she’s apart of the golden trio, she’s friends with the Weasleys, and she’s Harry‘s love interest. That’s all I can remember, any help would be greatly appreciated🫶🏻🫶🏻",2,1g9rua0,Quotev,https://www.reddit.com/r/Quotev/comments/1g9rua0/please_help_me_find_this_hp_fic/,0,2024-10-22 20:13:07,Reddit,"Please help me find this fic🙏🏻🥲

I’ve been looking for this fic for yearssss. It was on quotev and it was called ""Pinky Swear."" It’s about Sirius Black’s daughter, her name is Ellanora Black. It starts out with her living with her mother’s sister. It starts out very similar to Harry’s story, but Remus is the one that shows up to take her to Hogwarts, and she lives with him for the rest of the book. Her mother was a muggle, but she was murdered in the first war. She’s a Gryffindor, she’s apart of the golden trio, she’s friends with the Weasleys, and she’s Harry‘s love interest. That’s all I can remember, any help would be greatly appreciated🫶🏻🫶🏻",please help find fic looking fic yearssss quotev called pinky swear sirius black daughter name ellanora black start living mother sister start similar harry story remus one show take hogwarts life rest book mother muggle murdered first war gryffindor apart golden trio friend weasleys harry love interest remember help would greatly appreciated
UPDATE: Found the third hp barchetta.,,350,1g8nc61,Pagani,https://www.reddit.com/gallery/1g8nc61,23,2024-10-21 11:24:57,Reddit,UPDATE: Found the third hp barchetta.,update found third hp barchetta
Rare polish HP-05,,17,1g8vbl3,RussoUkraineMilitaria,https://www.reddit.com/gallery/1g8vbl3,3,2024-10-21 17:24:23,Reddit,Rare polish HP-05,rare polish hp 05
[English > Japanese] How to pronounce “hp” in Japanese,"Silly question but I’m hoping to get some help here. I’m working in a music project and I’d like to use the Japanese pronunciation for saying the acronym “hp” in one of the songs. I googled how to say hp in Japanese but it gave me the word for horsepower, just looking for how you’d phonetically say that acronym in Japanese. Thank you in advance. ",3,1g9ynvz,translator,https://www.reddit.com/r/translator/comments/1g9ynvz/english_japanese_how_to_pronounce_hp_in_japanese/,5,2024-10-23 01:24:30,Reddit,"Silly question but I’m hoping to get some help here. I’m working in a music project and I’d like to use the Japanese pronunciation for saying the acronym “hp” in one of the songs. I googled how to say hp in Japanese but it gave me the word for horsepower, just looking for how you’d phonetically say that acronym in Japanese. Thank you in advance. ",silly question hoping get help working music project like use japanese pronunciation saying acronym hp one song googled say hp japanese gave word horsepower looking phonetically say acronym japanese thank advance
Hp 17 Laptop USB-C or Thunderbolt help?,Hey sorry if this is a dumb question I'm trying to figure out if this port is a standard Usb-C port or if it's possibly a usb4 or thunderbolt port. Want an Egpu but that's not gonna work if it isn't one of the latter.,3,1g9pp6i,HPLaptops,https://i.redd.it/trw1e8zfscwd1.jpeg,3,2024-10-22 18:45:47,Reddit,Hey sorry if this is a dumb question I'm trying to figure out if this port is a standard Usb-C port or if it's possibly a usb4 or thunderbolt port. Want an Egpu but that's not gonna work if it isn't one of the latter.,hey sorry dumb question trying figure port standard usb c port possibly usb4 thunderbolt port want egpu gonna work one latter
A HP Brasil me negar o suporte assim?,"Algumas teclas do teclado da HP que comprei pela Amazon pararam de funcionar. A HP Brasil está se recusando a me dar assistência com base no argumento de que o teclado é importado, então não foi produzido pela HP no Brasil e eu preciso contatar o importador.  
O problema: eu não sei quem é o importador pq não tenho mais a caixa.  
Pelo que andei pesquisando no código do consumidor, há uma questão sobre responsabilidade solidária, entre fabricante e importador, certo?  
Alguém me ajudaaaaa

Edit: na correria, faltou uma palavra ao título. ""A HP Brasil pode me negar o suporte assim?""",2,1g9r0l6,ConselhosLegais,https://www.reddit.com/r/ConselhosLegais/comments/1g9r0l6/a_hp_brasil_me_negar_o_suporte_assim/,10,2024-10-22 19:39:47,Reddit,"Algumas teclas do teclado da HP que comprei pela Amazon pararam de funcionar. A HP Brasil está se recusando a me dar assistência com base no argumento de que o teclado é importado, então não foi produzido pela HP no Brasil e eu preciso contatar o importador.  
O problema: eu não sei quem é o importador pq não tenho mais a caixa.  
Pelo que andei pesquisando no código do consumidor, há uma questão sobre responsabilidade solidária, entre fabricante e importador, certo?  
Alguém me ajudaaaaa

Edit: na correria, faltou uma palavra ao título. ""A HP Brasil pode me negar o suporte assim?""",algumas teclas teclado da hp que comprei pela amazon pararam de funcionar hp brasil está se recusando dar assistência com base argumento de que teclado é importado então não foi produzido pela hp brasil e eu preciso contatar importador problema eu não sei quem é importador pq não tenho mais caixa pelo que andei pesquisando código consumidor há uma questão sobre responsabilidade solidária entre fabricante e importador certo alguém ajudaaaaa edit na correria faltou uma palavra ao título hp brasil pode negar suporte assim
Top 8% koko but I’m not done until she’s reached comical amounts of HP,,25,1gad8ai,Kokomi_Mains,https://i.redd.it/rgz7da2cxiwd1.jpeg,3,2024-10-23 15:23:55,Reddit,Top 8% koko but I’m not done until she’s reached comical amounts of HP,top 8 koko done reached comical amount hp
"""Beyond your understanding""-Shuma Gorath cs Cthulhu (Marvel/HP Lovecraft) TN's",,7,1ga0qt0,DeathBattleMatchups,https://www.reddit.com/gallery/1ga0qt0,1,2024-10-23 03:13:22,Reddit,"""Beyond your understanding""-Shuma Gorath cs Cthulhu (Marvel/HP Lovecraft) TN's",beyond understanding shuma gorath c cthulhu marvel hp lovecraft tn
Hp printer vulnerability,"I want know what can I do when access to this page of printer ? In my university with a small network scanning I got it . Can I print fuzzing or else ?

https://preview.redd.it/b9mknc9e75wd1.png?width=873&format=png&auto=webp&s=509e5ec27c76fb302e83414e23cdfd3c57f6fd0c

",4,1g8v3nj,hackers,https://www.reddit.com/r/hackers/comments/1g8v3nj/hp_printer_vulnerability/,3,2024-10-21 17:15:37,Reddit,"I want know what can I do when access to this page of printer ? In my university with a small network scanning I got it . Can I print fuzzing or else ?

https://preview.redd.it/b9mknc9e75wd1.png?width=873&format=png&auto=webp&s=509e5ec27c76fb302e83414e23cdfd3c57f6fd0c

",want know access page printer university small network scanning got print fuzzing else
"[HP Store] HP OmniBook Ultra Flip Laptop: 14"" 3K OLED 120Hz Touch, Intel Ultra 7 256V, Intel Arc Graphics, 16GB LPDDR5 RAM, 1TB SSD, HP Pen. Now: $1,169.99 After Coupon Code ""10HPAIPC24""",,2,1g99n1t,LaptopDeals,https://www.dpbolvw.net/click-101136427-15850788?url=https%3A%2F%2Fwww.hp.com%2Fus-en%2Fshop%2Fpdp%2Fhp-omnibook-ultra-flip-2-in-1-laptop-next-gen-ai-pc-14t-fh000-14-9e3s0av-1,1,2024-10-22 04:14:04,Reddit,"[HP Store] HP OmniBook Ultra Flip Laptop: 14"" 3K OLED 120Hz Touch, Intel Ultra 7 256V, Intel Arc Graphics, 16GB LPDDR5 RAM, 1TB SSD, HP Pen. Now: $1,169.99 After Coupon Code ""10HPAIPC24""",hp store hp omnibook ultra flip laptop 14 3k oled 120hz touch intel ultra 7 256v intel arc graphic 16gb lpddr5 ram 1tb ssd hp pen 1 169 99 coupon code 10hpaipc24
Yo rate my build (dont mind low hp and sp),,2,1ga2vrr,blocktales,https://www.reddit.com/gallery/1ga2vrr,2,2024-10-23 05:20:10,Reddit,Yo rate my build (dont mind low hp and sp),yo rate build dont mind low hp sp
Switching out of HP OMEN MB - issues finding one that will support my CPU,"Evening all, hope its going well where you are.

I have started the process of upgrading out of my OMEN 25L that I got during COVID. I am tired of my RAM being bricked because of the proprietary MB and decided to just upgrade my system while I am at it.

The problem I am running into is that it seems that my specific Intel socket seems to be a bit difficult to find under $200 new in an ATX size. I was considering perhaps it might be cheaper to buy a slightly newer CPU/MB? But is it actually? What parts are considered safe to buy used? I read somewhere that a MB was not one you should but maybe its fine? I am a newbie at all this - I've only ever changed ram and GPUs.

Does anyone have any recommendations? I am feeling a bit overwhelmed and lost in the sauce. Can't narrow it down. Perhaps y'all have some good questions too to help me narrow things down that I haven't thought of. I do have a build working on pc part picker its just that there's \*so many\* and it feels like every time I pick a MB out for my i5 that it tells me the MB is used or out of stock.

Here are my current specs.  
CPU: i5-10400  
GPU: 4060  
RAM: 32g DDR4  
PSU: 750 watt  
New case size: Hyte y60, and I would like to do full ATX if possible.

Thanks for your time!",2,1gaqewa,buildapc,https://www.reddit.com/r/buildapc/comments/1gaqewa/switching_out_of_hp_omen_mb_issues_finding_one/,3,2024-10-24 00:56:09,Reddit,"Evening all, hope its going well where you are.

I have started the process of upgrading out of my OMEN 25L that I got during COVID. I am tired of my RAM being bricked because of the proprietary MB and decided to just upgrade my system while I am at it.

The problem I am running into is that it seems that my specific Intel socket seems to be a bit difficult to find under $200 new in an ATX size. I was considering perhaps it might be cheaper to buy a slightly newer CPU/MB? But is it actually? What parts are considered safe to buy used? I read somewhere that a MB was not one you should but maybe its fine? I am a newbie at all this - I've only ever changed ram and GPUs.

Does anyone have any recommendations? I am feeling a bit overwhelmed and lost in the sauce. Can't narrow it down. Perhaps y'all have some good questions too to help me narrow things down that I haven't thought of. I do have a build working on pc part picker its just that there's \*so many\* and it feels like every time I pick a MB out for my i5 that it tells me the MB is used or out of stock.

Here are my current specs.  
CPU: i5-10400  
GPU: 4060  
RAM: 32g DDR4  
PSU: 750 watt  
New case size: Hyte y60, and I would like to do full ATX if possible.

Thanks for your time!",evening hope going well started process upgrading omen 25l got covid tired ram bricked proprietary mb decided upgrade system problem running seems specific intel socket seems bit difficult find 200 new atx size considering perhaps might cheaper buy slightly newer cpu mb actually part considered safe buy used read somewhere mb one maybe fine newbie ever changed ram gpus anyone recommendation feeling bit overwhelmed lost sauce narrow perhaps good question help narrow thing thought build working pc part picker many feel like every time pick mb i5 tell mb used stock current spec cpu i5 10400 gpu 4060 ram 32g ddr4 psu 750 watt new case size hyte y60 would like full atx possible thanks time
People are getting angry because of a Fortnite NPC that lets you revive your teammates in exchange for your hp,,355,1ga8zy0,religiousfruitcake,https://i.redd.it/j3z9tok1zhwd1.jpeg,47,2024-10-23 12:11:42,Reddit,People are getting angry because of a Fortnite NPC that lets you revive your teammates in exchange for your hp,people getting angry fortnite npc let revive teammate exchange hp
The shit i do for 10 more hp...,,44,1g98zyi,slaythespire,https://i.redd.it/c0zmc04fa8wd1.jpeg,14,2024-10-22 03:37:39,Reddit,The shit i do for 10 more hp...,shit 10 hp
I finally played HP 2010 Remastered! ,"Hi guys, I'm gonna try NFS HP Remastered on Yuzu emulator in my phone. Is it worth it? Let me know. ",139,1g8n2oe,needforspeed,https://i.redd.it/y1xl1zkwd3wd1.jpeg,26,2024-10-21 11:08:16,Reddit,"Hi guys, I'm gonna try NFS HP Remastered on Yuzu emulator in my phone. Is it worth it? Let me know. ",hi guy gonna try nfs hp remastered yuzu emulator phone worth let know
Best Les Paul EVER... 2017 Les Paul Traditional HP,,4,1g9ql73,Guitar,https://i.redd.it/i5xru1rxycwd1.jpeg,11,2024-10-22 19:22:14,Reddit,Best Les Paul EVER... 2017 Les Paul Traditional HP,best le paul ever 2017 le paul traditional hp
Why can’t she get the flag even tho her hp is more than 70% is she stupid?,Lost many games for this annoying glitch ,49,1gaca8p,OPBR,https://i.redd.it/1fac4bi9qiwd1.jpeg,10,2024-10-23 14:44:17,Reddit,Lost many games for this annoying glitch ,lost many game annoying glitch
"HP Lovecraft and August Delete:"" The Survivor and Others"" Arkham House first edition 1957",,2,1gahhwx,bookporn,https://i.redd.it/eghsa98fsjwd1.jpeg,0,2024-10-23 18:18:12,Reddit,"HP Lovecraft and August Delete:"" The Survivor and Others"" Arkham House first edition 1957",hp lovecraft august delete survivor others arkham house first edition 1957
This guy took 6 Felling Axe hits (including headshots) and left with 80% HP. ,,363,1g9jsrb,DarkAndDarker,https://i.redd.it/y24l07zyjbwd1.png,102,2024-10-22 14:42:09,Reddit,This guy took 6 Felling Axe hits (including headshots) and left with 80% HP. ,guy took 6 felling axe hit including headshot left 80 hp
"[USA-PA] [H] Dualsense Edge, HP Dragonfly Pro Chromebook [W] Paypal, Local Cash","Selling some unused tech. Timestamps - https://imgur.com/a/K34646R (Analogue Pocket has been sold)

HP Dragonfly Pro - $600, works great and is in perfect condition. Ended up replacing it with a Macbook Air. As far as I'm aware there is only one configuration of this machine made - i5-1235U, 16GB Ram, 256gb SSD. (https://www.google.com/chromebook/discover/pdp-hp-dragonfly-pro-chromebook/sku-dragonfly-pro-chromebook-intelcore-i5-16gb-256gb/)

Dualsense Edge - $130, Comes with the case and all the accessories (sticks, paddles, 3rd party USB cable), one of my favorite controllers I've ever used, going to be replaced by the new anniversary one.",3,1gabkjp,hardwareswap,https://www.reddit.com/r/hardwareswap/comments/1gabkjp/usapa_h_dualsense_edge_hp_dragonfly_pro/,3,2024-10-23 14:13:37,Reddit,"Selling some unused tech. Timestamps - https://imgur.com/a/K34646R (Analogue Pocket has been sold)

HP Dragonfly Pro - $600, works great and is in perfect condition. Ended up replacing it with a Macbook Air. As far as I'm aware there is only one configuration of this machine made - i5-1235U, 16GB Ram, 256gb SSD. (https://www.google.com/chromebook/discover/pdp-hp-dragonfly-pro-chromebook/sku-dragonfly-pro-chromebook-intelcore-i5-16gb-256gb/)

Dualsense Edge - $130, Comes with the case and all the accessories (sticks, paddles, 3rd party USB cable), one of my favorite controllers I've ever used, going to be replaced by the new anniversary one.",selling unused tech timestamps analogue pocket sold hp dragonfly pro 600 work great perfect condition ended replacing macbook air far aware one configuration machine made i5 1235u 16gb ram 256gb ssd dualsense edge 130 come case accessory stick paddle 3rd party usb cable one favorite controller ever used going replaced new anniversary one
intense 1v1 vs darius - from 1 hp to kill,,19,1g9jfa6,AatroxMains,https://v.redd.it/zb0e8uerhbwd1,0,2024-10-22 14:26:10,Reddit,intense 1v1 vs darius - from 1 hp to kill,intense 1v1 v darius 1 hp kill
[USA-SC] [H] HP Omen gaming laptop [W] Paypal ,"Video Time Stamp: [https://imgur.com/a/bNilfrB](https://imgur.com/a/bNilfrB)  
  
Time stamp: [https://imgur.com/a/ph2p6OM](https://imgur.com/a/ph2p6OM)

Spec time stamp: https://imgur.com/a/YMbJzWk



Received from a neighbor a few weeks ago. Verified it's in working order. Small damage on corner of HP Omen (see picutres).

HP Omen:  
i7-10750H  
GeForce RTX 3060  
32GB Ram  
2TB SSD  
$525 shipped

Comment before sending me a PM. I will not respond to anyone who doesn't comment before messaging me.

\*currently installing windows 11",3,1g9nrtz,hardwareswap,https://www.reddit.com/r/hardwareswap/comments/1g9nrtz/usasc_h_hp_omen_gaming_laptop_w_paypal/,2,2024-10-22 17:26:46,Reddit,"Video Time Stamp: [https://imgur.com/a/bNilfrB](https://imgur.com/a/bNilfrB)  
  
Time stamp: [https://imgur.com/a/ph2p6OM](https://imgur.com/a/ph2p6OM)

Spec time stamp: https://imgur.com/a/YMbJzWk



Received from a neighbor a few weeks ago. Verified it's in working order. Small damage on corner of HP Omen (see picutres).

HP Omen:  
i7-10750H  
GeForce RTX 3060  
32GB Ram  
2TB SSD  
$525 shipped

Comment before sending me a PM. I will not respond to anyone who doesn't comment before messaging me.

\*currently installing windows 11",video time stamp time stamp spec time stamp received neighbor week ago verified working order small damage corner hp omen see picutres hp omen i7 10750h geforce rtx 3060 32gb ram 2tb ssd 525 shipped comment sending pm respond anyone comment messaging currently installing window 11
TESTED: Ranged weapons give more contested hp per dmg than melee ,"TLDR; my testing suggests that ranged weapons seem to generate TWICE as much contested hp per damage dealt compared to melee damage.

I came across a thread complaining about how little it felt like contested hp healed through melee attacks, but I haven't seen anyone actually test it yet to see exactly what the numbers look like for that.

Granted, the methodology is a bit primitive, but here's what I did:  
Load into inferno on lethal with my level 1 tactical, but with a relic maxed out pistol and relic maxed out chainsword. Record the whole ordeal. Go up and get hit a bunch and try to land a single attack with lots of contested health remaining. First with a pistol headshot, then repeat with a chainsword light attack.

Both were done against a whip tyranid majoris, was just the first mob that came up. I cross referenced the damage those single attacks would do, made sure that this was also against a whip nid.

The pistol headshot did \~8 damage against the whip nid (they have a ranged damage resistance of about 30%), and the chainsword light did about \~20 damage. 

I then brough up my crappy video editor, and zoomed the fuck in on my hp bar, and literally measured my screen before and after the contested hp healed for both instances.

The amount of the hp bar restored by the pistol headshot was about 2cm, and the chainsword was about 2.3cm. For scale, I made sure to measure how big the diamond icon on the left of the hp bard was to be able to reproduce later, my zoom resulted in the diamond icon being \~8.5cm across. 

So the pistol headshot did 8 damage, and moved the hp bar by \~2cm  
The chainsword hit did 20 damage and moved the hp bar by \~2.3cm

Despite doing 2.5x more damage, it only moved the hp bar 1.15x. This works out to the ranged damage healing \~0.25cm per point of damage, with the chainsword being 0.115cm per damage point, so less than half as much. 

Based on these numbers, it seems like a reasonable guess that my margin of error in measurement, or in the rounding errors of the end-mission damage counter, was such that this was probably an even 2x difference. Either that, or my measurements are reasonably accurate and it really is more like 2.2x higher for the ranged. 

I also went in and tested with my maxed out relic marksman carbine, which did 37 damage, and healed 8.5cm of the hp bar at the same zoom scale, which is about perfectly in line with the amount per dmg healed by the pistol (would be about \~0.23cm per dmg point, so again within a margin of error).

Conclusion, the feeling isn't off, contested health seems to heal scaled relative to damage dealt, but melee damage for some reason heals DRASTICALLY less than ranged damage.",9,1g9tlui,Spacemarine,https://www.reddit.com/r/Spacemarine/comments/1g9tlui/tested_ranged_weapons_give_more_contested_hp_per/,11,2024-10-22 21:27:40,Reddit,"TLDR; my testing suggests that ranged weapons seem to generate TWICE as much contested hp per damage dealt compared to melee damage.

I came across a thread complaining about how little it felt like contested hp healed through melee attacks, but I haven't seen anyone actually test it yet to see exactly what the numbers look like for that.

Granted, the methodology is a bit primitive, but here's what I did:  
Load into inferno on lethal with my level 1 tactical, but with a relic maxed out pistol and relic maxed out chainsword. Record the whole ordeal. Go up and get hit a bunch and try to land a single attack with lots of contested health remaining. First with a pistol headshot, then repeat with a chainsword light attack.

Both were done against a whip tyranid majoris, was just the first mob that came up. I cross referenced the damage those single attacks would do, made sure that this was also against a whip nid.

The pistol headshot did \~8 damage against the whip nid (they have a ranged damage resistance of about 30%), and the chainsword light did about \~20 damage. 

I then brough up my crappy video editor, and zoomed the fuck in on my hp bar, and literally measured my screen before and after the contested hp healed for both instances.

The amount of the hp bar restored by the pistol headshot was about 2cm, and the chainsword was about 2.3cm. For scale, I made sure to measure how big the diamond icon on the left of the hp bard was to be able to reproduce later, my zoom resulted in the diamond icon being \~8.5cm across. 

So the pistol headshot did 8 damage, and moved the hp bar by \~2cm  
The chainsword hit did 20 damage and moved the hp bar by \~2.3cm

Despite doing 2.5x more damage, it only moved the hp bar 1.15x. This works out to the ranged damage healing \~0.25cm per point of damage, with the chainsword being 0.115cm per damage point, so less than half as much. 

Based on these numbers, it seems like a reasonable guess that my margin of error in measurement, or in the rounding errors of the end-mission damage counter, was such that this was probably an even 2x difference. Either that, or my measurements are reasonably accurate and it really is more like 2.2x higher for the ranged. 

I also went in and tested with my maxed out relic marksman carbine, which did 37 damage, and healed 8.5cm of the hp bar at the same zoom scale, which is about perfectly in line with the amount per dmg healed by the pistol (would be about \~0.23cm per dmg point, so again within a margin of error).

Conclusion, the feeling isn't off, contested health seems to heal scaled relative to damage dealt, but melee damage for some reason heals DRASTICALLY less than ranged damage.",tldr testing suggests ranged weapon seem generate twice much contested hp per damage dealt compared melee damage came across thread complaining little felt like contested hp healed melee attack seen anyone actually test yet see exactly number look like granted methodology bit primitive load inferno lethal level 1 tactical relic maxed pistol relic maxed chainsword record whole ordeal go get hit bunch try land single attack lot contested health remaining first pistol headshot repeat chainsword light attack done whip tyranid majoris first mob came cross referenced damage single attack would made sure also whip nid pistol headshot 8 damage whip nid ranged damage resistance 30 chainsword light 20 damage brough crappy video editor zoomed fuck hp bar literally measured screen contested hp healed instance amount hp bar restored pistol headshot 2cm chainsword 2 3cm scale made sure measure big diamond icon left hp bard able reproduce later zoom resulted diamond icon 8 5cm across pistol headshot 8 damage moved hp bar 2cm chainsword hit 20 damage moved hp bar 2 3cm despite 2 5x damage moved hp bar 1 15x work ranged damage healing 0 25cm per point damage chainsword 0 115cm per damage point less half much based number seems like reasonable guess margin error measurement rounding error end mission damage counter probably even 2x difference either measurement reasonably accurate really like 2 2x higher ranged also went tested maxed relic marksman carbine 37 damage healed 8 5cm hp bar zoom scale perfectly line amount per dmg healed pistol would 0 23cm per dmg point within margin error conclusion feeling contested health seems heal scaled relative damage dealt melee damage reason heals drastically less ranged damage
I'm working on an HP Lovecrafty story that's called ,"That's about a special military owned agent called Elijah D Wanless who is only objective is to eliminate entities that go beyond the rules of reality, but in this story, he gets a special objective to catch an entity called Leviathan instead of eliminating it but things go wrong. And no it's not A leviathan that's her name ""Leviathan""",2,1g9s5iu,hplovecraft,https://i.redd.it/sohw3gccadwd1.jpeg,0,2024-10-22 20:26:07,Reddit,"That's about a special military owned agent called Elijah D Wanless who is only objective is to eliminate entities that go beyond the rules of reality, but in this story, he gets a special objective to catch an entity called Leviathan instead of eliminating it but things go wrong. And no it's not A leviathan that's her name ""Leviathan""",special military owned agent called elijah wanless objective eliminate entity go beyond rule reality story get special objective catch entity called leviathan instead eliminating thing go wrong leviathan name leviathan
Combat Extender - enemy HP buff per Act?,"Trying to give enemies more and more HP as the game proceeds.

I've got the flat multiplication to work with

    ""Health"": {
        ""Allies"": {},
        ""Bosses"": {
          ""HealthMultiplier"": 10
        },
        ""Enemies"": {
          ""HealthMultiplier"": 10
        }
      }

But neither of the following works:

    ""Health"": {
      ""Act"": {
        ""1"": {
          ""Allies"": {},
          ""Bosses"": {
            ""HealthMultiplier"": 10
          },
          ""Enemies"": {
            ""HealthMultiplier"": 10
          } 
        }
      }
    }

or

    ""Health"": {
      ""Allies"": {},
      ""Bosses"": {
        ""HealthMultiplier"": 10
      },
      ""Enemies"": {
        ""Act"": {
          ""1"": {
            ""HealthMultiplier"": 10
          }
        }
      }
    }

Is it simply that the mod doesn't provide stat modification per act?",2,1g9lm1c,BaldursGate3,https://www.reddit.com/r/BaldursGate3/comments/1g9lm1c/combat_extender_enemy_hp_buff_per_act/,0,2024-10-22 15:58:24,Reddit,"Trying to give enemies more and more HP as the game proceeds.

I've got the flat multiplication to work with

    ""Health"": {
        ""Allies"": {},
        ""Bosses"": {
          ""HealthMultiplier"": 10
        },
        ""Enemies"": {
          ""HealthMultiplier"": 10
        }
      }

But neither of the following works:

    ""Health"": {
      ""Act"": {
        ""1"": {
          ""Allies"": {},
          ""Bosses"": {
            ""HealthMultiplier"": 10
          },
          ""Enemies"": {
            ""HealthMultiplier"": 10
          } 
        }
      }
    }

or

    ""Health"": {
      ""Allies"": {},
      ""Bosses"": {
        ""HealthMultiplier"": 10
      },
      ""Enemies"": {
        ""Act"": {
          ""1"": {
            ""HealthMultiplier"": 10
          }
        }
      }
    }

Is it simply that the mod doesn't provide stat modification per act?",trying give enemy hp game proceeds got flat multiplication work health ally boss healthmultiplier 10 enemy healthmultiplier 10 neither following work health act 1 ally boss healthmultiplier 10 enemy healthmultiplier 10 health ally boss healthmultiplier 10 enemy act 1 healthmultiplier 10 simply mod provide stat modification per act
1 hp.,,23,1g876th,DoodleWorldRBLX,https://www.reddit.com/gallery/1g876th,3,2024-10-20 19:43:30,Reddit,1 hp.,1 hp
[hp homen 16 2023] I keep get random fps drops to 60 at league of legends,"I recently bought an HP Omen 16 2023, my first gaming PC. It's been wonderful, high quality materials, beautiful, good performance, good software, etc. However, occasionally playing LoL (tft actually, a very light game, which I played on my old notebooks much less powerful than the omen), the fps is fixed at 60 out of nowhere. Not that 60 fps is bad, but it's very strange, because it's completely out of the blue and I know it's a PC capable of running much heavier things. 



Before you say, yes, it is charging and yes, I change the performance settings to maximum and with the fan turned on at maximum (which I wouldn't even need, since I normally put them in economy mode and the game runs at 600 fps), but sometimes it just freezes at 60 out of nowhere. Then it goes back to normal when I restart the computer. 



What could be happening? What do I do to stop it from staying stuck at 60 fps out of nowhere?",2,1gam457,HPOmen,https://www.reddit.com/r/HPOmen/comments/1gam457/hp_homen_16_2023_i_keep_get_random_fps_drops_to/,1,2024-10-23 21:36:51,Reddit,"I recently bought an HP Omen 16 2023, my first gaming PC. It's been wonderful, high quality materials, beautiful, good performance, good software, etc. However, occasionally playing LoL (tft actually, a very light game, which I played on my old notebooks much less powerful than the omen), the fps is fixed at 60 out of nowhere. Not that 60 fps is bad, but it's very strange, because it's completely out of the blue and I know it's a PC capable of running much heavier things. 



Before you say, yes, it is charging and yes, I change the performance settings to maximum and with the fan turned on at maximum (which I wouldn't even need, since I normally put them in economy mode and the game runs at 600 fps), but sometimes it just freezes at 60 out of nowhere. Then it goes back to normal when I restart the computer. 



What could be happening? What do I do to stop it from staying stuck at 60 fps out of nowhere?",recently bought hp omen 16 2023 first gaming pc wonderful high quality material beautiful good performance good software etc however occasionally playing lol tft actually light game played old notebook much less powerful omen fps fixed 60 nowhere 60 fps bad strange completely blue know pc capable running much heavier thing say yes charging yes change performance setting maximum fan turned maximum even need since normally put economy mode game run 600 fps sometimes freeze 60 nowhere go back normal restart computer could happening stop staying stuck 60 fps nowhere
Re-arm an HP PC,"I have a computer which is already old and I am thinking of reassembling it but with more current components, it is an hp Compaq pro 6300 SFF, what can you give me for the motherboard, I want it to be amd am5",2,1g96ahg,pcmasterrace,https://i.redd.it/xp38i1yal7wd1.png,8,2024-10-22 01:16:52,Reddit,"I have a computer which is already old and I am thinking of reassembling it but with more current components, it is an hp Compaq pro 6300 SFF, what can you give me for the motherboard, I want it to be amd am5",computer already old thinking reassembling current component hp compaq pro 6300 sff give motherboard want amd am5
HP Fought to Keep Random Cardboard boxes ,"HP has a rental apartment which he is trying to sublet.  It's been empty for 5 years ( pandemic lockdown and more importantly he turned it into a hoarding extension).  So, finally he has decided to rent it out.  

But the place is filled with trash, including empty cardboard boxes from delivery.  He wants to keep these boxes in case they are ever useful for storing items.  

Some of these cardboard boxes came from the produce section of grocery stores which he picked up after asking the staff.  Even the realtor he hired has told HP that his hoard is out of control and he cannot realistically expect potential tenants to walk into clutter.  Of course, HP cannot listen to reason and says the realtor and I are ganging up on him unfairly.  ",57,1g8ua97,ChildofHoarder,https://www.reddit.com/r/ChildofHoarder/comments/1g8ua97/hp_fought_to_keep_random_cardboard_boxes/,10,2024-10-21 16:42:51,Reddit,"HP has a rental apartment which he is trying to sublet.  It's been empty for 5 years ( pandemic lockdown and more importantly he turned it into a hoarding extension).  So, finally he has decided to rent it out.  

But the place is filled with trash, including empty cardboard boxes from delivery.  He wants to keep these boxes in case they are ever useful for storing items.  

Some of these cardboard boxes came from the produce section of grocery stores which he picked up after asking the staff.  Even the realtor he hired has told HP that his hoard is out of control and he cannot realistically expect potential tenants to walk into clutter.  Of course, HP cannot listen to reason and says the realtor and I are ganging up on him unfairly.  ",hp rental apartment trying sublet empty 5 year pandemic lockdown importantly turned hoarding extension finally decided rent place filled trash including empty cardboard box delivery want keep box case ever useful storing item cardboard box came produce section grocery store picked asking staff even realtor hired told hp hoard control cannot realistically expect potential tenant walk clutter course hp cannot listen reason say realtor ganging unfairly
Motor VAG 2.0 tsi 280/272 hp - pareri,"Salut, ce stiti despre motorul asta? Eu caut pe mobile VW Arteon sau Skoda Superb cu acest motor din 2021-2022 pentru a face o achizitie in curand. Aveti? Ati intampinat probleme sau auzit de probleme pe motorul asta, in special la cele doua masini mentionate(stiu ca variatii mai sunt si pe alte modele VAG, dar acestea 2 ma intereseaza in mod special)? Multumesc.",4,1g9luvw,AutomobileRO,https://www.reddit.com/r/AutomobileRO/comments/1g9luvw/motor_vag_20_tsi_280272_hp_pareri/,23,2024-10-22 16:08:24,Reddit,"Salut, ce stiti despre motorul asta? Eu caut pe mobile VW Arteon sau Skoda Superb cu acest motor din 2021-2022 pentru a face o achizitie in curand. Aveti? Ati intampinat probleme sau auzit de probleme pe motorul asta, in special la cele doua masini mentionate(stiu ca variatii mai sunt si pe alte modele VAG, dar acestea 2 ma intereseaza in mod special)? Multumesc.",salut ce stiti despre motorul asta eu caut pe mobile vw arteon sau skoda superb cu acest motor din 2021 2022 pentru face achizitie curand aveti ati intampinat probleme sau auzit de probleme pe motorul asta special la cele doua masini mentionate stiu ca variatii mai sunt si pe alte modele vag dar acestea 2 intereseaza mod special multumesc
Could we please add Nu Wa minions hp scaling in the description of the ability in Smite 2?,Was wondering if possible to add all the information about scaling and item choices when considering building around these minions for a nu wa tank build. Would love to have all the information that is concerning scaling. ,20,1ga99qc,Smite,https://www.reddit.com/r/Smite/comments/1ga99qc/could_we_please_add_nu_wa_minions_hp_scaling_in/,2,2024-10-23 12:26:06,Reddit,Was wondering if possible to add all the information about scaling and item choices when considering building around these minions for a nu wa tank build. Would love to have all the information that is concerning scaling. ,wondering possible add information scaling item choice considering building around minion nu wa tank build would love information concerning scaling
HP Image Assistant - Need Guidance,"We are using Datto RMM, but unfortunately, there's no component available for HP updates. Can we use the HP Image Assistant script to handle this? I haven't used the tool before, so I'd appreciate guidance from anyone with experience. Thank you.",2,1g98w9d,sysadmin,https://www.reddit.com/r/sysadmin/comments/1g98w9d/hp_image_assistant_need_guidance/,11,2024-10-22 03:31:55,Reddit,"We are using Datto RMM, but unfortunately, there's no component available for HP updates. Can we use the HP Image Assistant script to handle this? I haven't used the tool before, so I'd appreciate guidance from anyone with experience. Thank you.",using datto rmm unfortunately component available hp update use hp image assistant script handle used tool appreciate guidance anyone experience thank
HP is optional,,112,1g7xxhc,GBO2,https://v.redd.it/vk8hwqutqwvd1,34,2024-10-20 12:48:37,Reddit,HP is optional,hp optional
New deal on 8ah HP ,"https://www.homedepot.com/p/RYOBI-ONE-18V-8-0-Ah-Lithium-Ion-HIGH-PERFORMANCE-Battery-2-Pack-PBP2008/325313171

$100 a piece plus tax not bad 
",10,1g8of4a,ryobi,https://www.reddit.com/r/ryobi/comments/1g8of4a/new_deal_on_8ah_hp/,28,2024-10-21 12:25:44,Reddit,"https://www.homedepot.com/p/RYOBI-ONE-18V-8-0-Ah-Lithium-Ion-HIGH-PERFORMANCE-Battery-2-Pack-PBP2008/325313171

$100 a piece plus tax not bad 
",100 piece plus tax bad
1000 hp 720s 😍,i have the startup + revs if anyone wants to hear,401,1g7wagr,mclaren,https://www.reddit.com/gallery/1g7wagr,21,2024-10-20 11:09:20,Reddit,i have the startup + revs if anyone wants to hear,startup rev anyone want hear
Basic Attack Max HP Hunter,,5,1g8s06y,DawncasterRPG,https://www.reddit.com/gallery/1g8s06y,7,2024-10-21 15:10:45,Reddit,Basic Attack Max HP Hunter,basic attack max hp hunter
"HP printers are, as always, designed simply to sell you expensive ink","I was wondering if there was a sub dedicated to HP printers. This one is what came up. LOL and SO true.

I shouldn't have been surprised, from the days of HP giving away free printers with the purchase of a desktop/laptop yet I thought those days were behind us. I figured shelling out nearly $400 for an OfficeJet would leave me free of that shyster move on HP's part. But I was wrong. The purpose of even their higher end printers is still to sell ink.

Just spent about 8 hours (over two days) trying to figure out what the hell was going on with not being able to use non-HP printer cartridges on my new OfficeJet 9015e (and the ""e"" turned out to be significant).

Stay away from HP printers.

And if you end up with a new HP printer do NOT activate the ""HP+"" feature or else you are basically screwed for the life of that printer. At that point the printer is forever marked (internal to printer) as being ""HP+"" and will NOT allow the use of any non-HP cartridge.  I've given up finding a way around it. 

AND F' all the online reviewers who failed to mention this HUGE HP scam when they recommended HP printers. They should have at least warned the consumers about the ""HP+"" scam.",5,1g9v74w,fuckHPprinters,https://www.reddit.com/r/fuckHPprinters/comments/1g9v74w/hp_printers_are_as_always_designed_simply_to_sell/,1,2024-10-22 22:37:53,Reddit,"I was wondering if there was a sub dedicated to HP printers. This one is what came up. LOL and SO true.

I shouldn't have been surprised, from the days of HP giving away free printers with the purchase of a desktop/laptop yet I thought those days were behind us. I figured shelling out nearly $400 for an OfficeJet would leave me free of that shyster move on HP's part. But I was wrong. The purpose of even their higher end printers is still to sell ink.

Just spent about 8 hours (over two days) trying to figure out what the hell was going on with not being able to use non-HP printer cartridges on my new OfficeJet 9015e (and the ""e"" turned out to be significant).

Stay away from HP printers.

And if you end up with a new HP printer do NOT activate the ""HP+"" feature or else you are basically screwed for the life of that printer. At that point the printer is forever marked (internal to printer) as being ""HP+"" and will NOT allow the use of any non-HP cartridge.  I've given up finding a way around it. 

AND F' all the online reviewers who failed to mention this HUGE HP scam when they recommended HP printers. They should have at least warned the consumers about the ""HP+"" scam.",wondering sub dedicated hp printer one came lol true surprised day hp giving away free printer purchase desktop laptop yet thought day behind u figured shelling nearly 400 officejet would leave free shyster move hp part wrong purpose even higher end printer still sell ink spent 8 hour two day trying figure hell going able use non hp printer cartridge new officejet 9015e e turned significant stay away hp printer end new hp printer activate hp feature else basically screwed life printer point printer forever marked internal printer hp allow use non hp cartridge given finding way around f online reviewer failed mention huge hp scam recommended hp printer least warned consumer hp scam
Carregador HP a pifar,"Boa tarde a todos, tenho um HP cujo carregador está a falhar. Basicamente deixa aleatoriamente de carregar mas se mexer ou tirar e voltar a inserir o cabo de 3 pinos, volta à vida. Já testei noutra tomada e acontece o mesmo. Estive a pesquisar e os preços de um novo com estas características original passa os 100€. Pergunto: Se encontrar de outra marca (Asus, etc) com os mesmos 150W, 19,5V e 7,7A e que tenha uma entrada destas (isto é universal? E já agora como se chama?), vai funcionar ou digo já mesmo adeus a cento e tal paus?",3,1g8nuxb,TecnologiaPT,https://i.redd.it/p4bj53dcm3wd1.jpeg,10,2024-10-21 11:55:34,Reddit,"Boa tarde a todos, tenho um HP cujo carregador está a falhar. Basicamente deixa aleatoriamente de carregar mas se mexer ou tirar e voltar a inserir o cabo de 3 pinos, volta à vida. Já testei noutra tomada e acontece o mesmo. Estive a pesquisar e os preços de um novo com estas características original passa os 100€. Pergunto: Se encontrar de outra marca (Asus, etc) com os mesmos 150W, 19,5V e 7,7A e que tenha uma entrada destas (isto é universal? E já agora como se chama?), vai funcionar ou digo já mesmo adeus a cento e tal paus?",boa tarde todos tenho um hp cujo carregador está falhar basicamente deixa aleatoriamente de carregar ma se mexer ou tirar e voltar inserir cabo de 3 pinos volta à vida já testei noutra tomada e acontece mesmo estive pesquisar e o preços de um novo com estas características original passa o 100 pergunto se encontrar de outra marca asus etc com o mesmos 150w 19 5v e 7 7a e que tenha uma entrada destas isto é universal e já agora como se chama vai funcionar ou digo já mesmo adeus cento e tal paus
HP MX70 Monitor,"Looks great 
VGA input ",43,1g80cld,crtgaming,https://i.redd.it/p09al7t0cxvd1.jpeg,6,2024-10-20 14:47:01,Reddit,"Looks great 
VGA input ",look great vga input
"Sebutin 1 Device yang bikin kamu ngerasa ""kok (brand) rilis ni (device: terserah mau laptop, hp, PC dan lainnya) ya?""","Kalo untuk dunia perhapean sih 
Oppo Reno 7 series, Samsung A9 (2018), Oppo A54",3,1gapxvb,indotech,https://www.reddit.com/r/indotech/comments/1gapxvb/sebutin_1_device_yang_bikin_kamu_ngerasa_kok/,19,2024-10-24 00:32:42,Reddit,"Kalo untuk dunia perhapean sih 
Oppo Reno 7 series, Samsung A9 (2018), Oppo A54",kalo untuk dunia perhapean sih oppo reno 7 series samsung a9 2018 oppo a54
Why do people extinguish every brazier when the shrowd has 1/4 hp left?,"I swear you get more rewards if there are more of them lit at the end, right? Or is that not actually a thing and the game is lying to me? It's not even the bloodshot shrowd so I don't understand why people go around and extinguish them when there's only 3/8 lit at 1/4 hp.

  
Just want some insight maybe as to why people do this. Is the reward increase not as good as I'm thinking it is?",10,1g9tm6y,dauntless,https://www.reddit.com/r/dauntless/comments/1g9tm6y/why_do_people_extinguish_every_brazier_when_the/,11,2024-10-22 21:28:05,Reddit,"I swear you get more rewards if there are more of them lit at the end, right? Or is that not actually a thing and the game is lying to me? It's not even the bloodshot shrowd so I don't understand why people go around and extinguish them when there's only 3/8 lit at 1/4 hp.

  
Just want some insight maybe as to why people do this. Is the reward increase not as good as I'm thinking it is?",swear get reward lit end right actually thing game lying even bloodshot shrowd understand people go around extinguish 3 8 lit 1 4 hp want insight maybe people reward increase good thinking
Found a stray one in the Autobahn! Its HP lookin fancy,,11,1g9e5np,OrnaRPG,https://i.redd.it/61g96g0g2awd1.jpeg,4,2024-10-22 09:36:30,Reddit,Found a stray one in the Autobahn! Its HP lookin fancy,found stray one autobahn hp lookin fancy
HP Partnership Agreement Violation,"Hey Guys,

My company has been an HP Authorized partner for close to 4 years now. Within the last few months, we recently went through a compliance audit with HP. After completing the audit in April, there was radio silence. Fast forward to last week, HP reached out again asking to schedule a meeting to conclude the audit. In the meeting, HP made clear that they believe we violated our partner agreement by selling to other HP resellers.

We weren’t aware customers we were selling to also held HP Partnership agreements, as it’s not common practice to request from our clients the status of their relationship with HP.

Our company was not taking advantage of end user based rebates, NBO’s, or big deals.

Has anyone been through something like this? Do we need to hire legal council to represent us in the next meeting? Is this a major issue and are we subject to penalties/fines because of this?

If anyone has any advice, or has been through something similar, please let me know!",28,1g89d9s,msp,https://www.reddit.com/r/msp/comments/1g89d9s/hp_partnership_agreement_violation/,46,2024-10-20 21:18:56,Reddit,"Hey Guys,

My company has been an HP Authorized partner for close to 4 years now. Within the last few months, we recently went through a compliance audit with HP. After completing the audit in April, there was radio silence. Fast forward to last week, HP reached out again asking to schedule a meeting to conclude the audit. In the meeting, HP made clear that they believe we violated our partner agreement by selling to other HP resellers.

We weren’t aware customers we were selling to also held HP Partnership agreements, as it’s not common practice to request from our clients the status of their relationship with HP.

Our company was not taking advantage of end user based rebates, NBO’s, or big deals.

Has anyone been through something like this? Do we need to hire legal council to represent us in the next meeting? Is this a major issue and are we subject to penalties/fines because of this?

If anyone has any advice, or has been through something similar, please let me know!",hey guy company hp authorized partner close 4 year within last month recently went compliance audit hp completing audit april radio silence fast forward last week hp reached asking schedule meeting conclude audit meeting hp made clear believe violated partner agreement selling hp resellers aware customer selling also held hp partnership agreement common practice request client status relationship hp company taking advantage end user based rebate nbo big deal anyone something like need hire legal council represent u next meeting major issue subject penalty fine anyone advice something similar please let know
The car is running 500 hp and honestly I’m surprised,,127,1g8z5uk,Mustang,https://i.redd.it/744jeq6k06wd1.jpeg,100,2024-10-21 19:58:52,Reddit,The car is running 500 hp and honestly I’m surprised,car running 500 hp honestly surprised
Esmeralda's shield to hp convertion rate????,"Bruh not even gpt after several minutes of scouring could find the answer 💀 

Do any of y'all got info on this comvertion rate?(In terms of shield% turned into HP per second)

Why is this still not specified after all these years?",6,1g8rkun,MobileLegendsGame,https://i.redd.it/hdf3vfw0i4wd1.png,2,2024-10-21 14:53:08,Reddit,"Bruh not even gpt after several minutes of scouring could find the answer 💀 

Do any of y'all got info on this comvertion rate?(In terms of shield% turned into HP per second)

Why is this still not specified after all these years?",bruh even gpt several minute scouring could find answer got info comvertion rate term shield turned hp per second still specified year
Any ideas on how to create a static overlay for displaying PC avatars with their current HP and initiative?,"[system agnostic]

I use Foundry for in-person gaming, so i'd like to create a bar along a side of the TV that displays each PC's current HP and their initiative for the current encounter -- without having to edit an image and re-upload as a foreground every time one of them gets hit.

anyone know of a module that would enable this? 

Edit: monk’s token bar achieves a lot of this, I’ll play with it this evening. Anyone know if there’s a way to implement a shading system or maybe upload 5 different images for each character? Would be to represent healthy/hurt/wounded/injured/near death  (wishlist feature) 

2nd edit: Party HUD seems to scratch the itch, thanks guys ",3,1gaior9,FoundryVTT,https://www.reddit.com/r/FoundryVTT/comments/1gaior9/any_ideas_on_how_to_create_a_static_overlay_for/,12,2024-10-23 19:12:53,Reddit,"[system agnostic]

I use Foundry for in-person gaming, so i'd like to create a bar along a side of the TV that displays each PC's current HP and their initiative for the current encounter -- without having to edit an image and re-upload as a foreground every time one of them gets hit.

anyone know of a module that would enable this? 

Edit: monk’s token bar achieves a lot of this, I’ll play with it this evening. Anyone know if there’s a way to implement a shading system or maybe upload 5 different images for each character? Would be to represent healthy/hurt/wounded/injured/near death  (wishlist feature) 

2nd edit: Party HUD seems to scratch the itch, thanks guys ",system agnostic use foundry person gaming like create bar along side tv display pc current hp initiative current encounter without edit image upload foreground every time one get hit anyone know module would enable edit monk token bar achieves lot play evening anyone know way implement shading system maybe upload 5 different image character would represent healthy hurt wounded injured near death wishlist feature 2nd edit party hud seems scratch itch thanks guy
LF HP openly questions the odds of him in triwiz,"I only really recall this one scene in the fic: Harry, on hearing about the Triwizard tournament on Sept 1, openly questions loudly in the great hall the odds of him being entered against his will, pointing out previews halloween issues. People from all four houses rally, setting a schedule so Harry is never left alone from the moment the cup is displayed until the drawing takes place, so it can be proven that Harry never entered. ",18,1g96gjw,HPfanfiction,https://www.reddit.com/r/HPfanfiction/comments/1g96gjw/lf_hp_openly_questions_the_odds_of_him_in_triwiz/,3,2024-10-22 01:25:32,Reddit,"I only really recall this one scene in the fic: Harry, on hearing about the Triwizard tournament on Sept 1, openly questions loudly in the great hall the odds of him being entered against his will, pointing out previews halloween issues. People from all four houses rally, setting a schedule so Harry is never left alone from the moment the cup is displayed until the drawing takes place, so it can be proven that Harry never entered. ",really recall one scene fic harry hearing triwizard tournament sept 1 openly question loudly great hall odds entered pointing preview halloween issue people four house rally setting schedule harry never left alone moment cup displayed drawing take place proven harry never entered
"[USA-KY] [H] HP Victus 15 Gaming Laptop, Chuwi Corebook X, Surface Pro 3 [W] PayPal, Local Cash","Hello, Everyone!

I am thinning out my stable of computers, and I am looking to sell these three.

~~\[$400 Shipped\] First is an HP Victus 15-fb2063dx with a Ryzen 5-7535HS, 32 GB DDR5, 512 GB NVMe SSD, Radeon RX 6550m 4 GB, and a 15.6"" 1080p display. I bought it new from Best Buy on July 5th, 2024, and it is under factory warranty and is in perfect condition. It will come with it's OEM charger and box.~~

Sold to u/Traditional-Aside887

\[$160 Shipped\] Next is a Chuwi Corebook X with a 14"" 3:2 display that is absolutely beautiful, along with an Intel Core i3-10110u, 8 GB RAM, and a 512 GB NVMe SSD. This is also in perfect condition and comes with it's OEM charger and box.

~~\[$60 Shipped\] Lastly is a Microsoft Surface Pro 3 with a Core i5 4th gen, 4 GB RAM, and 128 GB SSD. Its in good condition for it's age, with some scratches on the casing, but the display is clean and clear. The machine runs a little warm, but I have not had the time to replace the thermal paste on it. Otherwise, it is fully functional with Windows 10 Pro installed. It comes with a charger and the Surface type cover.~~

Sold to u/Thugnificent01

[Timestamps](https://imgur.com/a/hSSsvu4)",4,1gafy90,hardwareswap,https://www.reddit.com/r/hardwareswap/comments/1gafy90/usaky_h_hp_victus_15_gaming_laptop_chuwi_corebook/,6,2024-10-23 17:14:50,Reddit,"Hello, Everyone!

I am thinning out my stable of computers, and I am looking to sell these three.

~~\[$400 Shipped\] First is an HP Victus 15-fb2063dx with a Ryzen 5-7535HS, 32 GB DDR5, 512 GB NVMe SSD, Radeon RX 6550m 4 GB, and a 15.6"" 1080p display. I bought it new from Best Buy on July 5th, 2024, and it is under factory warranty and is in perfect condition. It will come with it's OEM charger and box.~~

Sold to u/Traditional-Aside887

\[$160 Shipped\] Next is a Chuwi Corebook X with a 14"" 3:2 display that is absolutely beautiful, along with an Intel Core i3-10110u, 8 GB RAM, and a 512 GB NVMe SSD. This is also in perfect condition and comes with it's OEM charger and box.

~~\[$60 Shipped\] Lastly is a Microsoft Surface Pro 3 with a Core i5 4th gen, 4 GB RAM, and 128 GB SSD. Its in good condition for it's age, with some scratches on the casing, but the display is clean and clear. The machine runs a little warm, but I have not had the time to replace the thermal paste on it. Otherwise, it is fully functional with Windows 10 Pro installed. It comes with a charger and the Surface type cover.~~

Sold to u/Thugnificent01

[Timestamps](https://imgur.com/a/hSSsvu4)",hello everyone thinning stable computer looking sell three 400 shipped first hp victus 15 fb2063dx ryzen 5 7535hs 32 gb ddr5 512 gb nvme ssd radeon rx 6550m 4 gb 15 6 1080p display bought new best buy july 5th 2024 factory warranty perfect condition come oem charger box sold u traditional aside887 160 shipped next chuwi corebook x 14 3 2 display absolutely beautiful along intel core i3 10110u 8 gb ram 512 gb nvme ssd also perfect condition come oem charger box 60 shipped lastly microsoft surface pro 3 core i5 4th gen 4 gb ram 128 gb ssd good condition age scratch casing display clean clear machine run little warm time replace thermal paste otherwise fully functional window 10 pro installed come charger surface type cover sold u thugnificent01 timestamps
does this mean i cant change keyboard lightning on my hp victus?,,4,1g9nsop,HPVictus,https://i.redd.it/h9zaqxffecwd1.png,9,2024-10-22 17:27:40,Reddit,does this mean i cant change keyboard lightning on my hp victus?,mean cant change keyboard lightning hp victus
This is Ambessa💪🏾3000 HP❤️180 Armor🤷‍♂️150 MR💦Unstoppable✋A Shield🛡️Goes over walls🧗‍♀️Has Airborne🌪️Cooldown is only ✌️2 seconds too🕐It costs 15 energy⚡️,,2587,1g9lp84,LeagueOfMemes,https://i.redd.it/vjo7p358zbwd1.jpeg,42,2024-10-22 16:02:00,Reddit,This is Ambessa💪🏾3000 HP❤️180 Armor🤷‍♂️150 MR💦Unstoppable✋A Shield🛡️Goes over walls🧗‍♀️Has Airborne🌪️Cooldown is only ✌️2 seconds too🕐It costs 15 energy⚡️,ambessa 3000 hp 180 armor 150 mr unstoppable shield go wall airborne cooldown 2 second cost 15 energy
"[USA-NY][H]ROG STRIX Z790-F GAMING WIFI, 17"" HP OMEN (i7-11800H, RTX 3060, 16 GB DDR4-3200), 13"" HP ENVY (i5-8265U, 8GB DDR4-2400, 256GB SSD), Focusrite Scarlett Solo 3rd Gen[W]Local Cash, PayPal","**ROG STRIX Z790-F GAMING WIFI**: $280 Local / $300 Shipped \[[TIMESTAMP](https://imgur.com/a/EkLVBnK)\]  
*Warranty until November 12, 2025. All accessories included*

**17"" HP OMEN**: $650 Local / $700 Shipped \[[TIMESTAMP](https://imgur.com/a/DsPp6NL)\]  
*Will be delivered / shipped in original packaging*  
*Specs: i7-11800H, RTX 3060, 16 GB DDR4-3200, 1TB SSD, 144Hz 1080p Display (Full specs available* [*here*](https://support.hp.com/ca-en/product/details/omen-17.3-inch-gaming-laptop-pc-17-ck0000/model/2100371688?sku=4W2K6UA&serialnumber=5CD140GLL2)*)*

**13"" HP ENVY**: $300 Local / $320 Shipped \[[TIMESTAMP](https://imgur.com/a/VHxsLkJ)\]  
*Specs: FHD 60Hz Touchscreen, i5-8265U, 8GB DDR4-2400, 256GB SSD*

**Focusrite Scarlett Solo 3rd Gen**: $50 Local / $70 Shipped \[[TIMESTAMP](https://imgur.com/a/5nfia92)\]  
*Will be delivered / shipped in original packaging*",2,1ga2wrs,hardwareswap,https://www.reddit.com/r/hardwareswap/comments/1ga2wrs/usanyhrog_strix_z790f_gaming_wifi_17_hp_omen/,2,2024-10-23 05:21:58,Reddit,"**ROG STRIX Z790-F GAMING WIFI**: $280 Local / $300 Shipped \[[TIMESTAMP](https://imgur.com/a/EkLVBnK)\]  
*Warranty until November 12, 2025. All accessories included*

**17"" HP OMEN**: $650 Local / $700 Shipped \[[TIMESTAMP](https://imgur.com/a/DsPp6NL)\]  
*Will be delivered / shipped in original packaging*  
*Specs: i7-11800H, RTX 3060, 16 GB DDR4-3200, 1TB SSD, 144Hz 1080p Display (Full specs available* [*here*](https://support.hp.com/ca-en/product/details/omen-17.3-inch-gaming-laptop-pc-17-ck0000/model/2100371688?sku=4W2K6UA&serialnumber=5CD140GLL2)*)*

**13"" HP ENVY**: $300 Local / $320 Shipped \[[TIMESTAMP](https://imgur.com/a/VHxsLkJ)\]  
*Specs: FHD 60Hz Touchscreen, i5-8265U, 8GB DDR4-2400, 256GB SSD*

**Focusrite Scarlett Solo 3rd Gen**: $50 Local / $70 Shipped \[[TIMESTAMP](https://imgur.com/a/5nfia92)\]  
*Will be delivered / shipped in original packaging*",rog strix z790 f gaming wifi 280 local 300 shipped timestamp warranty november 12 2025 accessory included 17 hp omen 650 local 700 shipped timestamp delivered shipped original packaging spec i7 11800h rtx 3060 16 gb ddr4 3200 1tb ssd 144hz 1080p display full spec available 13 hp envy 300 local 320 shipped timestamp spec fhd 60hz touchscreen i5 8265u 8gb ddr4 2400 256gb ssd focusrite scarlett solo 3rd gen 50 local 70 shipped timestamp delivered shipped original packaging
HP Audio control,"After the last Windows 10 update, HP Audio control does not work.

Synaptic HD Audio/ Conextant ",4,1g8d329,Hewlett_Packard,https://www.reddit.com/r/Hewlett_Packard/comments/1g8d329/hp_audio_control/,0,2024-10-21 00:17:14,Reddit,"After the last Windows 10 update, HP Audio control does not work.

Synaptic HD Audio/ Conextant ",last window 10 update hp audio control work synaptic hd audio conextant
HP Latex 570….Nice Monday Morning Surprise ,"Loaded my media onto my 1 of my 2 HP Latex 570’s and was pleased to find my dancer arm for take up reel was cracking.

I can’t complain as I moved my printers all the way from SoCal to Texas and anything could have happened along the way. Must have overlooked it.

New one was just placed on order, hopefully my new Mimaki UJV100-160 Plus will be fun to have as I don’t have to worry about reliability as much. (Have only bought used/refurbished printers myself; will be my first new printer purchase ever)",7,1g8splk,CommercialPrinting,https://i.redd.it/9ilzdh5eq4wd1.jpeg,5,2024-10-21 15:40:02,Reddit,"Loaded my media onto my 1 of my 2 HP Latex 570’s and was pleased to find my dancer arm for take up reel was cracking.

I can’t complain as I moved my printers all the way from SoCal to Texas and anything could have happened along the way. Must have overlooked it.

New one was just placed on order, hopefully my new Mimaki UJV100-160 Plus will be fun to have as I don’t have to worry about reliability as much. (Have only bought used/refurbished printers myself; will be my first new printer purchase ever)",loaded medium onto 1 2 hp latex 570 pleased find dancer arm take reel cracking complain moved printer way socal texas anything could happened along way must overlooked new one placed order hopefully new mimaki ujv100 160 plus fun worry reliability much bought used refurbished printer first new printer purchase ever
"Round 33 Atomic war with 3 pudges and 2 BS lord, spectre with 11k hp with pudge lord",,3,1gacpt1,AtomicWar,https://www.reddit.com/gallery/1gacpt1,0,2024-10-23 15:02:30,Reddit,"Round 33 Atomic war with 3 pudges and 2 BS lord, spectre with 11k hp with pudge lord",round 33 atomic war 3 pudge 2 b lord spectre 11k hp pudge lord
"HP%, critrate or critdmg build?","Got this circlet today, HOLY",22,1g8ctv3,YelanMains,https://www.reddit.com/gallery/1g8ctv3,8,2024-10-21 00:03:57,Reddit,"Got this circlet today, HOLY",got circlet today holy
HP Laserjet Pro M15W - has anyone make it work?,"I have followed the manual: 

- Installed \`hplip\` and \`hplip-gui\`

- Enabled \`cupsd\` and \`dbus\`. 

- Ran \`hp-setup\`, and then \`hp-setup <printer ip>\`

Whenever I try to print something, I hear a barely audible click in the printer, but nothing is printed. Cups web interface shows a job in the queue, and reports jobs was completed shortly thereafter. So, \`cups\` is happy, and I haven't got a faintest clue, how to figure out what is my printer unhappy about.

Another thread here [https://www.reddit.com/r/voidlinux/comments/reb18d/need\_help\_setting\_up\_hp\_printer/](https://www.reddit.com/r/voidlinux/comments/reb18d/need_help_setting_up_hp_printer/) describes my ordeal so exactly, that I do not even need to publish my \`cups\` logs.

If you happen to have this printer working with Void Linux, please share your secret sauce.

Alternatively, if you happen to use an inexpensive BW A4 laser printer with your Void Linux setup, could you please share the model? After all, my printer is so cheap, that just buying another one might be a viable alternative to spending another few hours (if not days) for troubleshooting.",2,1g9fcrj,voidlinux,https://www.reddit.com/r/voidlinux/comments/1g9fcrj/hp_laserjet_pro_m15w_has_anyone_make_it_work/,6,2024-10-22 10:59:52,Reddit,"I have followed the manual: 

- Installed \`hplip\` and \`hplip-gui\`

- Enabled \`cupsd\` and \`dbus\`. 

- Ran \`hp-setup\`, and then \`hp-setup <printer ip>\`

Whenever I try to print something, I hear a barely audible click in the printer, but nothing is printed. Cups web interface shows a job in the queue, and reports jobs was completed shortly thereafter. So, \`cups\` is happy, and I haven't got a faintest clue, how to figure out what is my printer unhappy about.

Another thread here [https://www.reddit.com/r/voidlinux/comments/reb18d/need\_help\_setting\_up\_hp\_printer/](https://www.reddit.com/r/voidlinux/comments/reb18d/need_help_setting_up_hp_printer/) describes my ordeal so exactly, that I do not even need to publish my \`cups\` logs.

If you happen to have this printer working with Void Linux, please share your secret sauce.

Alternatively, if you happen to use an inexpensive BW A4 laser printer with your Void Linux setup, could you please share the model? After all, my printer is so cheap, that just buying another one might be a viable alternative to spending another few hours (if not days) for troubleshooting.",followed manual installed hplip hplip gui enabled cupsd dbus ran hp setup hp setup printer ip whenever try print something hear barely audible click printer nothing printed cup web interface show job queue report job completed shortly thereafter cup happy got faintest clue figure printer unhappy another thread describes ordeal exactly even need publish cup log happen printer working void linux please share secret sauce alternatively happen use inexpensive bw a4 laser printer void linux setup could please share model printer cheap buying another one might viable alternative spending another hour day troubleshooting
Group didn't even track their HP,"I became friends with a few folks from Twitch and someone suggested we play Mage's Awakening on discord. I've played a bit of Dnd before but am still fairly new to ttrpgs while the other players (Death Mage and Space Mage) had never played before. The GM had the most experience playing through college.

Being new the other players became stuck quite a few times and asked for a more linear storyline and that the pace of the story was too slow for them. I asked some probing questions to get everyone on the same page like what felt slow, did they want more combat, what kind of prompts would help them decide what to do, etc. I even gave Death Mage some tips on how to get into character. The Death Mage proceeded to not provide any helpful feedback and reiterate that the pace of the story was too slow.

The GM now had the NPCs give hints to maybe go visit this site or go talk to this other NPC. More often then not they then would respond, ""Thats boring. Let's go do ..."" and then proceed to do something completely chaotic. A couple times I reminded them that they asked the GM for story prompts and we should probably follow them.

Space Mage also had trouble remembering my characters name (it's not a hard name) and both players never seemed prepared for session. They always forgot what happened in the last session. We spent a good amount of time having to rehash things that happened in the story and going over mechanics over and over. They were also very distracted. Space would often just go missing mid session and play the ""hello are you there?"" game quite a but.

In our last session, they again ignored the prompt from the GM and robbed a tavern, got chased out of town, and into the woods. I had to try to correct their wrongs by asking for forgiveness from the townsfolk in exchange for returning the cash and doing some labor for him. They refused, throwing off the linear story that they had asked for. The GM gave plenty of hints of what we needed to do. There's literally a force field we can't get through to talk to a certain NPC so we needed an invite to his party. And now we were wanted criminals with no way anyone in town would talk to us.

The session ended and Space made an off hand comment about ""I feel like I should be taking notes"". And I was shocked. We were 11 sessions in and they hadn't been writing anything. I asked, "" Are you at least tracking your health and mana?"" And Death responds that it didn't matter cause it replenishes anyway and scoffs at me saying she already has a full time job, this is supposed to be fun and that the GM takes notes for them.

I was pissed. I messaged the GM that I didn't like their attitudes toward the game and that its ok if they wanna play like that but that it wasn't for me. He advised that I message the group and see if we can find a middle ground.

I sent the group that we had different playstyles and I was hoping to find a middle ground but otherwise we weren't compatible. Attached is the message I sent if you're curious.

Space proceeds to say that it sounds like I'm blaming them and that I am also responsible for chaotic moments.

I respond saying that the all playstyles are valid and the way they want to play is just not for me.

Death then writes an essay on how when she said the pace was slow, I proceeded to criticise her and how everything is fantasy and not everything has to have consequences. And generally getting very defensive over things that I didn't say were wrong or were even brought up.

Things were feeling really personal like they had issues with me that they only brought up now in retaliation for wanting to leave the group. I left the discord server and proceeded to block them on everything (petty but honestly don't regret it). I messaged the GM saying sorry it didn't seem like a productive conversation and that they don't understand that finding a group that's right for you is part of TTRPGs. He said sorry it didn't work out. We then had a pleasant discussion about how he was going to start giving them more consequences for their recklessness and based on what they said to me he didn't know what else to ask them to get them on the linear story they asked for. I could also tell he wasn't happy with the low effort they put in. He then told me how the story would've panned out (cause I was actually really enjoying it to that point lol).",551,1g7vuyi,rpghorrorstories,https://i.redd.it/zsiut38w3wvd1.jpeg,70,2024-10-20 10:39:42,Reddit,"I became friends with a few folks from Twitch and someone suggested we play Mage's Awakening on discord. I've played a bit of Dnd before but am still fairly new to ttrpgs while the other players (Death Mage and Space Mage) had never played before. The GM had the most experience playing through college.

Being new the other players became stuck quite a few times and asked for a more linear storyline and that the pace of the story was too slow for them. I asked some probing questions to get everyone on the same page like what felt slow, did they want more combat, what kind of prompts would help them decide what to do, etc. I even gave Death Mage some tips on how to get into character. The Death Mage proceeded to not provide any helpful feedback and reiterate that the pace of the story was too slow.

The GM now had the NPCs give hints to maybe go visit this site or go talk to this other NPC. More often then not they then would respond, ""Thats boring. Let's go do ..."" and then proceed to do something completely chaotic. A couple times I reminded them that they asked the GM for story prompts and we should probably follow them.

Space Mage also had trouble remembering my characters name (it's not a hard name) and both players never seemed prepared for session. They always forgot what happened in the last session. We spent a good amount of time having to rehash things that happened in the story and going over mechanics over and over. They were also very distracted. Space would often just go missing mid session and play the ""hello are you there?"" game quite a but.

In our last session, they again ignored the prompt from the GM and robbed a tavern, got chased out of town, and into the woods. I had to try to correct their wrongs by asking for forgiveness from the townsfolk in exchange for returning the cash and doing some labor for him. They refused, throwing off the linear story that they had asked for. The GM gave plenty of hints of what we needed to do. There's literally a force field we can't get through to talk to a certain NPC so we needed an invite to his party. And now we were wanted criminals with no way anyone in town would talk to us.

The session ended and Space made an off hand comment about ""I feel like I should be taking notes"". And I was shocked. We were 11 sessions in and they hadn't been writing anything. I asked, "" Are you at least tracking your health and mana?"" And Death responds that it didn't matter cause it replenishes anyway and scoffs at me saying she already has a full time job, this is supposed to be fun and that the GM takes notes for them.

I was pissed. I messaged the GM that I didn't like their attitudes toward the game and that its ok if they wanna play like that but that it wasn't for me. He advised that I message the group and see if we can find a middle ground.

I sent the group that we had different playstyles and I was hoping to find a middle ground but otherwise we weren't compatible. Attached is the message I sent if you're curious.

Space proceeds to say that it sounds like I'm blaming them and that I am also responsible for chaotic moments.

I respond saying that the all playstyles are valid and the way they want to play is just not for me.

Death then writes an essay on how when she said the pace was slow, I proceeded to criticise her and how everything is fantasy and not everything has to have consequences. And generally getting very defensive over things that I didn't say were wrong or were even brought up.

Things were feeling really personal like they had issues with me that they only brought up now in retaliation for wanting to leave the group. I left the discord server and proceeded to block them on everything (petty but honestly don't regret it). I messaged the GM saying sorry it didn't seem like a productive conversation and that they don't understand that finding a group that's right for you is part of TTRPGs. He said sorry it didn't work out. We then had a pleasant discussion about how he was going to start giving them more consequences for their recklessness and based on what they said to me he didn't know what else to ask them to get them on the linear story they asked for. I could also tell he wasn't happy with the low effort they put in. He then told me how the story would've panned out (cause I was actually really enjoying it to that point lol).",became friend folk twitch someone suggested play mage awakening discord played bit dnd still fairly new ttrpgs player death mage space mage never played gm experience playing college new player became stuck quite time asked linear storyline pace story slow asked probing question get everyone page like felt slow want combat kind prompt would help decide etc even gave death mage tip get character death mage proceeded provide helpful feedback reiterate pace story slow gm npc give hint maybe go visit site go talk npc often would respond thats boring let go proceed something completely chaotic couple time reminded asked gm story prompt probably follow space mage also trouble remembering character name hard name player never seemed prepared session always forgot happened last session spent good amount time rehash thing happened story going mechanic also distracted space would often go missing mid session play hello game quite last session ignored prompt gm robbed tavern got chased town wood try correct wrong asking forgiveness townsfolk exchange returning cash labor refused throwing linear story asked gm gave plenty hint needed literally force field get talk certain npc needed invite party wanted criminal way anyone town would talk u session ended space made hand comment feel like taking note shocked 11 session writing anything asked least tracking health mana death responds matter cause replenishes anyway scoff saying already full time job supposed fun gm take note pissed messaged gm like attitude toward game ok wanna play like advised message group see find middle ground sent group different playstyles hoping find middle ground otherwise compatible attached message sent curious space proceeds say sound like blaming also responsible chaotic moment respond saying playstyles valid way want play death writes essay said pace slow proceeded criticise everything fantasy everything consequence generally getting defensive thing say wrong even brought thing feeling really personal like issue brought retaliation wanting leave group left discord server proceeded block everything petty honestly regret messaged gm saying sorry seem like productive conversation understand finding group right part ttrpgs said sorry work pleasant discussion going start giving consequence recklessness based said know else ask get linear story asked could also tell happy low effort put told story would panned cause actually really enjoying point lol
"Triund Trek,HP",,107,1g7qkbc,india_tourism,https://www.reddit.com/gallery/1g7qkbc,9,2024-10-20 04:10:58,Reddit,"Triund Trek,HP",triund trek hp
My hp laptop/computer (idk tbh) frame part broke off how do I fix it ,This certain part of my frame broke off and idk how to fix it im thinking i could glue it but would that damage the things inside?? (Sorry i don’t know much abt computers/laptops) ,2,1ga3r2s,laptops,https://i.redd.it/sgfe38dr7gwd1.jpeg,1,2024-10-23 06:16:58,Reddit,This certain part of my frame broke off and idk how to fix it im thinking i could glue it but would that damage the things inside?? (Sorry i don’t know much abt computers/laptops) ,certain part frame broke idk fix im thinking could glue would damage thing inside sorry know much abt computer laptop
TIL that Mark of the Bloom negates both Singing Bowl and Feed. I though I could cheat the mark by continuously maxing my hp. It did not end well.,"https://preview.redd.it/ft2isiznviwd1.jpg?width=1920&format=pjpg&auto=webp&s=754a7c9d0689a8dca373867d5e98baecd82bea29

",332,1gad13x,slaythespire,https://www.reddit.com/r/slaythespire/comments/1gad13x/til_that_mark_of_the_bloom_negates_both_singing/,53,2024-10-23 15:15:36,Reddit,"https://preview.redd.it/ft2isiznviwd1.jpg?width=1920&format=pjpg&auto=webp&s=754a7c9d0689a8dca373867d5e98baecd82bea29

",
Asus TUF or HP Victus,"Hi,

I wanna get myself a gaming Laptop with an rtx 4070 and i found these 2 at a good price point. The HP victus is 1199 eur and the tuf is 1299 eur. Which one of these would you recommend and why ?",3,1g8ktqe,GamingLaptops,https://www.reddit.com/gallery/1g8ktqe,3,2024-10-21 08:29:48,Reddit,"Hi,

I wanna get myself a gaming Laptop with an rtx 4070 and i found these 2 at a good price point. The HP victus is 1199 eur and the tuf is 1299 eur. Which one of these would you recommend and why ?",hi wanna get gaming laptop rtx 4070 found 2 good price point hp victus 1199 eur tuf 1299 eur one would recommend
Here's my HP 360LX. Looks absolutely mint!,"HP 360LX palmtop PC featuring Windows CE 2.0, massive 8 MB of RAM, and a speedy 60 Mhz Hitachi SH-3. Looks absolutely perfect other than some scratches on the bottom of the case.

$51 shipped from eBay. Got it for a song IMHO. OS was in Portuguese for some reason -- it wouldn't be a problem for me since I was born in Brazil anyway.

Runs on two AAs (using rechargeable Eneloops) and a single CR2032 for memory backup!",155,1g88e3z,OldHandhelds,https://i.redd.it/u33mgkc72zvd1.jpeg,10,2024-10-20 20:35:37,Reddit,"HP 360LX palmtop PC featuring Windows CE 2.0, massive 8 MB of RAM, and a speedy 60 Mhz Hitachi SH-3. Looks absolutely perfect other than some scratches on the bottom of the case.

$51 shipped from eBay. Got it for a song IMHO. OS was in Portuguese for some reason -- it wouldn't be a problem for me since I was born in Brazil anyway.

Runs on two AAs (using rechargeable Eneloops) and a single CR2032 for memory backup!",hp 360lx palmtop pc featuring window ce 2 0 massive 8 mb ram speedy 60 mhz hitachi sh 3 look absolutely perfect scratch bottom case 51 shipped ebay got song imho o portuguese reason problem since born brazil anyway run two aa using rechargeable eneloops single cr2032 memory backup
HP Lovectaft-The Complete Fiction ,,26,1g87q4p,bookporn,https://i.redd.it/cb8h5h52xyvd1.jpeg,1,2024-10-20 20:06:43,Reddit,HP Lovectaft-The Complete Fiction ,hp lovectaft complete fiction
Changing SSD on my HP VICTUS!,"So I have been getting HP 301 error on my Victus, this means I will probably have to change my SSD and replace it with a new one but if I change my SSD, will i get back my Licensed Windows 11, as the laptop came with  the Licensed Windows Installed itself. 

And also as I wanted to replace the SSD myself, so will the process for installing windows from the Flashdrive be best?",2,1g8skgr,HPVictus,https://www.reddit.com/r/HPVictus/comments/1g8skgr/changing_ssd_on_my_hp_victus/,4,2024-10-21 15:34:05,Reddit,"So I have been getting HP 301 error on my Victus, this means I will probably have to change my SSD and replace it with a new one but if I change my SSD, will i get back my Licensed Windows 11, as the laptop came with  the Licensed Windows Installed itself. 

And also as I wanted to replace the SSD myself, so will the process for installing windows from the Flashdrive be best?",getting hp 301 error victus mean probably change ssd replace new one change ssd get back licensed window 11 laptop came licensed window installed also wanted replace ssd process installing window flashdrive best
which PSU is 12vHP compatible?,"Getting a 4080 super rtx series card, and will probably need a new PSU. I have a CX750 PSu which is old so probably not compatible, but when I look at pictures of PSUs, none of them have plugs on the PSU back for any ""12vHP"" connection",2,1g8q0ea,Corsair,https://www.reddit.com/r/Corsair/comments/1g8q0ea/which_psu_is_12vhp_compatible/,13,2024-10-21 13:43:31,Reddit,"Getting a 4080 super rtx series card, and will probably need a new PSU. I have a CX750 PSu which is old so probably not compatible, but when I look at pictures of PSUs, none of them have plugs on the PSU back for any ""12vHP"" connection",getting 4080 super rtx series card probably need new psu cx750 psu old probably compatible look picture psus none plug psu back 12vhp connection
HP DL380 G10 hardware question.,"I have a HP DL380 G10 that I run my home lab on. It has 5 ethernet ports on the back. 1 is an IO something the other 4 appear to be network. I plug an ethernet into the first one and the server gets on my network. Is there a way to configure the other 3 so i can use the server like a switch to give other devices in my server rack a connection to my network without running all the extra lines. Just 1 ethernet drop to the server and everything else piggy backs. I have searched the internet, but it keeps bringing up things dealing with routers and switches, nothing on servers and there extra network ports. I did try to hook something up and it threw an unknown network error. Is this something that is configurable or are those ports for something beyond me? 

Thanks in advance.",3,1g8jdy1,servers,https://www.reddit.com/r/servers/comments/1g8jdy1/hp_dl380_g10_hardware_question/,12,2024-10-21 06:36:20,Reddit,"I have a HP DL380 G10 that I run my home lab on. It has 5 ethernet ports on the back. 1 is an IO something the other 4 appear to be network. I plug an ethernet into the first one and the server gets on my network. Is there a way to configure the other 3 so i can use the server like a switch to give other devices in my server rack a connection to my network without running all the extra lines. Just 1 ethernet drop to the server and everything else piggy backs. I have searched the internet, but it keeps bringing up things dealing with routers and switches, nothing on servers and there extra network ports. I did try to hook something up and it threw an unknown network error. Is this something that is configurable or are those ports for something beyond me? 

Thanks in advance.",hp dl380 g10 run home lab 5 ethernet port back 1 io something 4 appear network plug ethernet first one server get network way configure 3 use server like switch give device server rack connection network without running extra line 1 ethernet drop server everything else piggy back searched internet keep bringing thing dealing router switch nothing server extra network port try hook something threw unknown network error something configurable port something beyond thanks advance
2016's exc 450 listed hp (google) ,"Hello to everybody, 
I currently got more interested In the 450 models, specially in the exc model because of the 6 gears and street legal stuff. I compared a few of the models (above 2010) and found out that  (if Google isn't lying) the 2016 exc-f makes the most hp at 62. Is that in any way true? 

Edit: since a few days ago, I can't find any hp information anymore on any search engine about the exc's and many ktm models. It's like it got all deleted. Did ktm do that intentionally or did I miss something? ",2,1g8nmm7,KTM,https://www.reddit.com/r/KTM/comments/1g8nmm7/2016s_exc_450_listed_hp_google/,2,2024-10-21 11:42:46,Reddit,"Hello to everybody, 
I currently got more interested In the 450 models, specially in the exc model because of the 6 gears and street legal stuff. I compared a few of the models (above 2010) and found out that  (if Google isn't lying) the 2016 exc-f makes the most hp at 62. Is that in any way true? 

Edit: since a few days ago, I can't find any hp information anymore on any search engine about the exc's and many ktm models. It's like it got all deleted. Did ktm do that intentionally or did I miss something? ",hello everybody currently got interested 450 model specially exc model 6 gear street legal stuff compared model 2010 found google lying 2016 exc f make hp 62 way true edit since day ago find hp information anymore search engine exc many ktm model like got deleted ktm intentionally miss something
Which refine is good for celtic demon? Flat or percent? Should I set range troop attack or hp?,,4,1ga3yc6,Evony_TKR,https://www.reddit.com/r/Evony_TKR/comments/1ga3yc6/which_refine_is_good_for_celtic_demon_flat_or/,10,2024-10-23 06:31:21,Reddit,Which refine is good for celtic demon? Flat or percent? Should I set range troop attack or hp?,refine good celtic demon flat percent set range troop attack hp
Andy Greenwald being on HP writing staff is a very good thing ,"I'm a huge HP fan and I'm also a long time listener of Andy Greenwald and Chris Ryan's podcast (probably for 10+ years?). I don't know if the HP series will be successful, but I feel very good about Andy being on the writing team. He is extremely insightful about TV. He was a big fan of Thrones (seasons 1-6 of which is probably as good of a book-to-series adaptation that you could hope to expect).  He is a big Star Wars guy. So he's not some snooty critic who doesnt like IP. He also loves children's movies and shows. 

And he understands what works for serialized television. His criticism was fair and insightful for as far back as I can remember. He's got the stamp of approval from Sam Esmail (Mr Robot), Damon Lindeloff (Lost, Leftovers, Watchmen). And also - he seems like a genuinely great guy, and it made me sick to see the fandom light up their torches and try to expel the guy. Who are you to threaten the lively hood of other people like that? That sort of entitled behavior is despicable. 

Furthermore - and this is my main point:  it is important for there to be some people in the room to not be so slavish to the fandom and to the source material but focus on what would be good television. I would think Rise of Skywalker could have used some people like that in the room for example. There were numerous changes that GOT TV series made to the GRRM books. And seasons 1-6 were pitch perfect imo. As much as you might think ""I just want every little detail from the books shown to Me on TV,"" trust me - you don't. And even if you did, that would not make it a blockbuster tv show outside of the most hard core HP fan. There is the possibility of going deeper into parts of the wizarding world that JKR didn't have enough time to focus on in the main series, both inside and outside of hog warts.  I am not looking for a carbon copy replication of the books. I want so much more than that - so I am glad that the writing team has at least a few people that might have the inclination to give me that. ",7,1g9a42a,harrypotter,https://www.reddit.com/r/harrypotter/comments/1g9a42a/andy_greenwald_being_on_hp_writing_staff_is_a/,6,2024-10-22 04:42:38,Reddit,"I'm a huge HP fan and I'm also a long time listener of Andy Greenwald and Chris Ryan's podcast (probably for 10+ years?). I don't know if the HP series will be successful, but I feel very good about Andy being on the writing team. He is extremely insightful about TV. He was a big fan of Thrones (seasons 1-6 of which is probably as good of a book-to-series adaptation that you could hope to expect).  He is a big Star Wars guy. So he's not some snooty critic who doesnt like IP. He also loves children's movies and shows. 

And he understands what works for serialized television. His criticism was fair and insightful for as far back as I can remember. He's got the stamp of approval from Sam Esmail (Mr Robot), Damon Lindeloff (Lost, Leftovers, Watchmen). And also - he seems like a genuinely great guy, and it made me sick to see the fandom light up their torches and try to expel the guy. Who are you to threaten the lively hood of other people like that? That sort of entitled behavior is despicable. 

Furthermore - and this is my main point:  it is important for there to be some people in the room to not be so slavish to the fandom and to the source material but focus on what would be good television. I would think Rise of Skywalker could have used some people like that in the room for example. There were numerous changes that GOT TV series made to the GRRM books. And seasons 1-6 were pitch perfect imo. As much as you might think ""I just want every little detail from the books shown to Me on TV,"" trust me - you don't. And even if you did, that would not make it a blockbuster tv show outside of the most hard core HP fan. There is the possibility of going deeper into parts of the wizarding world that JKR didn't have enough time to focus on in the main series, both inside and outside of hog warts.  I am not looking for a carbon copy replication of the books. I want so much more than that - so I am glad that the writing team has at least a few people that might have the inclination to give me that. ",huge hp fan also long time listener andy greenwald chris ryan podcast probably 10 year know hp series successful feel good andy writing team extremely insightful tv big fan throne season 1 6 probably good book series adaptation could hope expect big star war guy snooty critic doesnt like ip also love child movie show understands work serialized television criticism fair insightful far back remember got stamp approval sam esmail mr robot damon lindeloff lost leftover watchman also seems like genuinely great guy made sick see fandom light torch try expel guy threaten lively hood people like sort entitled behavior despicable furthermore main point important people room slavish fandom source material focus would good television would think rise skywalker could used people like room example numerous change got tv series made grrm book season 1 6 pitch perfect imo much might think want every little detail book shown tv trust even would make blockbuster tv show outside hard core hp fan possibility going deeper part wizarding world jkr enough time focus main series inside outside hog wart looking carbon copy replication book want much glad writing team least people might inclination give
Can I finally say that my Neuvi is perfect...?  (40k HP With Hydro resonance),,16,1g9d3be,NeuvilletteMains_,https://i.redd.it/9cz6wj0tn9wd1.png,17,2024-10-22 08:15:17,Reddit,Can I finally say that my Neuvi is perfect...?  (40k HP With Hydro resonance),finally say neuvi perfect 40k hp hydro resonance
is the hp omen 30l chassis fan supposed to be loud? ,i have a pc with hp omen 30l  and the big fan at the front is very loud,3,1g99v7f,HPOmen,https://v.redd.it/9nfp5hiaj8wd1,9,2024-10-22 04:27:26,Reddit,i have a pc with hp omen 30l  and the big fan at the front is very loud,pc hp omen 30l big fan front loud
2 sticks of 16gb dimm for HP servers/devices,,2,1g93t48,HoustonClassifieds,https://i.redd.it/qkiuy0uyz6wd1.jpeg,1,2024-10-21 23:17:21,Reddit,2 sticks of 16gb dimm for HP servers/devices,2 stick 16gb dimm hp server device
TU-160 Bomber (Piececool ref HP 336-WS),,15,1g8knhi,metalearth,https://www.reddit.com/gallery/1g8knhi,1,2024-10-21 08:15:41,Reddit,TU-160 Bomber (Piececool ref HP 336-WS),tu 160 bomber piececool ref hp 336 w
"[USA-CA][H] 2x HP Z43 43"" (42.5) 16:9 4K UHD IPS Monitor w/ USB-C PD [W] Cash","Local pick up, zip code 92880. $420 for the new in (beat up) box, $320 for the used one. Used one has a 1cm thin scratch that located four fingertips from the HP logo. Used one comes with power cable only.

Time stamps https://drive.google.com/drive/folders/1JrK-KTIOQDx12v8u-NAvVVDomLuVqiqJ?usp=sharing


Key Specs
Display Size	
42.5""
Panel Type	
IPS-Type LCD
Native Resolution	
3840 x 2160
Maximum Brightness	
350 nits / cd/m2
HDR Compatibility	
No
Bit Depth / Color Support	
10-Bit (1.07 Billion Colors)
Color Gamut	
72% NTSC
96% sRGB
Finish	
Anti-Glare / Matte
Touchscreen Technology	
No
Inputs	
1x DisplayPort 1.2
1x HDMI 2.0
1x Mini DisplayPort 1.2
USB I/O	
1x USB-B 3.0 / 3.1/3.2 Gen 1
1x USB-C 3.0 / 3.1/3.2 Gen 1
4x USB-A 3.0 / 3.1/3.2 Gen 1
Built-In Speakers	
No",3,1gab00q,hardwareswap,https://www.reddit.com/r/hardwareswap/comments/1gab00q/usacah_2x_hp_z43_43_425_169_4k_uhd_ips_monitor_w/,1,2024-10-23 13:48:31,Reddit,"Local pick up, zip code 92880. $420 for the new in (beat up) box, $320 for the used one. Used one has a 1cm thin scratch that located four fingertips from the HP logo. Used one comes with power cable only.

Time stamps https://drive.google.com/drive/folders/1JrK-KTIOQDx12v8u-NAvVVDomLuVqiqJ?usp=sharing


Key Specs
Display Size	
42.5""
Panel Type	
IPS-Type LCD
Native Resolution	
3840 x 2160
Maximum Brightness	
350 nits / cd/m2
HDR Compatibility	
No
Bit Depth / Color Support	
10-Bit (1.07 Billion Colors)
Color Gamut	
72% NTSC
96% sRGB
Finish	
Anti-Glare / Matte
Touchscreen Technology	
No
Inputs	
1x DisplayPort 1.2
1x HDMI 2.0
1x Mini DisplayPort 1.2
USB I/O	
1x USB-B 3.0 / 3.1/3.2 Gen 1
1x USB-C 3.0 / 3.1/3.2 Gen 1
4x USB-A 3.0 / 3.1/3.2 Gen 1
Built-In Speakers	
No",local pick zip code 92880 420 new beat box 320 used one used one 1cm thin scratch located four fingertip hp logo used one come power cable time stamp key spec display size 42 5 panel type ip type lcd native resolution 3840 x 2160 maximum brightness 350 nit cd m2 hdr compatibility bit depth color support 10 bit 1 07 billion color color gamut 72 ntsc 96 srgb finish anti glare matte touchscreen technology input 1x displayport 1 2 1x hdmi 2 0 1x mini displayport 1 2 usb 1x usb b 3 0 3 1 3 2 gen 1 1x usb c 3 0 3 1 3 2 gen 1 4x usb 3 0 3 1 3 2 gen 1 built speaker
Thoughts on this HP Victus I5 13500H and RTX 4050 for $650,"https://preview.redd.it/61ma12wh59wd1.png?width=1452&format=png&auto=webp&s=5e0ee9c873325096bf6ccbe95a087c5eb3bc944b

Not familiar with the gaming laptop scene so im wondering what the opinions are on this deal. Looks pretty solid to me. 

[HP Victus 15-fa1005nr 15.6"" Gaming Laptop Computer Platinum Collection - Performance Blue; Intel Core i5 13th Gen - Micro Center](https://www.microcenter.com/product/677540/hp-victus-15-fa1005nr-156-gaming-laptop-computer-platinum-collection-performance-blue)",5,1g9br97,GamingLaptops,https://www.reddit.com/r/GamingLaptops/comments/1g9br97/thoughts_on_this_hp_victus_i5_13500h_and_rtx_4050/,8,2024-10-22 06:32:40,Reddit,"https://preview.redd.it/61ma12wh59wd1.png?width=1452&format=png&auto=webp&s=5e0ee9c873325096bf6ccbe95a087c5eb3bc944b

Not familiar with the gaming laptop scene so im wondering what the opinions are on this deal. Looks pretty solid to me. 

[HP Victus 15-fa1005nr 15.6"" Gaming Laptop Computer Platinum Collection - Performance Blue; Intel Core i5 13th Gen - Micro Center](https://www.microcenter.com/product/677540/hp-victus-15-fa1005nr-156-gaming-laptop-computer-platinum-collection-performance-blue)",familiar gaming laptop scene im wondering opinion deal look pretty solid hp victus 15 fa1005nr 15 6 gaming laptop computer platinum collection performance blue intel core i5 13th gen micro center
 Free Used HP Office Jet 8630 suitable for parts --- Also unopened ink from HP ink subscription plan,"One of our office printers started having printhead issues (printhead code error 0xc19a0040), so we replaced it rather than continue to waste time with HP.

It was working fine until HP did their ""let's turn off their printer because it is not online"" intervention when we  lost the internet for a period of time. That's right, the HP subscription ink program can turn off your printing ability off if you use it without internet. If the internet goes down, the printer allows a few copies and then you are out of luck - it locks down. :(   

So, this printer we are offering is good for parts and spare print trays. We also have numerous ink cartridges (950, 951) that have to be used with a computer that has an HP monthly ink subscription.

If you have a use for it, please DM us, as we hate to put it into the landfill if someone can use it for parts.",3,1g84fkm,Miami,https://www.reddit.com/r/Miami/comments/1g84fkm/free_used_hp_office_jet_8630_suitable_for_parts/,0,2024-10-20 17:46:02,Reddit,"One of our office printers started having printhead issues (printhead code error 0xc19a0040), so we replaced it rather than continue to waste time with HP.

It was working fine until HP did their ""let's turn off their printer because it is not online"" intervention when we  lost the internet for a period of time. That's right, the HP subscription ink program can turn off your printing ability off if you use it without internet. If the internet goes down, the printer allows a few copies and then you are out of luck - it locks down. :(   

So, this printer we are offering is good for parts and spare print trays. We also have numerous ink cartridges (950, 951) that have to be used with a computer that has an HP monthly ink subscription.

If you have a use for it, please DM us, as we hate to put it into the landfill if someone can use it for parts.",one office printer started printhead issue printhead code error 0xc19a0040 replaced rather continue waste time hp working fine hp let turn printer online intervention lost internet period time right hp subscription ink program turn printing ability use without internet internet go printer allows copy luck lock printer offering good part spare print tray also numerous ink cartridge 950 951 used computer hp monthly ink subscription use please dm u hate put landfill someone use part
How are people getting 1.3M hp plus with mauler??,Most hp I got in a battle I’m running all maxed out 2 TRA and 1 GBR and 1 DC also my hit points and hull is fully upgraded I don’t have Nina Kessler.,4,1g92y7h,walkingwarrobots,https://v.redd.it/nuoxqsoes6wd1,5,2024-10-21 22:37:26,Reddit,Most hp I got in a battle I’m running all maxed out 2 TRA and 1 GBR and 1 DC also my hit points and hull is fully upgraded I don’t have Nina Kessler.,hp got battle running maxed 2 tra 1 gbr 1 dc also hit point hull fully upgraded nina kessler
Why yes game cha will like hat 3k hp sooooo much ,,9,1g93ack,SoloLevelingArise,https://i.redd.it/shbrluogv6wd1.png,7,2024-10-21 22:53:17,Reddit,Why yes game cha will like hat 3k hp sooooo much ,yes game cha like hat 3k hp sooooo much
How do you normally heal HP beyond 5th level? ,"Hello everybody! I'm soon to run my first campaign with a mid-level party (lvl 6-9) and I struggle to give the players advice on what would be the best way to restore HP between the battles. I know that at levels 1-5 a wand of CLW is the way to go, but I'm afraid it won't be as effective at any level beyond that. There is a healing patron witch in the party, but I doubt her spell slots will be enough. So how do you normally handle healing at this level? Thanks in advance for your answers! ",16,1g8n8dc,Pathfinder_RPG,https://www.reddit.com/r/Pathfinder_RPG/comments/1g8n8dc/how_do_you_normally_heal_hp_beyond_5th_level/,82,2024-10-21 11:18:29,Reddit,"Hello everybody! I'm soon to run my first campaign with a mid-level party (lvl 6-9) and I struggle to give the players advice on what would be the best way to restore HP between the battles. I know that at levels 1-5 a wand of CLW is the way to go, but I'm afraid it won't be as effective at any level beyond that. There is a healing patron witch in the party, but I doubt her spell slots will be enough. So how do you normally handle healing at this level? Thanks in advance for your answers! ",hello everybody soon run first campaign mid level party lvl 6 9 struggle give player advice would best way restore hp battle know level 1 5 wand clw way go afraid effective level beyond healing patron witch party doubt spell slot enough normally handle healing level thanks advance answer
"Just lost Murloc Holm's hero power 10 times in a row with deck tracker, AMA (bro had a beetle on his board and I got HP with it lol)",,44,1gag90q,BobsTavern,https://i.redd.it/0z034kc2jjwd1.png,6,2024-10-23 17:27:35,Reddit,"Just lost Murloc Holm's hero power 10 times in a row with deck tracker, AMA (bro had a beetle on his board and I got HP with it lol)",lost murloc holm hero power 10 time row deck tracker ama bro beetle board got hp lol
Which is your favorite canon HP ship? — Part 1,"Vote for your favorite canon HP pairing out of the listed options! 🥰 Stay tuned for part 2 of this poll to vote between more canon ships!

[View Poll](https://www.reddit.com/poll/1g96z7k)",2,1g96z7k,Canon_HarryPotter,https://www.reddit.com/r/Canon_HarryPotter/comments/1g96z7k/which_is_your_favorite_canon_hp_ship_part_1/,1,2024-10-22 01:52:19,Reddit,"Vote for your favorite canon HP pairing out of the listed options! 🥰 Stay tuned for part 2 of this poll to vote between more canon ships!

[View Poll](https://www.reddit.com/poll/1g96z7k)",vote favorite canon hp pairing listed option stay tuned part 2 poll vote canon ship view poll
Comparison of The HP Victus RTX 4070 Gaming Laptop VS The Lenovo LOQ RTX 4070 Gaming Laptop both for $899.99 🔥,"I have seen a lot of questions and decided to put together a short review and comparison to help those that are on the fence of purchasing either the [**Lenovo LOQ Gaming Laptop**](https://www.ebay.com/itm/305718430632?mkcid=1&mkrid=711-53200-19255-0&siteid=0&campid=5338849294&customid=GameChanger&toolid=10001&mkevt=1)**/**[**HP Victus Gaming Laptop**](https://www.ebay.com/itm/204894136642?mkcid=1&mkrid=711-53200-19255-0&siteid=0&campid=5338849294&customid=GameChanger&toolid=10001&mkevt=1);

https://preview.redd.it/dyn74opaeewd1.png?width=1024&format=png&auto=webp&s=4d53136bc98a08c6b52fd0b3e82f414775bbdabe

As you can see from the raw specifications that both laptops are equally balanced on paper, but is it really? Which laptop has the edge? Which laptop has the better built or better overall performance? Let's find out!

# Overview of THE HP Victus Gaming Laptop:

https://preview.redd.it/cgzswv5eeewd1.png?width=627&format=png&auto=webp&s=9fe8822ffd1f15ce48b9f6f08b83cac41b78455e

* Situated within a robust black plastic shell is the 16-inch laptop. Compared to the top variant of this GPU, which can draw up to 140 watts overall, its RTX 4070 has a TGP of 120 watts. But it's more powerful than the RTX 4060, with 4,608 shaders, 36 ray tracing cores, and 144 tensor cores. Both versions include 8GB of graphics memory. The RTX 4070 supports DLSS 3 with Frame Generation, same as every other GPU in the GeForce 40 series.
* In addition to the RTX 4070, the Victus 16's low resolution 16-inch display also helps with 3D viewing speed. Instead of displaying WQHD resolution, it simply displays Full HD at 1920 x 1080.
* The RTX 4070 performs similarly to a prior generation RTX 3080 in the 3DMark benchmark. In the Time Spy test, the advantage over an RTX 4060 is slightly less than 20%, while in the Port Royal Ray Tracing test, it is slightly less than 30%. But the rising gap is significant. The RTX 4080 outperforms the RTX 4070 by more than half.
* This is what's so remarkable. With a power-hungry Raptor Lake CPU from the HX series at its side, the Nvidia GPU cannot always exhaust the possible power consumption, so even with the lower TGP, the HP notebook's RTX 4070 does not exhibit worse graphics performance than the same model with 140 watts when used on an Intel platform in 3D Mark.
* However, The gaming tests clearly proved the benefit of a lower resolution. Even with highest details and ray tracing, the HP Victus consistently produces playable frame rates in slightly older games. The notebook reaches 107 frames per second with activated ray tracing shadows in ultra-quality and 147 frames per second in ultra-high in Shadow of the Tomb Raider (SOTTR). It is 82 frames per second in ultra-high and 70 frames per second with ray tracing in Dirt 5.
* The Victus 16's fans run at about 50 dB(A) while under load, which is a little quieter than 16-inch notebooks with similar specifications. Unlike other manufacturers, who pair the maximum fan speed with the processor's greatest performance level, HP has more flexibility in adjusting the fan speed and, consequently, the loudness. In the load test, the Victus 16's fan can spin up to 54 dB(A) for a brief period of time before softly reducing the noise once more without producing a continually shifting soundscape, which is more bothersome than noisy spinning fans.
* At little over five pounds, the Victus 16 is surprisingly light for a gaming laptop with a 16-inch screen. For a gaming laptop, which typically weighs six pounds or more, that is light. Another positive outcome from the battery test was that it lasted slightly under six hours while browsing the WLAN.
* \[[**CLICK HERE TO PURCHASE THE HP VICTUS GAMING LAPTOP**](https://www.ebay.com/itm/204894136642?mkcid=1&mkrid=711-53200-19255-0&siteid=0&campid=5338849294&customid=GameChanger&toolid=10001&mkevt=1)\]

# Overview of THE Lenovo LOQ Gaming Laptop:

https://preview.redd.it/multx4nceewd1.png?width=607&format=png&auto=webp&s=a8e7ff0addeeb1077213f319f09420f949fa8ad8

* A high-end rig costs thousands of dollars, and not everyone can or wants to spend that much money. We're constantly searching for the top gaming laptops under $1,000 for those who play games occasionally or simply don't need to run around at 120 frames per second in 4K resolution.On paper, the Lenovo LOQ 15ARP9 appears to offer a good mix between price and specifications. The AMD Ryzen 7 7435HS processor, 16GB of DDR5 (2 x 8GB), an Nvidia GeForce RTX 4070 discrete GPU, a 512GB PCIe 4.0 SSD, and a 15.6-inch 1080p 144Hz display are all included. Although it's a well-stocked machine, the LOQ contains some significant sacrifices that occasionally made us uneasy, and you can't have it all at this price point.
* The LOQ features a plastic chassis instead of carbon fiber composites or an aluminum unibody because of its low budget origins. Don't worry, though; Lenovo's lid and upper/lower chassis are made of sturdy plastic. This adds a high-end feel with little flex. The bezels surrounding the display are dark gray, while the keyboard deck and exterior lid are coated in shiny silver.
* The only visual standout for the chassis is a large protrusion in the top display bezel to accommodate the webcam and the power button, which is surrounded by a three-segment LED ring. The LOQ offers a respectable number of I/O ports, such as a 3.5 mm jack on the right side and USB Type-A and USB-C connectors. There is a physical switch to turn the webcam on or off between the 3.5 mm jack and the USB-C port. A proprietary Lenovo power port, an Ethernet port, two more USB-A ports, and an HDMI port are located on the back I/O panel, while the left side of the chassis is empty. Although there is plenty of room along the chassis for these improvements, I would have preferred to see a microSD reader and an extra USB-C connector.
* Additionally, The battery only lasts for three hours and twenty-four minutes. With regard to the 512GB Micron 2400 SSD that Lenovo installed, productivity performance fell short of that of the majority of its rivals. Some users may bog down in write-heavy jobs, but others won't notice the deficit in general use. Additionally, the speakers are poor quality, but that's to be expected given the price.
* \[[**CLICK HERE TO PURCHASE THE LENOVO LOQ GAMING LAPTOP**](https://www.ebay.com/itm/305718430632?mkcid=1&mkrid=711-53200-19255-0&siteid=0&campid=5338849294&customid=GameChanger&toolid=10001&mkevt=1)\]

&#x200B;

# SPECIFICATIONS OF THE [HP VICTUS GAMING LAPTOP](https://www.ebay.com/itm/204894136642?mkcid=1&mkrid=711-53200-19255-0&siteid=0&campid=5338849294&customid=GameChanger&toolid=10001&mkevt=1)

|Component|Specifications|
|:-|:-|
|**Screen Type**|IPS|
|**Screen Size**|16.1 inches|
|**Screen Resolution**|1920 x 1080 (Full HD)|
|**Dot density / refresh rate**|138 ppi / 144 Hz|
|**Brightness**|300 nits|
|**Processor Model**|AMD Ryzen 7 8000 Series|
|**Processor Model Number**|8845HS|
|**Number of CPU Cores**|8-core|
|**Storage**|512 gigabytes|
|**System Memory (RAM)**|16 GB DDR5-5600 (exchangeable)|
|**Graphics**|NVIDIA GeForce RTX 4070|
|**Battery Life (up to)**|10.25 hours|
|**Backlit Keyboard**|Yes|
|**Operating System**|Windows 11 Home|
|**Connections right**|1x Type-C (USB 3.2 Gen 1, Displayport 1.4, Power Delivery), 2x Type-A USB 3.2 Gen 1, 1x power|

&#x200B;

# SPECIFICATIONS OF THE [LENOVO LOQ GAMING LAPTOP](https://www.ebay.com/itm/305718430632?mkcid=1&mkrid=711-53200-19255-0&siteid=0&campid=5338849294&customid=GameChanger&toolid=10001&mkevt=1)

|Component|Specifications|
|:-|:-|
|**CPU**|AMD Ryzen 7 7435HS (8 cores / 16 threads, up to 4.5 GHz)|
|**Graphics**|Nvidia GeForce RTX 4060 (8GB, 1890 MHz boost, 115W TDP)|
|**Memory**|16GB DDR5-4800 (2 x 8GB SODIMM)|
|**Storage**|512GB M.2 2242 PCIe NVMe SSD|
|**Display**|15.6-inch, 1920 x 1080, IPS, 16:9, 144 Hz|
|**Ports**|1x USB Type-C, 3x USB 3.2 Gen 2 Type-A, 3.5 mm headphone jack, 1 GbE Ethernet, HDMI|
|**Operating System**|Windows 11 Home|
|**Weight**|5.12 pounds (2.32 kg)|

&#x200B;

# Pros and Cons

# (Lenovo LOQ Gaming Laptop)

## Pros

* Competitive gaming performance
* Reasonably priced
* Excellent 15.6-inch IPS display

## Cons

* Short battery life
* Slow SSD, although real-world usage may vary
* Poor productivity performance

# (HP Victus Gaming Laptop)

Pros

* Very good gaming performance in Full HD
* Full HD camera
* Fan not too loud
* Relatively light
* Large numeric keypad

## Cons

* Only FHD resolution
* Mediocre display brightness
* No m.2 Slot
* No fast USB ports
* No card reader

# 

# FINAL VERDICT

After reading through the details above your decision is based on what you as a buyer want most, If you want a gaming laptop that has decent enough battery life the HP Victus is the one for you, however if you do not care about battery life but the display is a top priority when gaming or during productivity the Lenovo LOQ is the one to lean towards. The RAM and SSDs are upgradable so those are not limiting factors. Both are insane deals priced at $899.99 for a RTX 4070, with the ability to run the latest games with decent fps and providing smooth gameplay on a budget.

# 

# ->[TO PURCHASE THE HP VICTUS GAMING LAPTOP CLICK HERE](https://www.ebay.com/itm/204894136642?mkcid=1&mkrid=711-53200-19255-0&siteid=0&campid=5338849294&customid=GameChanger&toolid=10001&mkevt=1)<--

# ->[TO PURCHAS THE LENOVO LOQ GAMING LAPTOP CLICK HERE](https://www.ebay.com/itm/305718430632?mkcid=1&mkrid=711-53200-19255-0&siteid=0&campid=5338849294&customid=GameChanger&toolid=10001&mkevt=1)<-",44,1g9xj1a,LaptopDeals,https://www.reddit.com/r/LaptopDeals/comments/1g9xj1a/comparison_of_the_hp_victus_rtx_4070_gaming/,30,2024-10-23 00:28:47,Reddit,"I have seen a lot of questions and decided to put together a short review and comparison to help those that are on the fence of purchasing either the [**Lenovo LOQ Gaming Laptop**](https://www.ebay.com/itm/305718430632?mkcid=1&mkrid=711-53200-19255-0&siteid=0&campid=5338849294&customid=GameChanger&toolid=10001&mkevt=1)**/**[**HP Victus Gaming Laptop**](https://www.ebay.com/itm/204894136642?mkcid=1&mkrid=711-53200-19255-0&siteid=0&campid=5338849294&customid=GameChanger&toolid=10001&mkevt=1);

https://preview.redd.it/dyn74opaeewd1.png?width=1024&format=png&auto=webp&s=4d53136bc98a08c6b52fd0b3e82f414775bbdabe

As you can see from the raw specifications that both laptops are equally balanced on paper, but is it really? Which laptop has the edge? Which laptop has the better built or better overall performance? Let's find out!

# Overview of THE HP Victus Gaming Laptop:

https://preview.redd.it/cgzswv5eeewd1.png?width=627&format=png&auto=webp&s=9fe8822ffd1f15ce48b9f6f08b83cac41b78455e

* Situated within a robust black plastic shell is the 16-inch laptop. Compared to the top variant of this GPU, which can draw up to 140 watts overall, its RTX 4070 has a TGP of 120 watts. But it's more powerful than the RTX 4060, with 4,608 shaders, 36 ray tracing cores, and 144 tensor cores. Both versions include 8GB of graphics memory. The RTX 4070 supports DLSS 3 with Frame Generation, same as every other GPU in the GeForce 40 series.
* In addition to the RTX 4070, the Victus 16's low resolution 16-inch display also helps with 3D viewing speed. Instead of displaying WQHD resolution, it simply displays Full HD at 1920 x 1080.
* The RTX 4070 performs similarly to a prior generation RTX 3080 in the 3DMark benchmark. In the Time Spy test, the advantage over an RTX 4060 is slightly less than 20%, while in the Port Royal Ray Tracing test, it is slightly less than 30%. But the rising gap is significant. The RTX 4080 outperforms the RTX 4070 by more than half.
* This is what's so remarkable. With a power-hungry Raptor Lake CPU from the HX series at its side, the Nvidia GPU cannot always exhaust the possible power consumption, so even with the lower TGP, the HP notebook's RTX 4070 does not exhibit worse graphics performance than the same model with 140 watts when used on an Intel platform in 3D Mark.
* However, The gaming tests clearly proved the benefit of a lower resolution. Even with highest details and ray tracing, the HP Victus consistently produces playable frame rates in slightly older games. The notebook reaches 107 frames per second with activated ray tracing shadows in ultra-quality and 147 frames per second in ultra-high in Shadow of the Tomb Raider (SOTTR). It is 82 frames per second in ultra-high and 70 frames per second with ray tracing in Dirt 5.
* The Victus 16's fans run at about 50 dB(A) while under load, which is a little quieter than 16-inch notebooks with similar specifications. Unlike other manufacturers, who pair the maximum fan speed with the processor's greatest performance level, HP has more flexibility in adjusting the fan speed and, consequently, the loudness. In the load test, the Victus 16's fan can spin up to 54 dB(A) for a brief period of time before softly reducing the noise once more without producing a continually shifting soundscape, which is more bothersome than noisy spinning fans.
* At little over five pounds, the Victus 16 is surprisingly light for a gaming laptop with a 16-inch screen. For a gaming laptop, which typically weighs six pounds or more, that is light. Another positive outcome from the battery test was that it lasted slightly under six hours while browsing the WLAN.
* \[[**CLICK HERE TO PURCHASE THE HP VICTUS GAMING LAPTOP**](https://www.ebay.com/itm/204894136642?mkcid=1&mkrid=711-53200-19255-0&siteid=0&campid=5338849294&customid=GameChanger&toolid=10001&mkevt=1)\]

# Overview of THE Lenovo LOQ Gaming Laptop:

https://preview.redd.it/multx4nceewd1.png?width=607&format=png&auto=webp&s=a8e7ff0addeeb1077213f319f09420f949fa8ad8

* A high-end rig costs thousands of dollars, and not everyone can or wants to spend that much money. We're constantly searching for the top gaming laptops under $1,000 for those who play games occasionally or simply don't need to run around at 120 frames per second in 4K resolution.On paper, the Lenovo LOQ 15ARP9 appears to offer a good mix between price and specifications. The AMD Ryzen 7 7435HS processor, 16GB of DDR5 (2 x 8GB), an Nvidia GeForce RTX 4070 discrete GPU, a 512GB PCIe 4.0 SSD, and a 15.6-inch 1080p 144Hz display are all included. Although it's a well-stocked machine, the LOQ contains some significant sacrifices that occasionally made us uneasy, and you can't have it all at this price point.
* The LOQ features a plastic chassis instead of carbon fiber composites or an aluminum unibody because of its low budget origins. Don't worry, though; Lenovo's lid and upper/lower chassis are made of sturdy plastic. This adds a high-end feel with little flex. The bezels surrounding the display are dark gray, while the keyboard deck and exterior lid are coated in shiny silver.
* The only visual standout for the chassis is a large protrusion in the top display bezel to accommodate the webcam and the power button, which is surrounded by a three-segment LED ring. The LOQ offers a respectable number of I/O ports, such as a 3.5 mm jack on the right side and USB Type-A and USB-C connectors. There is a physical switch to turn the webcam on or off between the 3.5 mm jack and the USB-C port. A proprietary Lenovo power port, an Ethernet port, two more USB-A ports, and an HDMI port are located on the back I/O panel, while the left side of the chassis is empty. Although there is plenty of room along the chassis for these improvements, I would have preferred to see a microSD reader and an extra USB-C connector.
* Additionally, The battery only lasts for three hours and twenty-four minutes. With regard to the 512GB Micron 2400 SSD that Lenovo installed, productivity performance fell short of that of the majority of its rivals. Some users may bog down in write-heavy jobs, but others won't notice the deficit in general use. Additionally, the speakers are poor quality, but that's to be expected given the price.
* \[[**CLICK HERE TO PURCHASE THE LENOVO LOQ GAMING LAPTOP**](https://www.ebay.com/itm/305718430632?mkcid=1&mkrid=711-53200-19255-0&siteid=0&campid=5338849294&customid=GameChanger&toolid=10001&mkevt=1)\]

&#x200B;

# SPECIFICATIONS OF THE [HP VICTUS GAMING LAPTOP](https://www.ebay.com/itm/204894136642?mkcid=1&mkrid=711-53200-19255-0&siteid=0&campid=5338849294&customid=GameChanger&toolid=10001&mkevt=1)

|Component|Specifications|
|:-|:-|
|**Screen Type**|IPS|
|**Screen Size**|16.1 inches|
|**Screen Resolution**|1920 x 1080 (Full HD)|
|**Dot density / refresh rate**|138 ppi / 144 Hz|
|**Brightness**|300 nits|
|**Processor Model**|AMD Ryzen 7 8000 Series|
|**Processor Model Number**|8845HS|
|**Number of CPU Cores**|8-core|
|**Storage**|512 gigabytes|
|**System Memory (RAM)**|16 GB DDR5-5600 (exchangeable)|
|**Graphics**|NVIDIA GeForce RTX 4070|
|**Battery Life (up to)**|10.25 hours|
|**Backlit Keyboard**|Yes|
|**Operating System**|Windows 11 Home|
|**Connections right**|1x Type-C (USB 3.2 Gen 1, Displayport 1.4, Power Delivery), 2x Type-A USB 3.2 Gen 1, 1x power|

&#x200B;

# SPECIFICATIONS OF THE [LENOVO LOQ GAMING LAPTOP](https://www.ebay.com/itm/305718430632?mkcid=1&mkrid=711-53200-19255-0&siteid=0&campid=5338849294&customid=GameChanger&toolid=10001&mkevt=1)

|Component|Specifications|
|:-|:-|
|**CPU**|AMD Ryzen 7 7435HS (8 cores / 16 threads, up to 4.5 GHz)|
|**Graphics**|Nvidia GeForce RTX 4060 (8GB, 1890 MHz boost, 115W TDP)|
|**Memory**|16GB DDR5-4800 (2 x 8GB SODIMM)|
|**Storage**|512GB M.2 2242 PCIe NVMe SSD|
|**Display**|15.6-inch, 1920 x 1080, IPS, 16:9, 144 Hz|
|**Ports**|1x USB Type-C, 3x USB 3.2 Gen 2 Type-A, 3.5 mm headphone jack, 1 GbE Ethernet, HDMI|
|**Operating System**|Windows 11 Home|
|**Weight**|5.12 pounds (2.32 kg)|

&#x200B;

# Pros and Cons

# (Lenovo LOQ Gaming Laptop)

## Pros

* Competitive gaming performance
* Reasonably priced
* Excellent 15.6-inch IPS display

## Cons

* Short battery life
* Slow SSD, although real-world usage may vary
* Poor productivity performance

# (HP Victus Gaming Laptop)

Pros

* Very good gaming performance in Full HD
* Full HD camera
* Fan not too loud
* Relatively light
* Large numeric keypad

## Cons

* Only FHD resolution
* Mediocre display brightness
* No m.2 Slot
* No fast USB ports
* No card reader

# 

# FINAL VERDICT

After reading through the details above your decision is based on what you as a buyer want most, If you want a gaming laptop that has decent enough battery life the HP Victus is the one for you, however if you do not care about battery life but the display is a top priority when gaming or during productivity the Lenovo LOQ is the one to lean towards. The RAM and SSDs are upgradable so those are not limiting factors. Both are insane deals priced at $899.99 for a RTX 4070, with the ability to run the latest games with decent fps and providing smooth gameplay on a budget.

# 

# ->[TO PURCHASE THE HP VICTUS GAMING LAPTOP CLICK HERE](https://www.ebay.com/itm/204894136642?mkcid=1&mkrid=711-53200-19255-0&siteid=0&campid=5338849294&customid=GameChanger&toolid=10001&mkevt=1)<--

# ->[TO PURCHAS THE LENOVO LOQ GAMING LAPTOP CLICK HERE](https://www.ebay.com/itm/305718430632?mkcid=1&mkrid=711-53200-19255-0&siteid=0&campid=5338849294&customid=GameChanger&toolid=10001&mkevt=1)<-",seen lot question decided put together short review comparison help fence purchasing either lenovo loq gaming laptop victus gaming laptop see raw specification laptop equally balanced paper really laptop edge laptop better built better overall performance let find overview hp victus gaming laptop situated within robust black plastic shell 16 inch laptop compared top variant gpu draw 140 watt overall rtx 4070 tgp 120 watt powerful rtx 4060 4 608 shaders 36 ray tracing core 144 tensor core version include 8gb graphic memory rtx 4070 support dlss 3 frame generation every gpu geforce 40 series addition rtx 4070 victus 16 low resolution 16 inch display also help 3d viewing speed instead displaying wqhd resolution simply display full hd 1920 x 1080 rtx 4070 performs similarly prior generation rtx 3080 3dmark benchmark time spy test advantage rtx 4060 slightly less 20 port royal ray tracing test slightly less 30 rising gap significant rtx 4080 outperforms rtx 4070 half remarkable power hungry raptor lake cpu hx series side nvidia gpu cannot always exhaust possible power consumption even lower tgp hp notebook rtx 4070 exhibit worse graphic performance model 140 watt used intel platform 3d mark however gaming test clearly proved benefit lower resolution even highest detail ray tracing hp victus consistently produce playable frame rate slightly older game notebook reach 107 frame per second activated ray tracing shadow ultra quality 147 frame per second ultra high shadow tomb raider sottr 82 frame per second ultra high 70 frame per second ray tracing dirt 5 victus 16 fan run 50 db load little quieter 16 inch notebook similar specification unlike manufacturer pair maximum fan speed processor greatest performance level hp flexibility adjusting fan speed consequently loudness load test victus 16 fan spin 54 db brief period time softly reducing noise without producing continually shifting soundscape bothersome noisy spinning fan little five pound victus 16 surprisingly light gaming laptop 16 inch screen gaming laptop typically weighs six pound light another positive outcome battery test lasted slightly six hour browsing wlan click purchase hp victus gaming laptop overview lenovo loq gaming laptop high end rig cost thousand dollar everyone want spend much money constantly searching top gaming laptop 1 000 play game occasionally simply need run around 120 frame per second 4k resolution paper lenovo loq 15arp9 appears offer good mix price specification amd ryzen 7 7435hs processor 16gb ddr5 2 x 8gb nvidia geforce rtx 4070 discrete gpu 512gb pcie 4 0 ssd 15 6 inch 1080p 144hz display included although well stocked machine loq contains significant sacrifice occasionally made u uneasy price point loq feature plastic chassis instead carbon fiber composite aluminum unibody low budget origin worry though lenovo lid upper lower chassis made sturdy plastic add high end feel little flex bezel surrounding display dark gray keyboard deck exterior lid coated shiny silver visual standout chassis large protrusion top display bezel accommodate webcam power button surrounded three segment led ring loq offer respectable number port 3 5 mm jack right side usb type usb c connector physical switch turn webcam 3 5 mm jack usb c port proprietary lenovo power port ethernet port two usb port hdmi port located back panel left side chassis empty although plenty room along chassis improvement would preferred see microsd reader extra usb c connector additionally battery last three hour twenty four minute regard 512gb micron 2400 ssd lenovo installed productivity performance fell short majority rival user may bog write heavy job others notice deficit general use additionally speaker poor quality expected given price click purchase lenovo loq gaming laptop x200b specification hp victus gaming laptop component specification screen type ip screen size 16 1 inch screen resolution 1920 x 1080 full hd dot density refresh rate 138 ppi 144 hz brightness 300 nit processor model amd ryzen 7 8000 series processor model number 8845hs number cpu core 8 core storage 512 gigabyte system memory ram 16 gb ddr5 5600 exchangeable graphic nvidia geforce rtx 4070 battery life 10 25 hour backlit keyboard yes operating system window 11 home connection right 1x type c usb 3 2 gen 1 displayport 1 4 power delivery 2x type usb 3 2 gen 1 1x power x200b specification lenovo loq gaming laptop component specification cpu amd ryzen 7 7435hs 8 core 16 thread 4 5 ghz graphic nvidia geforce rtx 4060 8gb 1890 mhz boost 115w tdp memory 16gb ddr5 4800 2 x 8gb sodimm storage 512gb 2 2242 pcie nvme ssd display 15 6 inch 1920 x 1080 ip 16 9 144 hz port 1x usb type c 3x usb 3 2 gen 2 type 3 5 mm headphone jack 1 gbe ethernet hdmi operating system window 11 home weight 5 12 pound 2 32 kg x200b pro con lenovo loq gaming laptop pro competitive gaming performance reasonably priced excellent 15 6 inch ip display con short battery life slow ssd although real world usage may vary poor productivity performance hp victus gaming laptop pro good gaming performance full hd full hd camera fan loud relatively light large numeric keypad con fhd resolution mediocre display brightness 2 slot fast usb port card reader final verdict reading detail decision based buyer want want gaming laptop decent enough battery life hp victus one however care battery life display top priority gaming productivity lenovo loq one lean towards ram ssds upgradable limiting factor insane deal priced 899 99 rtx 4070 ability run latest game decent fps providing smooth gameplay budget purchase hp victus gaming laptop click purchas lenovo loq gaming laptop click
How to deal with EMP in HP,"Hi,
Recently started playing online, specifically hot pursuit playlist which is a ton of fun. However im struggling with EMP since it looks on. There doesnt seem to be any way to avoid it which becomes really frustrating when you end up in a loop of EMP - being taken out - respawn - EMP.

The effect also carries over when you respawn after youve been taken out. Which leaves just sitting on the road like an idiot with a bunch of police cars barreling down on you.

I've read about Jammers though im not sure the info is from hot pursuit the game? Jammers do nothing in online play it seems. Really confused, am i missing something? Thanks.",4,1g8k9uz,NFSUnboundGame,https://www.reddit.com/r/NFSUnboundGame/comments/1g8k9uz/how_to_deal_with_emp_in_hp/,10,2024-10-21 07:45:11,Reddit,"Hi,
Recently started playing online, specifically hot pursuit playlist which is a ton of fun. However im struggling with EMP since it looks on. There doesnt seem to be any way to avoid it which becomes really frustrating when you end up in a loop of EMP - being taken out - respawn - EMP.

The effect also carries over when you respawn after youve been taken out. Which leaves just sitting on the road like an idiot with a bunch of police cars barreling down on you.

I've read about Jammers though im not sure the info is from hot pursuit the game? Jammers do nothing in online play it seems. Really confused, am i missing something? Thanks.",hi recently started playing online specifically hot pursuit playlist ton fun however im struggling emp since look doesnt seem way avoid becomes really frustrating end loop emp taken respawn emp effect also carry respawn youve taken leaf sitting road like idiot bunch police car barreling read jammer though im sure info hot pursuit game jammer nothing online play seems really confused missing something thanks
My nokia xr21 smartphone is no longer recognized by my HP ZBook Power 15.6!,"Since a few days, my notebook can't recognize my Nokia xr21 connected via usb.

If I choose the option: “File transfer” from the Nokia nothing happens.  
If I use another laptop everything is ok; I see the folder with the DCIM content and I can access it without problems with the option “File transfer”.

I've tried changing the USB C cable, using another USB port on the PC and even did a restore to a date before the last windows update but nothing.

In “Device Manager” while the device related to my other Samsung smartphone is present and working, the Nokia device is not present and is only visible if I set the option: “Display hidden devices.”  
When I go to Properties of Nokia XR21 I read that the device is not connected; error code 45.

I have uninstalled the driver but it fails to reinstall anything after I unplug and reconnect the USB C cable.

How can I solve the problem?",3,1g9nqrh,Nokia,https://www.reddit.com/r/Nokia/comments/1g9nqrh/my_nokia_xr21_smartphone_is_no_longer_recognized/,1,2024-10-22 17:25:31,Reddit,"Since a few days, my notebook can't recognize my Nokia xr21 connected via usb.

If I choose the option: “File transfer” from the Nokia nothing happens.  
If I use another laptop everything is ok; I see the folder with the DCIM content and I can access it without problems with the option “File transfer”.

I've tried changing the USB C cable, using another USB port on the PC and even did a restore to a date before the last windows update but nothing.

In “Device Manager” while the device related to my other Samsung smartphone is present and working, the Nokia device is not present and is only visible if I set the option: “Display hidden devices.”  
When I go to Properties of Nokia XR21 I read that the device is not connected; error code 45.

I have uninstalled the driver but it fails to reinstall anything after I unplug and reconnect the USB C cable.

How can I solve the problem?",since day notebook recognize nokia xr21 connected via usb choose option file transfer nokia nothing happens use another laptop everything ok see folder dcim content access without problem option file transfer tried changing usb c cable using another usb port pc even restore date last window update nothing device manager device related samsung smartphone present working nokia device present visible set option display hidden device go property nokia xr21 read device connected error code 45 uninstalled driver fails reinstall anything unplug reconnect usb c cable solve problem
St James School of Medicine CAAM-HP/ACCM accreditation,"St James is accredited by ACCM but not CAAM-HP. What does this mean?

If I go there, can I still take usmle and get into residency in the US?",5,1g8tghw,CaribbeanMedSchool,https://www.reddit.com/r/CaribbeanMedSchool/comments/1g8tghw/st_james_school_of_medicine_caamhpaccm/,20,2024-10-21 16:09:33,Reddit,"St James is accredited by ACCM but not CAAM-HP. What does this mean?

If I go there, can I still take usmle and get into residency in the US?",st james accredited accm caam hp mean go still take usmle get residency u
Kurgs living with 1 HP after ulting,"As a top laner, with my ult dealing 1333 damage, left the big krug at 1 hp when it had 1330 hp. Is this a known interaction? A potential rounding issue would make sense if the difference was between 2 hp. Anyone encounter this?",13,1g8dzvn,ChoGathMains,https://www.reddit.com/r/ChoGathMains/comments/1g8dzvn/kurgs_living_with_1_hp_after_ulting/,13,2024-10-21 01:05:45,Reddit,"As a top laner, with my ult dealing 1333 damage, left the big krug at 1 hp when it had 1330 hp. Is this a known interaction? A potential rounding issue would make sense if the difference was between 2 hp. Anyone encounter this?",top laner ult dealing 1333 damage left big krug 1 hp 1330 hp known interaction potential rounding issue would make sense difference 2 hp anyone encounter
Dummy beginner question regarding top torque and HP,"I own a Ninja 500. It has the following engine specs:

Maximum Horsepower: 51.0 hp' @ 10,000 rpm
Maximum Torque: 31.7 lb-ft @ 7,500 rpm

My question is: in what gear (it has 6) do we achieve max HP and then at what gear we achieve max torque? 

I’ve done some research and from what I understand Max HP is in 6th gear @10k RPM, correct? 

Max torque is a bit more confusing. Is max torque reached in 1st gear @7.5k RPM?

",5,1g8ptx3,Kawasaki,https://www.reddit.com/r/Kawasaki/comments/1g8ptx3/dummy_beginner_question_regarding_top_torque_and/,7,2024-10-21 13:35:01,Reddit,"I own a Ninja 500. It has the following engine specs:

Maximum Horsepower: 51.0 hp' @ 10,000 rpm
Maximum Torque: 31.7 lb-ft @ 7,500 rpm

My question is: in what gear (it has 6) do we achieve max HP and then at what gear we achieve max torque? 

I’ve done some research and from what I understand Max HP is in 6th gear @10k RPM, correct? 

Max torque is a bit more confusing. Is max torque reached in 1st gear @7.5k RPM?

",ninja 500 following engine spec maximum horsepower 51 0 hp 10 000 rpm maximum torque 31 7 lb ft 7 500 rpm question gear 6 achieve max hp gear achieve max torque done research understand max hp 6th gear 10k rpm correct max torque bit confusing max torque reached 1st gear 7 5k rpm
Build for the upcoming Homa. How is she? (around 1314 Atk without hydro resonance and HP above 50% / 1666 with resonance and HP below 50%),,3,1g8nfqt,HuTao_Mains,https://i.redd.it/2utgob5ig3wd1.png,1,2024-10-21 11:31:00,Reddit,Build for the upcoming Homa. How is she? (around 1314 Atk without hydro resonance and HP above 50% / 1666 with resonance and HP below 50%),build upcoming homa around 1314 atk without hydro resonance hp 50 1666 resonance hp 50
Martial Artist dmg test (1M HP Dummy) . no pots,"after trying different setups , that was my best setup to maximize MA dmg 

51%wep with 51% armor dmg boost

combo: 5 (3-4-3-2-3-2-3-4-2-3 ) . Repeat the same combo

note : use 5 on CD

this combo helped me to activate all buffs and dmg resistance debuffs to maximize MA dmg

  
share if you have better combo or setups :3

https://preview.redd.it/6f5cdsi8p4wd1.png?width=1321&format=png&auto=webp&s=70fe9cbe718a7a6adc3c856f0040adf32496e334

",9,1g8ssp3,AQW,https://www.reddit.com/r/AQW/comments/1g8ssp3/martial_artist_dmg_test_1m_hp_dummy_no_pots/,3,2024-10-21 15:43:29,Reddit,"after trying different setups , that was my best setup to maximize MA dmg 

51%wep with 51% armor dmg boost

combo: 5 (3-4-3-2-3-2-3-4-2-3 ) . Repeat the same combo

note : use 5 on CD

this combo helped me to activate all buffs and dmg resistance debuffs to maximize MA dmg

  
share if you have better combo or setups :3

https://preview.redd.it/6f5cdsi8p4wd1.png?width=1321&format=png&auto=webp&s=70fe9cbe718a7a6adc3c856f0040adf32496e334

",trying different setup best setup maximize dmg 51 wep 51 armor dmg boost combo 5 3 4 3 2 3 2 3 4 2 3 repeat combo note use 5 cd combo helped activate buff dmg resistance debuffs maximize dmg share better combo setup 3
Being spoiled by estus flasks I’m looking into making a HP regen build—— help me!,"I’m looking to find the right build for *me.* I’ve done some research. I’m thinking the temple knight starting class for the heal miracle, and go with the regeneration ring, Adjudicator Shield, and blessed mace to get me off the ground. 

Later on I’d like to maybe move on to another weapon? Which would be a good choice? And I’d like to use the warding buff too. 

Is all of this reasonable? I’d like to hear some other thoughts though! Thanks! ",6,1g9nsgf,demonssouls,https://www.reddit.com/r/demonssouls/comments/1g9nsgf/being_spoiled_by_estus_flasks_im_looking_into/,11,2024-10-22 17:27:27,Reddit,"I’m looking to find the right build for *me.* I’ve done some research. I’m thinking the temple knight starting class for the heal miracle, and go with the regeneration ring, Adjudicator Shield, and blessed mace to get me off the ground. 

Later on I’d like to maybe move on to another weapon? Which would be a good choice? And I’d like to use the warding buff too. 

Is all of this reasonable? I’d like to hear some other thoughts though! Thanks! ",looking find right build done research thinking temple knight starting class heal miracle go regeneration ring adjudicator shield blessed mace get ground later like maybe move another weapon would good choice like use warding buff reasonable like hear thought though thanks
"Mickey Thomson 1969 mini dragster powered by a Tecumseh four-stroke single-cylinder engine, said to be good for an eye-watering 3 hp. 2nd pic: James Garner and Paul Newman enjoying the heck out of them.",,170,1gapffa,WeirdWheels,https://www.reddit.com/gallery/1gapffa,13,2024-10-24 00:07:30,Reddit,"Mickey Thomson 1969 mini dragster powered by a Tecumseh four-stroke single-cylinder engine, said to be good for an eye-watering 3 hp. 2nd pic: James Garner and Paul Newman enjoying the heck out of them.",mickey thomson 1969 mini dragster powered tecumseh four stroke single cylinder engine said good eye watering 3 hp 2nd pic james garner paul newman enjoying heck
"El Ornitorrinco es tan HP, ha tomado las mismas técnicas de Trump. No quiere presentarse dónde pueden joderla y hacerla trizas. Ella dicta cuándo va y quién tiene acceso a ella.",https://www.noticel.com/elecciones/top-stories/20241023/jenniffer-gonzalez-colon-no-participara-del-debate-en-telemundo/,65,1gai4vm,PuertoRico,https://i.redd.it/uwvlr7m3xjwd1.jpeg,48,2024-10-23 18:44:24,Reddit,https://www.noticel.com/elecciones/top-stories/20241023/jenniffer-gonzalez-colon-no-participara-del-debate-en-telemundo/,
hp victus 16 is zero rpm fan possible under no load?,"hp victus 16 is zero rpm fan possible under no load?

  
I haven't seen the fans shut down at all under any situations, 14700hx + 4070.

  
coming from a blade 14 2017 (i7 7700 and 1060) im used to the fans shutting down and also saving batt that way when doing non-intense stuff like browsing reddit.

  
I also cant get it to last that long I suppose, hw info claims usually 35 to 44 w of usage with -0.1vcore in omen and battery saver active. also didnt have the nvidia local service enabled, might be because I switched to win10 from 11. 11 was always drawing about 50w from battery",2,1g99xej,HPVictus,https://www.reddit.com/r/HPVictus/comments/1g99xej/hp_victus_16_is_zero_rpm_fan_possible_under_no/,4,2024-10-22 04:31:10,Reddit,"hp victus 16 is zero rpm fan possible under no load?

  
I haven't seen the fans shut down at all under any situations, 14700hx + 4070.

  
coming from a blade 14 2017 (i7 7700 and 1060) im used to the fans shutting down and also saving batt that way when doing non-intense stuff like browsing reddit.

  
I also cant get it to last that long I suppose, hw info claims usually 35 to 44 w of usage with -0.1vcore in omen and battery saver active. also didnt have the nvidia local service enabled, might be because I switched to win10 from 11. 11 was always drawing about 50w from battery",hp victus 16 zero rpm fan possible load seen fan shut situation 14700hx 4070 coming blade 14 2017 i7 7700 1060 im used fan shutting also saving batt way non intense stuff like browsing reddit also cant get last long suppose hw info claim usually 35 44 w usage 0 1vcore omen battery saver active also didnt nvidia local service enabled might switched win10 11 11 always drawing 50w battery
My honest reaction to every teammate who at low hp keep running away from me:,,52,1g95aqf,PvZGardenWarfare,https://i.redd.it/nxggi3pwc7wd1.jpeg,6,2024-10-22 00:29:49,Reddit,My honest reaction to every teammate who at low hp keep running away from me:,honest reaction every teammate low hp keep running away
Can my 25 hp garden tractor pull a 630 lb rough cut mower?,"I'm looking for a solution to mow a couple acres of flat meadow once or twice a year. The meadow has some 5 foot tall goldenrod and an occasional <1"" sapling but is mainly just grass and wildflowers - pretty tame as far as bush hogging goes. Access to the meadow is also flat. 

Do you think my John Deer x500 garden tractor (25hp, 700ish pounds, 2wd, hydro transmission) is powerful enough to pull something like[ this 630 pound,  self powered rough cut mower](https://www.getearthquake.com/products/acreage%E2%84%A2-tow-behind-rough-cut-mower?_pos=1&_psq=acreage&_ss=e&_v=1.0)?

Thanks!",16,1g940qr,tractors,https://www.reddit.com/r/tractors/comments/1g940qr/can_my_25_hp_garden_tractor_pull_a_630_lb_rough/,22,2024-10-21 23:27:39,Reddit,"I'm looking for a solution to mow a couple acres of flat meadow once or twice a year. The meadow has some 5 foot tall goldenrod and an occasional <1"" sapling but is mainly just grass and wildflowers - pretty tame as far as bush hogging goes. Access to the meadow is also flat. 

Do you think my John Deer x500 garden tractor (25hp, 700ish pounds, 2wd, hydro transmission) is powerful enough to pull something like[ this 630 pound,  self powered rough cut mower](https://www.getearthquake.com/products/acreage%E2%84%A2-tow-behind-rough-cut-mower?_pos=1&_psq=acreage&_ss=e&_v=1.0)?

Thanks!",looking solution mow couple acre flat meadow twice year meadow 5 foot tall goldenrod occasional 1 sapling mainly grass wildflower pretty tame far bush hogging go access meadow also flat think john deer x500 garden tractor 25hp 700ish pound 2wd hydro transmission powerful enough pull something like 630 pound self powered rough cut mower thanks
I got radhan to One Hp 4x and one close win...how does this keep happening to me!,,6,1g9tunl,Eldenring,https://www.reddit.com/gallery/1g9tunl,3,2024-10-22 21:38:20,Reddit,I got radhan to One Hp 4x and one close win...how does this keep happening to me!,got radhan one hp 4x one close win keep happening
Is running 2xp102-100 in an hp z440 with only 2 6pin pcie cables a bad idea?,"Right now I do all of my LLM and image generation work on an hp z440 work station with a xeon e5-2690v4 and 128GB of 2133 ram. It gets the job done getting a couple tokens per second on models as large as 32b, and almost 1tk/second on qwen2.5 72b. It can also generate 512x512 images using flux schnell in about 100 seconds, which is good enough for me.

With all that being said I would love to be able to run even some smaller models a bit faster than that, and being able to offload either flux or the llm to gpu so that I can have both running at the same time would be nice.

The issue is, of course, money. I can get 2 P102-100 gpus with 10gb of ram each for about $80 on ebay, which is way cheaper than getting even a single 16GB card. But the p102-100 draws up to 300 watts, and my workstation, though it has a 700 watt power supply, is proprietary and only has 2 6 pin pcie cables, capable of supplying 75 watts each, with another 75 watts coming from the pcie slot that adds up to 150 watts, which is theoretically within the spec for powerlimits on the p102-100 which can have a -50% power limit set.

I would love to hear your thoughts on how stupid this idea is, and any other alternatives you can suggest.",3,1g9s3aq,LocalLLaMA,https://www.reddit.com/r/LocalLLaMA/comments/1g9s3aq/is_running_2xp102100_in_an_hp_z440_with_only_2/,5,2024-10-22 20:23:36,Reddit,"Right now I do all of my LLM and image generation work on an hp z440 work station with a xeon e5-2690v4 and 128GB of 2133 ram. It gets the job done getting a couple tokens per second on models as large as 32b, and almost 1tk/second on qwen2.5 72b. It can also generate 512x512 images using flux schnell in about 100 seconds, which is good enough for me.

With all that being said I would love to be able to run even some smaller models a bit faster than that, and being able to offload either flux or the llm to gpu so that I can have both running at the same time would be nice.

The issue is, of course, money. I can get 2 P102-100 gpus with 10gb of ram each for about $80 on ebay, which is way cheaper than getting even a single 16GB card. But the p102-100 draws up to 300 watts, and my workstation, though it has a 700 watt power supply, is proprietary and only has 2 6 pin pcie cables, capable of supplying 75 watts each, with another 75 watts coming from the pcie slot that adds up to 150 watts, which is theoretically within the spec for powerlimits on the p102-100 which can have a -50% power limit set.

I would love to hear your thoughts on how stupid this idea is, and any other alternatives you can suggest.",right llm image generation work hp z440 work station xeon e5 2690v4 128gb 2133 ram get job done getting couple token per second model large 32b almost 1tk second qwen2 5 72b also generate 512x512 image using flux schnell 100 second good enough said would love able run even smaller model bit faster able offload either flux llm gpu running time would nice issue course money get 2 p102 100 gpus 10gb ram 80 ebay way cheaper getting even single 16gb card p102 100 draw 300 watt workstation though 700 watt power supply proprietary 2 6 pin pcie cable capable supplying 75 watt another 75 watt coming pcie slot add 150 watt theoretically within spec powerlimits p102 100 50 power limit set would love hear thought stupid idea alternative suggest
"14"" laptop (for school) - HP Spectre 14 vs Asus Zenbook 14 vs ?","Hey guys! I'm looking at upgrading from my 7-year-old Microsoft Surface Laptop 1, and after many hours watching reviews and scrolling through subreddits I think I'd like a bit more input from everyday users to help me decide what laptop to get!

2 laptops that I'm considering at the moment are the hp spectre 14 (2024) and the asus zenbook 14 (amd 2024). After all my research I am seeking some advice as mentioned below:

* Spectre 14 - main downside I've read about is poor real-world battery life compared to figures given in reviews. If people are only managing 6 hours with conservative settings for office work, my concern is that I'd only be getting maybe 4 hours by the time the laptop is 4-5 years old (and my current laptop can still give me 4 hours in this same use case). Other than that, are there any other big downsides or things I should consider in this laptop?
* Zenbook 14 - better battery life than the spectre, but main downside is the worse display, being 1200p 60hz. I'm used to 60hz from my current laptop and I mostly use it plugged into an external monitor (when I'm at home), but I'm curious as to people's thoughts on this quality of a display when used on its own. I wonder if the quality of the display should be less of a concern given my use case with the external monitor?

Or, if anyone has suggestions for similar/alternative laptops to these ones, I'd appreciate any recommendations! Here is a little more info on what I'm looking for:

* **Display** - 14"", touchscreen would be ideal
* **Location/Budget** - Australia, \~$2k but willing to stretch if necessary
* **Use case** - office work/study, light gaming but nothing too intensive
* **Form factor** - standard is fine (i.e. 2 in 1 not necessary)
* **Performance** - similar ballpark to the spectre (core ultra 7) and zenbook (amd 8840hs) - from reviews I've seen, these are pretty equal considering single vs multi core performance
* **Battery** - \~8 hours brand new would be good, to account for battery degradation over time",3,1g9gbra,SuggestALaptop,https://www.reddit.com/r/SuggestALaptop/comments/1g9gbra/14_laptop_for_school_hp_spectre_14_vs_asus/,0,2024-10-22 11:57:14,Reddit,"Hey guys! I'm looking at upgrading from my 7-year-old Microsoft Surface Laptop 1, and after many hours watching reviews and scrolling through subreddits I think I'd like a bit more input from everyday users to help me decide what laptop to get!

2 laptops that I'm considering at the moment are the hp spectre 14 (2024) and the asus zenbook 14 (amd 2024). After all my research I am seeking some advice as mentioned below:

* Spectre 14 - main downside I've read about is poor real-world battery life compared to figures given in reviews. If people are only managing 6 hours with conservative settings for office work, my concern is that I'd only be getting maybe 4 hours by the time the laptop is 4-5 years old (and my current laptop can still give me 4 hours in this same use case). Other than that, are there any other big downsides or things I should consider in this laptop?
* Zenbook 14 - better battery life than the spectre, but main downside is the worse display, being 1200p 60hz. I'm used to 60hz from my current laptop and I mostly use it plugged into an external monitor (when I'm at home), but I'm curious as to people's thoughts on this quality of a display when used on its own. I wonder if the quality of the display should be less of a concern given my use case with the external monitor?

Or, if anyone has suggestions for similar/alternative laptops to these ones, I'd appreciate any recommendations! Here is a little more info on what I'm looking for:

* **Display** - 14"", touchscreen would be ideal
* **Location/Budget** - Australia, \~$2k but willing to stretch if necessary
* **Use case** - office work/study, light gaming but nothing too intensive
* **Form factor** - standard is fine (i.e. 2 in 1 not necessary)
* **Performance** - similar ballpark to the spectre (core ultra 7) and zenbook (amd 8840hs) - from reviews I've seen, these are pretty equal considering single vs multi core performance
* **Battery** - \~8 hours brand new would be good, to account for battery degradation over time",hey guy looking upgrading 7 year old microsoft surface laptop 1 many hour watching review scrolling subreddits think like bit input everyday user help decide laptop get 2 laptop considering moment hp spectre 14 2024 asus zenbook 14 amd 2024 research seeking advice mentioned spectre 14 main downside read poor real world battery life compared figure given review people managing 6 hour conservative setting office work concern getting maybe 4 hour time laptop 4 5 year old current laptop still give 4 hour use case big downside thing consider laptop zenbook 14 better battery life spectre main downside worse display 1200p 60hz used 60hz current laptop mostly use plugged external monitor home curious people thought quality display used wonder quality display less concern given use case external monitor anyone suggestion similar alternative laptop one appreciate recommendation little info looking display 14 touchscreen would ideal location budget australia 2k willing stretch necessary use case office work study light gaming nothing intensive form factor standard fine e 2 1 necessary performance similar ballpark spectre core ultra 7 zenbook amd 8840hs review seen pretty equal considering single v multi core performance battery 8 hour brand new would good account battery degradation time
HP warranty service?,"Hello,

My Spectre x360 is about to run out of extended warranty coverage. I dropped it so case is not in a great shape and a bit of eyesore.

I also had USB A port that stopped working but comes back intermittently.

Should I ask HP to replace motherboard? USB C are working but notorious to fail and I would feel better with new motherboard. On the other hand, I would like to keep using laptop the way it was set up before, will I need to reinstall programs with new motherboard?

",2,1g7yd17,spectrex360,https://www.reddit.com/r/spectrex360/comments/1g7yd17/hp_warranty_service/,7,2024-10-20 13:11:02,Reddit,"Hello,

My Spectre x360 is about to run out of extended warranty coverage. I dropped it so case is not in a great shape and a bit of eyesore.

I also had USB A port that stopped working but comes back intermittently.

Should I ask HP to replace motherboard? USB C are working but notorious to fail and I would feel better with new motherboard. On the other hand, I would like to keep using laptop the way it was set up before, will I need to reinstall programs with new motherboard?

",hello spectre x360 run extended warranty coverage dropped case great shape bit eyesore also usb port stopped working come back intermittently ask hp replace motherboard usb c working notorious fail would feel better new motherboard hand would like keep using laptop way set need reinstall program new motherboard
I didn't expect to delete a quarter of Jane's hp,,1266,1g7wvie,ZZZ_Official,https://v.redd.it/e14p0slpfwvd1,130,2024-10-20 11:47:58,Reddit,I didn't expect to delete a quarter of Jane's hp,expect delete quarter jane hp
2 sticks of 32gb dimm memory for HP servers/laptops,,2,1g93pof,HoustonClassifieds,https://i.redd.it/1bir3se5z6wd1.jpeg,2,2024-10-21 23:12:52,Reddit,2 sticks of 32gb dimm memory for HP servers/laptops,2 stick 32gb dimm memory hp server laptop
Previous Abyss 3M HP Mountain King 1-cycle 17s clear / Ningguang Hypercarry,,20,1g92i08,NingguangMains,https://v.redd.it/fo5bg9o3p6wd1,3,2024-10-21 22:16:59,Reddit,Previous Abyss 3M HP Mountain King 1-cycle 17s clear / Ningguang Hypercarry,previous abyss 3m hp mountain king 1 cycle 17 clear ningguang hypercarry
" Muslim hawker assaulted by some men in Shimla,HP when he was out to sell his commodities.",,254,1g91n73,TotalKalesh,https://v.redd.it/xbryohtmi6wd1,87,2024-10-21 21:40:09,Reddit," Muslim hawker assaulted by some men in Shimla,HP when he was out to sell his commodities.",muslim hawker assaulted men shimla hp sell commodity
SH2R Enemy/Boss HP data,"  
In case anyone's curious, these appear to be the base health values, with the multipliers (where present) corresponding to Easy/Hard difficulty, I believe. OW = otherworld variant. This is pulled from the current (1.003) version.

Creeper                      - 5     \[no multiplier\]  
Lying Figure               - 180 \[0.69, 1.38\]  
Lying Figure OW        - 150 \[0.65, 1.3\]  
Mannequin                - 150 \[0.666, 1.333\]  
Mannequin Spider     - 150 \[no multiplier\]  
Nurse                         - 400 \[0.75, 1.25\]  
Nurse OW                  - 300 \[0.66, 1.33\]  
  
Mandarin                    - 1750 \[0.7, 1.3\]  
Pyramid Head Sword  - immortal (Boolean flag - no HP value)  
Pyramid Head Spear   - 3200 (cumulative, handled via separate BossFightManager blueprint; no multiplier)  
Flesh Lip                      - 3200 \[0.8, 1.5\]  
Eddie                           - 600   \[0.75, 1.25\]  
Abstract Daddy           - 3000 \[no multipliers\]

Mary Phase 1              - 1000     \[1.5 multiplier only\]   
Mary Phase 2              - 700       \[1.3 multiplier only\]  
Mary Phase 3              - 2000     \[0.75, 1.25\]  
Mary Phase 4              - 1/1337 \[no multiplier\]

For comparative reference, here are the weapon damage values (which do not appear to vary by difficulty):

Wooden Plank  - 25  
Pipe                  - 36       
Chainsaw          - 400      

Handgun          - 50  
Shotgun           - 35 (x6)    
Rifle                  - 150      ",9,1g7zh9b,silenthill,https://www.reddit.com/r/silenthill/comments/1g7zh9b/sh2r_enemyboss_hp_data/,13,2024-10-20 14:06:13,Reddit,"  
In case anyone's curious, these appear to be the base health values, with the multipliers (where present) corresponding to Easy/Hard difficulty, I believe. OW = otherworld variant. This is pulled from the current (1.003) version.

Creeper                      - 5     \[no multiplier\]  
Lying Figure               - 180 \[0.69, 1.38\]  
Lying Figure OW        - 150 \[0.65, 1.3\]  
Mannequin                - 150 \[0.666, 1.333\]  
Mannequin Spider     - 150 \[no multiplier\]  
Nurse                         - 400 \[0.75, 1.25\]  
Nurse OW                  - 300 \[0.66, 1.33\]  
  
Mandarin                    - 1750 \[0.7, 1.3\]  
Pyramid Head Sword  - immortal (Boolean flag - no HP value)  
Pyramid Head Spear   - 3200 (cumulative, handled via separate BossFightManager blueprint; no multiplier)  
Flesh Lip                      - 3200 \[0.8, 1.5\]  
Eddie                           - 600   \[0.75, 1.25\]  
Abstract Daddy           - 3000 \[no multipliers\]

Mary Phase 1              - 1000     \[1.5 multiplier only\]   
Mary Phase 2              - 700       \[1.3 multiplier only\]  
Mary Phase 3              - 2000     \[0.75, 1.25\]  
Mary Phase 4              - 1/1337 \[no multiplier\]

For comparative reference, here are the weapon damage values (which do not appear to vary by difficulty):

Wooden Plank  - 25  
Pipe                  - 36       
Chainsaw          - 400      

Handgun          - 50  
Shotgun           - 35 (x6)    
Rifle                  - 150      ",case anyone curious appear base health value multiplier present corresponding easy hard difficulty believe ow otherworld variant pulled current 1 003 version creeper 5 multiplier lying figure 180 0 69 1 38 lying figure ow 150 0 65 1 3 mannequin 150 0 666 1 333 mannequin spider 150 multiplier nurse 400 0 75 1 25 nurse ow 300 0 66 1 33 mandarin 1750 0 7 1 3 pyramid head sword immortal boolean flag hp value pyramid head spear 3200 cumulative handled via separate bossfightmanager blueprint multiplier flesh lip 3200 0 8 1 5 eddie 600 0 75 1 25 abstract daddy 3000 multiplier mary phase 1 1000 1 5 multiplier mary phase 2 700 1 3 multiplier mary phase 3 2000 0 75 1 25 mary phase 4 1 1337 multiplier comparative reference weapon damage value appear vary difficulty wooden plank 25 pipe 36 chainsaw 400 handgun 50 shotgun 35 x6 rifle 150
Trans HP ratings ,"If torque is the measurement of force/load, why are the transmission ratings always referencing HP?  I figured it would have something to do with tensile strength but I’m not well versed in engineering.",2,1g7x56i,Transmission,https://www.reddit.com/r/Transmission/comments/1g7x56i/trans_hp_ratings/,0,2024-10-20 12:03:08,Reddit,"If torque is the measurement of force/load, why are the transmission ratings always referencing HP?  I figured it would have something to do with tensile strength but I’m not well versed in engineering.",torque measurement force load transmission rating always referencing hp figured would something tensile strength well versed engineering
What's the most HP you've ever had,"A couple shots of adrenaline and a fat burrito got me all the way past 1,200. Albeit only for a few seconds. Lol. WBY?",92,1g7x5i9,cyberpunkgame,https://www.reddit.com/gallery/1g7x5i9,9,2024-10-20 12:03:42,Reddit,"A couple shots of adrenaline and a fat burrito got me all the way past 1,200. Albeit only for a few seconds. Lol. WBY?",couple shot adrenaline fat burrito got way past 1 200 albeit second lol wby
Hp specter x360 not booting,"So hi 
I was editing this video in Adobe after effects.
The laptop just crashed and when I tried to restart it. It said 
""Boot device not found
Please install operating system on your hard drive
Hard disk- (3F0)""

I already did a system diagnosis and it passed for everything even for storage. So I don't think I need a new ssd. I also saw another post regarding this and they said they tried using legacy mode to Boot and it worked. But I checked and this laptop doesn't have that option.
I have no idea what else to do any help is appreciated 
Thank you already ",2,1g88ref,Hewlett_Packard,https://www.reddit.com/r/Hewlett_Packard/comments/1g88ref/hp_specter_x360_not_booting/,5,2024-10-20 20:51:55,Reddit,"So hi 
I was editing this video in Adobe after effects.
The laptop just crashed and when I tried to restart it. It said 
""Boot device not found
Please install operating system on your hard drive
Hard disk- (3F0)""

I already did a system diagnosis and it passed for everything even for storage. So I don't think I need a new ssd. I also saw another post regarding this and they said they tried using legacy mode to Boot and it worked. But I checked and this laptop doesn't have that option.
I have no idea what else to do any help is appreciated 
Thank you already ",hi editing video adobe effect laptop crashed tried restart said boot device found please install operating system hard drive hard disk 3f0 already system diagnosis passed everything even storage think need new ssd also saw another post regarding said tried using legacy mode boot worked checked laptop option idea else help appreciated thank already
"Yesterday the cat rescue I volunteer with made 21 warm shelters for the outdoor kitties in Detroit, Hamtramck and HP! ",We give these shelters to the colony caretakers that we have helped trap-neuter-return cats for during the year. We are currently still collecting supplies to continue making more! ,1068,1g8zvl8,Detroit,https://i.redd.it/6w2udoem56wd1.jpeg,101,2024-10-21 20:27:14,Reddit,We give these shelters to the colony caretakers that we have helped trap-neuter-return cats for during the year. We are currently still collecting supplies to continue making more! ,give shelter colony caretaker helped trap neuter return cat year currently still collecting supply continue making
HP difference between DCT and Manual FL,"I noticed the i30n DCT has more HP at the crank than advertised: [https://www.youtube.com/watch?v=nw42\_FRjzVs](https://www.youtube.com/watch?v=nw42_FRjzVs)

I'm curious to know if it's the same for the manual. Does anyone have a dyno for the manual FL?",9,1g8b751,i30N,https://www.reddit.com/r/i30N/comments/1g8b751/hp_difference_between_dct_and_manual_fl/,19,2024-10-20 22:43:13,Reddit,"I noticed the i30n DCT has more HP at the crank than advertised: [https://www.youtube.com/watch?v=nw42\_FRjzVs](https://www.youtube.com/watch?v=nw42_FRjzVs)

I'm curious to know if it's the same for the manual. Does anyone have a dyno for the manual FL?",noticed i30n dct hp crank advertised curious know manual anyone dyno manual fl
Enemies being left with a single HP after strong attack,"Maybe it's just me, but no matter how powerful the attack, there is a strong likelihood that the npc will be left with a single HP instead of just dying.  It seems to happen most when the NPC would otherwise not attack in the 1st round ('cause of, you know, death) so that it still gets a chance to attack. ",243,1g83nii,BG3,https://www.reddit.com/r/BG3/comments/1g83nii/enemies_being_left_with_a_single_hp_after_strong/,38,2024-10-20 17:11:59,Reddit,"Maybe it's just me, but no matter how powerful the attack, there is a strong likelihood that the npc will be left with a single HP instead of just dying.  It seems to happen most when the NPC would otherwise not attack in the 1st round ('cause of, you know, death) so that it still gets a chance to attack. ",maybe matter powerful attack strong likelihood npc left single hp instead dying seems happen npc would otherwise attack 1st round cause know death still get chance attack
HP Victus 15 VS 16 Which one should I buy,"Hi everyone, I am having a little trouble on what laptop I should buy. So the two laptops that fit in my budget are HP Victus 15 and 16. I was wondering which one is better or is more worth it's price. Thank you very much in advance.",5,1g8qa61,Craptopgamingadvice,https://www.reddit.com/r/Craptopgamingadvice/comments/1g8qa61/hp_victus_15_vs_16_which_one_should_i_buy/,3,2024-10-21 13:55:55,Reddit,"Hi everyone, I am having a little trouble on what laptop I should buy. So the two laptops that fit in my budget are HP Victus 15 and 16. I was wondering which one is better or is more worth it's price. Thank you very much in advance.",hi everyone little trouble laptop buy two laptop fit budget hp victus 15 16 wondering one better worth price thank much advance
"Night stay in Triund,HP",,36,1g7ql3w,desitravellers,https://www.reddit.com/gallery/1g7ql3w,3,2024-10-20 04:12:18,Reddit,"Night stay in Triund,HP",night stay triund hp
Funniest way I've ever lost half my hp,,9,1g8ezho,Tekken,https://v.redd.it/fsy3d7zsn0wd1,0,2024-10-21 02:00:08,Reddit,Funniest way I've ever lost half my hp,funniest way ever lost half hp
why do cookies with the safeguard ability even have HP stats,also i need friends :3 YGKZC8674,12,1g8otgp,CookieRunKingdoms,https://www.reddit.com/gallery/1g8otgp,9,2024-10-21 12:46:13,Reddit,also i need friends :3 YGKZC8674,also need friend 3 ygkzc8674
How do resistances interact with Max HP %?,"Can anyone provide the mathematical explanation to how resistances affect how much damage Max HP % type of damage does? For example, if I build frozen heart against a BORK user, would it be more effective than something like Sunfire Aegis since it gives more armor but no HP? How much of this type of damage is mitigated in relation to max HP?",26,1g86f6f,summonerschool,https://www.reddit.com/r/summonerschool/comments/1g86f6f/how_do_resistances_interact_with_max_hp/,22,2024-10-20 19:10:29,Reddit,"Can anyone provide the mathematical explanation to how resistances affect how much damage Max HP % type of damage does? For example, if I build frozen heart against a BORK user, would it be more effective than something like Sunfire Aegis since it gives more armor but no HP? How much of this type of damage is mitigated in relation to max HP?",anyone provide mathematical explanation resistance affect much damage max hp type damage example build frozen heart bork user would effective something like sunfire aegis since give armor hp much type damage mitigated relation max hp
[USA-TX] [H] HP Omen 16 Laptop [W] PayPal,"**- Please leave a comment before messaging!**

Shipping: Will be shipped out in 2-3 business days!

**Available Items:**

HP Omen 16 Laptop

$600.00 Shipped, Insured, Includes charger, Will be re-boxed. Open to offers.

**Condition of item:** Purchased as Refurbished. Fully Functional.

**Item Description:** : HP Omen 16

**Specs:**

Screen: 1080p 144Hz

CPU: Intel Core i5 13420H

GPU: 4050 6GB Model

RAM 16GB DDR5

Storage: 1TB NVME

**Issues:** None to report.

**Shipping:** Ships free with UPS Ground! | Overnight and 2-day is available!

Timestamp: https://imgur.com/a/EeIo1gc

If you have any questions please ask!

**All items are Tested and in Working Condition, Unless stated otherwise!**

**Used items may have cosmetic imperfections**",2,1g8w7xo,hardwareswap,https://www.reddit.com/r/hardwareswap/comments/1g8w7xo/usatx_h_hp_omen_16_laptop_w_paypal/,2,2024-10-21 18:00:33,Reddit,"**- Please leave a comment before messaging!**

Shipping: Will be shipped out in 2-3 business days!

**Available Items:**

HP Omen 16 Laptop

$600.00 Shipped, Insured, Includes charger, Will be re-boxed. Open to offers.

**Condition of item:** Purchased as Refurbished. Fully Functional.

**Item Description:** : HP Omen 16

**Specs:**

Screen: 1080p 144Hz

CPU: Intel Core i5 13420H

GPU: 4050 6GB Model

RAM 16GB DDR5

Storage: 1TB NVME

**Issues:** None to report.

**Shipping:** Ships free with UPS Ground! | Overnight and 2-day is available!

Timestamp: https://imgur.com/a/EeIo1gc

If you have any questions please ask!

**All items are Tested and in Working Condition, Unless stated otherwise!**

**Used items may have cosmetic imperfections**",please leave comment messaging shipping shipped 2 3 business day available item hp omen 16 laptop 600 00 shipped insured includes charger boxed open offer condition item purchased refurbished fully functional item description hp omen 16 spec screen 1080p 144hz cpu intel core i5 13420h gpu 4050 6gb model ram 16gb ddr5 storage 1tb nvme issue none report shipping ship free ups ground overnight 2 day available timestamp question please ask item tested working condition unless stated otherwise used item may cosmetic imperfection
"Dodge, 1022 HP Livery - IRON MAIDEN",,8,1g8aunw,GranTurismo7,https://www.reddit.com/gallery/1g8aunw,1,2024-10-20 22:26:27,Reddit,"Dodge, 1022 HP Livery - IRON MAIDEN",dodge 1022 hp livery iron maiden
Problema con una pc HP Elitedesk,"tengo una equipo de escritorio modelo hp elitedesk 800g2 sff que no me funciona nada respecto a la conexión a internet, la misma si se conecta pero no abre ningúna aplicacion para poder navegar, ya probe solucionando errores de microsoft edge, de igual forma se abre edge pero vuelve a cerrarse, le configure la memoria virtual y también manipule el hardware específicamente la memoria ram, cambie de slots, lo deje solo con una ram, probe otra ram que tengo yo en li pc personal y nada funciona, le instale otro navegador ( firefox) desde la Microsoft store pero tampoco esta funciona, aparece un aviso de crasheo, alguien sabe algo al respecto, ni siquiera se si lo estoy publicando en el area correcta xd ",3,1g882sq,espanol,https://i.redd.it/6ls6p17rzyvd1.jpeg,6,2024-10-20 20:21:52,Reddit,"tengo una equipo de escritorio modelo hp elitedesk 800g2 sff que no me funciona nada respecto a la conexión a internet, la misma si se conecta pero no abre ningúna aplicacion para poder navegar, ya probe solucionando errores de microsoft edge, de igual forma se abre edge pero vuelve a cerrarse, le configure la memoria virtual y también manipule el hardware específicamente la memoria ram, cambie de slots, lo deje solo con una ram, probe otra ram que tengo yo en li pc personal y nada funciona, le instale otro navegador ( firefox) desde la Microsoft store pero tampoco esta funciona, aparece un aviso de crasheo, alguien sabe algo al respecto, ni siquiera se si lo estoy publicando en el area correcta xd ",tengo una equipo de escritorio modelo hp elitedesk 800g2 sff que funciona nada respecto la conexión internet la misma si se conecta pero abre ningúna aplicacion para poder navegar ya probe solucionando errores de microsoft edge de igual forma se abre edge pero vuelve cerrarse le configure la memoria virtual también manipule el hardware específicamente la memoria ram cambie de slot lo deje solo con una ram probe otra ram que tengo yo en li pc personal nada funciona le instale otro navegador firefox desde la microsoft store pero tampoco esta funciona aparece un aviso de crasheo alguien sabe algo al respecto ni siquiera se si lo estoy publicando en el area correcta xd
Are there other magical districts around the world in the HP universe?,I am working on a fic where Harry spends a good amount of time in New York and I realized I had no idea what the magical district of New York is called. Like we have Hogsmead and Diagon Alley in the UK but what about the rest of the world? Google just keeps giving me MACUSA as an answer. ,5,1g8yvqi,harrypotterfanfiction,https://www.reddit.com/r/harrypotterfanfiction/comments/1g8yvqi/are_there_other_magical_districts_around_the/,6,2024-10-21 19:47:32,Reddit,I am working on a fic where Harry spends a good amount of time in New York and I realized I had no idea what the magical district of New York is called. Like we have Hogsmead and Diagon Alley in the UK but what about the rest of the world? Google just keeps giving me MACUSA as an answer. ,working fic harry spends good amount time new york realized idea magical district new york called like hogsmead diagon alley uk rest world google keep giving macusa answer
Sources on Finding my HP,"Does anyone have any good book recommendations for developing a concept of a higher power? I have a vague one that has worked for me so far, but I’m not feeling as connected as I would like. I didn’t know if anyone had a really good book that helped them. It doesn’t have to be a book even. Sobercast, speaker, video, I’ll take anything. Thanks! ",4,1g7yrr9,alcoholicsanonymous,https://www.reddit.com/r/alcoholicsanonymous/comments/1g7yrr9/sources_on_finding_my_hp/,29,2024-10-20 13:31:41,Reddit,"Does anyone have any good book recommendations for developing a concept of a higher power? I have a vague one that has worked for me so far, but I’m not feeling as connected as I would like. I didn’t know if anyone had a really good book that helped them. It doesn’t have to be a book even. Sobercast, speaker, video, I’ll take anything. Thanks! ",anyone good book recommendation developing concept higher power vague one worked far feeling connected would like know anyone really good book helped book even sobercast speaker video take anything thanks
"Night stay in Triund,D’sala,HP",,123,1g7qjki,IncredibleIndia,https://www.reddit.com/gallery/1g7qjki,2,2024-10-20 04:09:40,Reddit,"Night stay in Triund,D’sala,HP",night stay triund sala hp
"CHARLIE keeper of the fast food! Hp 240, sharpness 4.",,14,1g8isr1,Bossfight,https://i.redd.it/ao796q3rt1wd1.jpeg,0,2024-10-21 05:53:31,Reddit,"CHARLIE keeper of the fast food! Hp 240, sharpness 4.",charlie keeper fast food hp 240 sharpness 4
Hp victus ryzen5 5600h rx5500m,"I was able to get AMD SAM running.
",2,1g83xwa,HPVictus,https://www.reddit.com/gallery/1g83xwa,8,2024-10-20 17:24:40,Reddit,"I was able to get AMD SAM running.
",able get amd sam running
After the worst purchase of my life ($2000 HP laptop that's a brick 6 months after purchase) I'm going to build an SFFPC. How does this build look?," Hello. I'm new to building computers- have always bought prebuilt machines. I mainly use my computer for running audio and video production software which tends to utilize a lot of CPU and RAM, so my past few machines have always been on the higher end performance wise. I do a lot of work both at my home studio, and my commercial studio which is down the street from my house. Because I need portability, about 7 months ago I bought an HP laptop which has been giving me all sorts of problems in the past few weeks. It's high spec'd (i9-13900H, 64GB RAM, 4060), and the thermals are very poorly designed so it stays in a constant state of thermal throttling making even non-demanding programs sluggish and laggy. I've finally got approved to return the machine and get refunded. Now I want to go back to a desktop build (I don't need battery power, I just need portability, and both of my workspaces have monitors and peripherals to easily plug into) so I've ditched the idea of a laptop.

Anyways, I was looking for advice to see if this build is feasible. I'll probably just use Microcenter's assembly service as I'm not experienced with building.

I know we don't have much data on the new Intel chips right now, but I'm thinking this will be the way to go for me (Ultra Core 7 265k). I was going to try to save a bit and get a 14700K but with all the issues going on I've been told not to risk 13th or 14th gen chips. Not super keen on going AMD, it seems pricier for what you get, but I can't say for sure. 

Questions:

1. Will the Ultra Core 7 require an AIO water cooler in this small case? Or will I be good with air cooling? I know we don't know much about the chips yet but from what I'm seeing, they are better with temps/power? It comes with a stock cooler, is that enough?


2. Anything I'm missing? 

Motherboard: ASRock Z890I Nova Wifi LGA 1851 Mini ITX Motherboard

Processor: Intel Core Ultra 7 265K (PCG 2020A cooler included)

RAM: Corsair Vengeance 64GB DDR-6000 CL30

GPU: PNY Nvidia 4060 Overclocked Triple Fan 8GB GDDR6 PCIe 4.0 Graphics Card 

SSD: Crucial P3 Plus 4 TB 3D NAND Flash PCIe Gen 4 X4 NVMe M.2 internal SSD

PSU: Lian Li SP750 750 watt PSU 

Case fans: Arctic Cooling P12 Fluid Dynamic Bearing Case Fan - 5 pack 

Case: either Lian Li A4 H2O or Teenage Engineering Computer-1. Suggestions? Will all this stuff fit in both? Anything better around this size? Portability is key for me. 


Thanks for reading.

",6,1gageuk,sffpc,https://www.reddit.com/r/sffpc/comments/1gageuk/after_the_worst_purchase_of_my_life_2000_hp/,19,2024-10-23 17:34:01,Reddit," Hello. I'm new to building computers- have always bought prebuilt machines. I mainly use my computer for running audio and video production software which tends to utilize a lot of CPU and RAM, so my past few machines have always been on the higher end performance wise. I do a lot of work both at my home studio, and my commercial studio which is down the street from my house. Because I need portability, about 7 months ago I bought an HP laptop which has been giving me all sorts of problems in the past few weeks. It's high spec'd (i9-13900H, 64GB RAM, 4060), and the thermals are very poorly designed so it stays in a constant state of thermal throttling making even non-demanding programs sluggish and laggy. I've finally got approved to return the machine and get refunded. Now I want to go back to a desktop build (I don't need battery power, I just need portability, and both of my workspaces have monitors and peripherals to easily plug into) so I've ditched the idea of a laptop.

Anyways, I was looking for advice to see if this build is feasible. I'll probably just use Microcenter's assembly service as I'm not experienced with building.

I know we don't have much data on the new Intel chips right now, but I'm thinking this will be the way to go for me (Ultra Core 7 265k). I was going to try to save a bit and get a 14700K but with all the issues going on I've been told not to risk 13th or 14th gen chips. Not super keen on going AMD, it seems pricier for what you get, but I can't say for sure. 

Questions:

1. Will the Ultra Core 7 require an AIO water cooler in this small case? Or will I be good with air cooling? I know we don't know much about the chips yet but from what I'm seeing, they are better with temps/power? It comes with a stock cooler, is that enough?


2. Anything I'm missing? 

Motherboard: ASRock Z890I Nova Wifi LGA 1851 Mini ITX Motherboard

Processor: Intel Core Ultra 7 265K (PCG 2020A cooler included)

RAM: Corsair Vengeance 64GB DDR-6000 CL30

GPU: PNY Nvidia 4060 Overclocked Triple Fan 8GB GDDR6 PCIe 4.0 Graphics Card 

SSD: Crucial P3 Plus 4 TB 3D NAND Flash PCIe Gen 4 X4 NVMe M.2 internal SSD

PSU: Lian Li SP750 750 watt PSU 

Case fans: Arctic Cooling P12 Fluid Dynamic Bearing Case Fan - 5 pack 

Case: either Lian Li A4 H2O or Teenage Engineering Computer-1. Suggestions? Will all this stuff fit in both? Anything better around this size? Portability is key for me. 


Thanks for reading.

",hello new building computer always bought prebuilt machine mainly use computer running audio video production software tends utilize lot cpu ram past machine always higher end performance wise lot work home studio commercial studio street house need portability 7 month ago bought hp laptop giving sort problem past week high spec i9 13900h 64gb ram 4060 thermal poorly designed stay constant state thermal throttling making even non demanding program sluggish laggy finally got approved return machine get refunded want go back desktop build need battery power need portability workspace monitor peripheral easily plug ditched idea laptop anyways looking advice see build feasible probably use microcenter assembly service experienced building know much data new intel chip right thinking way go ultra core 7 265k going try save bit get 14700k issue going told risk 13th 14th gen chip super keen going amd seems pricier get say sure question 1 ultra core 7 require aio water cooler small case good air cooling know know much chip yet seeing better temp power come stock cooler enough 2 anything missing motherboard asrock z890i nova wifi lga 1851 mini itx motherboard processor intel core ultra 7 265k pcg 2020a cooler included ram corsair vengeance 64gb ddr 6000 cl30 gpu pny nvidia 4060 overclocked triple fan 8gb gddr6 pcie 4 0 graphic card ssd crucial p3 plus 4 tb 3d nand flash pcie gen 4 x4 nvme 2 internal ssd psu lian li sp750 750 watt psu case fan arctic cooling p12 fluid dynamic bearing case fan 5 pack case either lian li a4 h2o teenage engineering computer 1 suggestion stuff fit anything better around size portability key thanks reading
Same HP different CC. Which is better? ,"Hey guys, aku ada satu benda nak discuss with yall. So katakan untuk discussion ni kita assume dua buah kereta yang sama (same weight, enjin NA not modify) mengeluarkan HP yang sama. Lets say HP produce is 240HP, ada perbezaan ke untuk kereta cc besar dan cc kecik? 

Perbincangan ni literally pakai kereta yang sama, enjin both is NA and stock dari kilang. 

Hope can share your knowledge and experience 🙏",13,1g81lak,kereta,https://www.reddit.com/r/kereta/comments/1g81lak/same_hp_different_cc_which_is_better/,32,2024-10-20 15:42:53,Reddit,"Hey guys, aku ada satu benda nak discuss with yall. So katakan untuk discussion ni kita assume dua buah kereta yang sama (same weight, enjin NA not modify) mengeluarkan HP yang sama. Lets say HP produce is 240HP, ada perbezaan ke untuk kereta cc besar dan cc kecik? 

Perbincangan ni literally pakai kereta yang sama, enjin both is NA and stock dari kilang. 

Hope can share your knowledge and experience 🙏",hey guy aku ada satu benda nak discus yall katakan untuk discussion ni kita assume dua buah kereta yang sama weight enjin na modify mengeluarkan hp yang sama let say hp produce 240hp ada perbezaan ke untuk kereta cc besar dan cc kecik perbincangan ni literally pakai kereta yang sama enjin na stock dari kilang hope share knowledge experience
Looking 👀 FOR 1695 HP RS7,Looking to trade my 1695hp M4 with cyan smoke for a 1695hp Audi rs7,2,1g8667q,CarParkingBuySellSwap,https://www.reddit.com/gallery/1g8667q,0,2024-10-20 19:00:03,Reddit,Looking to trade my 1695hp M4 with cyan smoke for a 1695hp Audi rs7,looking trade 1695hp m4 cyan smoke 1695hp audi rs7
HP-38 38SPL in snubbie,"So I recently started reloading 38SPL using HP-38 powder. They run perfectly fine out of my 4.25"" king cobra with good accuracy (1st pic) but somehow shoots these strange holes out of my 2"" K6XS (2nd pic). I'm just a novice, but it seems to suffer from insufficient velocity and incomplete/inconsistent powder burn, evident by the inconsistent recoil feel and quite a bit of unburnt/partially-burnt powder in the case after firing. For reference, hardly anything comes out when I shake the cases after shooting them in the king cobra.
I'm loading ~4.6gr HP38, federal SPP, Berry's 125gr plated flat point in once-fired magtech cases. 
Any idea why this is the case? Powder/load recommendations? Many thanks. 
Sorry for not having any chrono data to go off of, new to the whole reloading game.",21,1g7n958,reloading,https://www.reddit.com/gallery/1g7n958,27,2024-10-20 00:56:12,Reddit,"So I recently started reloading 38SPL using HP-38 powder. They run perfectly fine out of my 4.25"" king cobra with good accuracy (1st pic) but somehow shoots these strange holes out of my 2"" K6XS (2nd pic). I'm just a novice, but it seems to suffer from insufficient velocity and incomplete/inconsistent powder burn, evident by the inconsistent recoil feel and quite a bit of unburnt/partially-burnt powder in the case after firing. For reference, hardly anything comes out when I shake the cases after shooting them in the king cobra.
I'm loading ~4.6gr HP38, federal SPP, Berry's 125gr plated flat point in once-fired magtech cases. 
Any idea why this is the case? Powder/load recommendations? Many thanks. 
Sorry for not having any chrono data to go off of, new to the whole reloading game.",recently started reloading 38spl using hp 38 powder run perfectly fine 4 25 king cobra good accuracy 1st pic somehow shoot strange hole 2 k6xs 2nd pic novice seems suffer insufficient velocity incomplete inconsistent powder burn evident inconsistent recoil feel quite bit unburnt partially burnt powder case firing reference hardly anything come shake case shooting king cobra loading 4 6gr hp38 federal spp berry 125gr plated flat point fired magtech case idea case powder load recommendation many thanks sorry chrono data go new whole reloading game
How it feels to throw out q + r combo to kill a full hp enemy from a screen away the second I get a dirk.,,63,1g9qx8z,ApheliosMains,https://i.redd.it/p97bk0cd1dwd1.jpeg,2,2024-10-22 19:35:52,Reddit,How it feels to throw out q + r combo to kill a full hp enemy from a screen away the second I get a dirk.,feel throw q r combo kill full hp enemy screen away second get dirk
"[HP] HP OmniBook X Next Gen AI PC 14-fe000 Config with ; 14"" diagonal, 2.2K (2240 x 1400) 400 nits touchscreen, Snapdragon® X Elite X1E-78-100 (up to 3.4 GHz, 12 cores) + Qualcomm® Adreno™ GPU, 👉🏼16 GB RAM, 512 GB SSD , Win 11 for $755.99 OR 32 GB RAM config for $980.99 with code 10HPAIPC24",,3,1gad0ed,LaptopDeals,https://www.awin1.com/cread.php?awinmid=7169&awinaffid=728909&platform=dl&ued=https%3A%2F%2Fwww.hp.com%2Fus-en%2Fshop%2Fpdp%2Fhp-omnibook-x-laptop-ai-pc-14-fe000-14-9j1h6av-1,0,2024-10-23 15:14:44,Reddit,"[HP] HP OmniBook X Next Gen AI PC 14-fe000 Config with ; 14"" diagonal, 2.2K (2240 x 1400) 400 nits touchscreen, Snapdragon® X Elite X1E-78-100 (up to 3.4 GHz, 12 cores) + Qualcomm® Adreno™ GPU, 👉🏼16 GB RAM, 512 GB SSD , Win 11 for $755.99 OR 32 GB RAM config for $980.99 with code 10HPAIPC24",hp hp omnibook x next gen ai pc 14 fe000 config 14 diagonal 2 2k 2240 x 1400 400 nit touchscreen snapdragon x elite x1e 78 100 3 4 ghz 12 core qualcomm adreno gpu 16 gb ram 512 gb ssd win 11 755 99 32 gb ram config 980 99 code 10hpaipc24
Bagi gambar reaksi kalian supaya hp gw hamil stiker,,367,1g7pk2d,indonesia,https://i.redd.it/8ky4p8nivtvd1.png,234,2024-10-20 03:09:16,Reddit,Bagi gambar reaksi kalian supaya hp gw hamil stiker,bagi gambar reaksi kalian supaya hp gw hamil stiker
I got 65000 hp in postal,Im playing postal 1 with the fan patch  when i use cheats AND accidentlly upgraded my hp LOL,56,1g7leq4,postal,https://www.reddit.com/gallery/1g7leq4,8,2024-10-19 23:19:29,Reddit,Im playing postal 1 with the fan patch  when i use cheats AND accidentlly upgraded my hp LOL,im playing postal 1 fan patch use cheat accidentlly upgraded hp lol
[AMMO] WINCHESTER 22LR 36GR HP 2220RD CASE (222RDX10) $127.99 (5.7CPR) FREE SHIPPING ON ORDERS OVER $250 ,,38,1g93qdr,gundeals,https://www.mmiammo.com/product/winchester-22lr-2220rd-case-222x10-36grhp,27,2024-10-21 23:13:48,Reddit,[AMMO] WINCHESTER 22LR 36GR HP 2220RD CASE (222RDX10) $127.99 (5.7CPR) FREE SHIPPING ON ORDERS OVER $250 ,ammo winchester 22lr 36gr hp 2220rd case 222rdx10 127 99 5 7cpr free shipping order 250
Should I return my hp Victus for the Lenovo?,"I’m still in my return window I got the victus for $515 when it was on sale , the Lenovo is $550 but it had 6gb of vram on 3050 compared to the 4 gb vram on the victus and I know it makes a difference ",14,1g87b24,laptops,https://www.reddit.com/gallery/1g87b24,22,2024-10-20 19:48:42,Reddit,"I’m still in my return window I got the victus for $515 when it was on sale , the Lenovo is $550 but it had 6gb of vram on 3050 compared to the 4 gb vram on the victus and I know it makes a difference ",still return window got victus 515 sale lenovo 550 6gb vram 3050 compared 4 gb vram victus know make difference
Ubuntu on HP Envy x360 laptop?,"I want to install ubuntu on my HP Envy x360 es-0277ng laptop, with touchscreen, fingerprint reader, Nvidia MX450.

Will I face any problems during the installation? I plan on using Balena Etcher and the latest LTS Ubuntu.

Please help.",2,1g82jyh,Ubuntu,https://www.reddit.com/r/Ubuntu/comments/1g82jyh/ubuntu_on_hp_envy_x360_laptop/,3,2024-10-20 16:24:41,Reddit,"I want to install ubuntu on my HP Envy x360 es-0277ng laptop, with touchscreen, fingerprint reader, Nvidia MX450.

Will I face any problems during the installation? I plan on using Balena Etcher and the latest LTS Ubuntu.

Please help.",want install ubuntu hp envy x360 e 0277ng laptop touchscreen fingerprint reader nvidia mx450 face problem installation plan using balena etcher latest lts ubuntu please help
After the worst purchase I've ever made ($2000 HP laptop that's now basically a brick after 6 months) I'm switching back to a desktop. Does this build look OK? ,"Hello. I'm new to building computers- have always bought prebuilt machines. I mainly use my computer for running audio and video production software which tends to utilize a lot of CPU and RAM, so my past few machines have always been on the higher end performance wise. I do a lot of work both at my home studio, and my commercial studio which is down the street from my house. Because I need portability, about 7 months ago I bought an HP laptop which has been giving me all sorts of problems in the past few weeks. It's high spec'd (i9-13900H, 64GB RAM, 4060), and the thermals are very poorly designed so it stays in a constant state of thermal throttling making even non-demanding programs sluggish and laggy. I've finally got approved to return the machine and get refunded. Now I want to go back to a desktop build (I don't need battery power, I just need portability, and both of my workspaces have monitors and peripherals to easily plug into) so I've ditched the idea of a laptop.

I put together this build, and I'm hitting my budget on it. I wanted to go i9 but seeing that the 14700K is way better than the laptop i9 I had been using, the i7 seems like the way to go.

Anyways, I was looking for advice to see if this build is feasible. I'll probably just use Microcenter's assembly service as I'm not experienced with building. The main questions I have are:

1. How will this do thermally? Is the AIO water cooler neccesary or should I do air cooled? Also, since this will be a portable mobile machine, does that pose any complications in having a water cooler?
2. Should I stay away from Intel 14th Gen? I've heard all the horror stories about it and I'm not sure if things are better now. Should I be checking for a specific batch number to avoid or MFG date to avoid? Or should I go AMD route? I was looking at the i9-12900k but the 14700k outperforms it quite a bit so I don't want to go too old.
3. Anything I'm missing?

Here is a link to the build:

[https://www.microcenter.com/site/content/custom-pc-builder.aspx?load=ed7677f1-980d-410e-a722-8f2f5fb97067](https://www.microcenter.com/site/content/custom-pc-builder.aspx?load=ed7677f1-980d-410e-a722-8f2f5fb97067)",34,1g9zvt7,buildapc,https://www.reddit.com/r/buildapc/comments/1g9zvt7/after_the_worst_purchase_ive_ever_made_2000_hp/,86,2024-10-23 02:26:47,Reddit,"Hello. I'm new to building computers- have always bought prebuilt machines. I mainly use my computer for running audio and video production software which tends to utilize a lot of CPU and RAM, so my past few machines have always been on the higher end performance wise. I do a lot of work both at my home studio, and my commercial studio which is down the street from my house. Because I need portability, about 7 months ago I bought an HP laptop which has been giving me all sorts of problems in the past few weeks. It's high spec'd (i9-13900H, 64GB RAM, 4060), and the thermals are very poorly designed so it stays in a constant state of thermal throttling making even non-demanding programs sluggish and laggy. I've finally got approved to return the machine and get refunded. Now I want to go back to a desktop build (I don't need battery power, I just need portability, and both of my workspaces have monitors and peripherals to easily plug into) so I've ditched the idea of a laptop.

I put together this build, and I'm hitting my budget on it. I wanted to go i9 but seeing that the 14700K is way better than the laptop i9 I had been using, the i7 seems like the way to go.

Anyways, I was looking for advice to see if this build is feasible. I'll probably just use Microcenter's assembly service as I'm not experienced with building. The main questions I have are:

1. How will this do thermally? Is the AIO water cooler neccesary or should I do air cooled? Also, since this will be a portable mobile machine, does that pose any complications in having a water cooler?
2. Should I stay away from Intel 14th Gen? I've heard all the horror stories about it and I'm not sure if things are better now. Should I be checking for a specific batch number to avoid or MFG date to avoid? Or should I go AMD route? I was looking at the i9-12900k but the 14700k outperforms it quite a bit so I don't want to go too old.
3. Anything I'm missing?

Here is a link to the build:

[https://www.microcenter.com/site/content/custom-pc-builder.aspx?load=ed7677f1-980d-410e-a722-8f2f5fb97067](https://www.microcenter.com/site/content/custom-pc-builder.aspx?load=ed7677f1-980d-410e-a722-8f2f5fb97067)",hello new building computer always bought prebuilt machine mainly use computer running audio video production software tends utilize lot cpu ram past machine always higher end performance wise lot work home studio commercial studio street house need portability 7 month ago bought hp laptop giving sort problem past week high spec i9 13900h 64gb ram 4060 thermal poorly designed stay constant state thermal throttling making even non demanding program sluggish laggy finally got approved return machine get refunded want go back desktop build need battery power need portability workspace monitor peripheral easily plug ditched idea laptop put together build hitting budget wanted go i9 seeing 14700k way better laptop i9 using i7 seems like way go anyways looking advice see build feasible probably use microcenter assembly service experienced building main question 1 thermally aio water cooler neccesary air cooled also since portable mobile machine pose complication water cooler 2 stay away intel 14th gen heard horror story sure thing better checking specific batch number avoid mfg date avoid go amd route looking i9 12900k 14700k outperforms quite bit want go old 3 anything missing link build
Air cap stuck on iwata eclipse hp cs,My air cap seems to be really stuck on the wrench it came with keeps slipping off when i go to loosen it no matter which direction not sure what to do i was just trying to clean it if anyone has advice especially which was to turn to unscrew it would be greatly appreciate it i worry i will mess it up and seems like every video i have found doesnt tell you which way to screw it,2,1g8d9gh,airbrush,https://www.reddit.com/gallery/1g8d9gh,18,2024-10-21 00:26:31,Reddit,My air cap seems to be really stuck on the wrench it came with keeps slipping off when i go to loosen it no matter which direction not sure what to do i was just trying to clean it if anyone has advice especially which was to turn to unscrew it would be greatly appreciate it i worry i will mess it up and seems like every video i have found doesnt tell you which way to screw it,air cap seems really stuck wrench came keep slipping go loosen matter direction sure trying clean anyone advice especially turn unscrew would greatly appreciate worry mess seems like every video found doesnt tell way screw
HP laptop - Windows 11 - No sounds when casting,"I got a new windows 11 HP laptop and when I cast the full screen (not the tab, that seems to work!) it mutes the volume on the laptop (as is expected) but then there is no sound on the TV.

When I unmute my laptop I hear sound on both devices, which is obviously not what I want. So somehow it does not seem to split the audio into a TV stream correctly, or something like it?

On my desktop and/or different windows 10 laptops it all works as intended, meaning a muted volume on laptop and sound on the TV.

I am using a chromecast from 2018 (round one).

Any suggestions?",2,1g8k9rn,Chromecast,https://www.reddit.com/r/Chromecast/comments/1g8k9rn/hp_laptop_windows_11_no_sounds_when_casting/,0,2024-10-21 07:44:58,Reddit,"I got a new windows 11 HP laptop and when I cast the full screen (not the tab, that seems to work!) it mutes the volume on the laptop (as is expected) but then there is no sound on the TV.

When I unmute my laptop I hear sound on both devices, which is obviously not what I want. So somehow it does not seem to split the audio into a TV stream correctly, or something like it?

On my desktop and/or different windows 10 laptops it all works as intended, meaning a muted volume on laptop and sound on the TV.

I am using a chromecast from 2018 (round one).

Any suggestions?",got new window 11 hp laptop cast full screen tab seems work mute volume laptop expected sound tv unmute laptop hear sound device obviously want somehow seem split audio tv stream correctly something like desktop different window 10 laptop work intended meaning muted volume laptop sound tv using chromecast 2018 round one suggestion
"Hide your Bangboos, Grace got the EVIL HP.",,13,1g7xfrq,ZenlessZoneZero,https://i.redd.it/qknghy3wlwvd1.jpeg,1,2024-10-20 12:20:35,Reddit,"Hide your Bangboos, Grace got the EVIL HP.",hide bangboos grace got evil hp
Maliketh continues to be disrespected cause his terrible hp 😔 (Ignore the times i got hit btw,,4,1g98g4f,Eldenring,https://v.redd.it/a3pce9k158wd1,2,2024-10-22 03:08:09,Reddit,Maliketh continues to be disrespected cause his terrible hp 😔 (Ignore the times i got hit btw,maliketh continues disrespected cause terrible hp ignore time got hit btw
"Square-Shiny, Timid, 30/X/30/30/31/31, Luxury Ball, HP-Grass 70 Quilava in Retail Colosseum via Blink RNG",Should I nickname him Diddy? 🤣,21,1g9cpw9,pokemonrng,https://i.redd.it/9rvb5e0ti9wd1.jpeg,2,2024-10-22 07:46:25,Reddit,Should I nickname him Diddy? 🤣,nickname diddy
HP P1230 Top/Bottom H-Convergence misaligned?,"After almost 3 hours of just fine tuning on my CRT ( Through the OSD menu ) I simply cannot get the Top and bottom halves of the screen to have an aligned convergence horizontally. The only option for Top/bottom balance is for V-convergence.

https://preview.redd.it/soguph6j1yvd1.jpg?width=925&format=pjpg&auto=webp&s=bfe259e818f4af153b1a55639739d6d878ae2e94

https://preview.redd.it/1l1j1y6j1yvd1.jpg?width=920&format=pjpg&auto=webp&s=da5ff9f7b8b21319e9fbc06acd6850d124e25ba1",2,1g83ljy,crtgaming,https://www.reddit.com/r/crtgaming/comments/1g83ljy/hp_p1230_topbottom_hconvergence_misaligned/,0,2024-10-20 17:09:41,Reddit,"After almost 3 hours of just fine tuning on my CRT ( Through the OSD menu ) I simply cannot get the Top and bottom halves of the screen to have an aligned convergence horizontally. The only option for Top/bottom balance is for V-convergence.

https://preview.redd.it/soguph6j1yvd1.jpg?width=925&format=pjpg&auto=webp&s=bfe259e818f4af153b1a55639739d6d878ae2e94

https://preview.redd.it/1l1j1y6j1yvd1.jpg?width=920&format=pjpg&auto=webp&s=da5ff9f7b8b21319e9fbc06acd6850d124e25ba1",almost 3 hour fine tuning crt osd menu simply cannot get top bottom half screen aligned convergence horizontally option top bottom balance v convergence
Apparently there is a third hp barchetta. Anyone have pictures or information on the car?,,84,1g8huc1,Pagani,https://i.redd.it/spbfvy7xh1wd1.png,15,2024-10-21 04:47:22,Reddit,Apparently there is a third hp barchetta. Anyone have pictures or information on the car?,apparently third hp barchetta anyone picture information car
18V 6ah HP battery lighting up randomly,"For the past two weeks, the battery indicator lights on one of my 18V 6ah High Performance batteries has been randomly lighting up and blinking, it seems to be random intervals for the amount of time it lights up and same with the interval between blinks, it never does the same thing twice (it seems).

It looks like the battery was manufactured in January of 2023, if that matters. When it first started doing this, I took all the covers off, then realized i didn't know what i was looking for so i took a different 6ah HP battery that isn't doing this, and took it's cover off to compare to the malfunctioning battery, and there is no difference at all. I mean, i used a magnifying glass for 30 minutes going over every inch of the two batteries to try to find *anything* that might be different between them, and therefore may explain this phenomenon, and came up with zilch.

Has anyone had this happen, or does anyone have any insight into what's going on here? I took the malfunctioning battery out of my rotation of batteries I use when this first happened, so It is retired for now, but i would like to use it again if possible. Im honestly afraid it's being discharged by itself and it's gonna blow up. 

oh yeah, when i first noticed this, i guess it had been doing it a while, and the battery had only two lights of battery left, but i put it over there after taking it off the charger when it was full. That's why i think it may be discharging by itself somehow, i'd rather be safe than sorry on this one.

Thanks for your time everyone!",8,1g7uqx0,ryobi,https://v.redd.it/h0n2wj01pvvd1,10,2024-10-20 09:17:09,Reddit,"For the past two weeks, the battery indicator lights on one of my 18V 6ah High Performance batteries has been randomly lighting up and blinking, it seems to be random intervals for the amount of time it lights up and same with the interval between blinks, it never does the same thing twice (it seems).

It looks like the battery was manufactured in January of 2023, if that matters. When it first started doing this, I took all the covers off, then realized i didn't know what i was looking for so i took a different 6ah HP battery that isn't doing this, and took it's cover off to compare to the malfunctioning battery, and there is no difference at all. I mean, i used a magnifying glass for 30 minutes going over every inch of the two batteries to try to find *anything* that might be different between them, and therefore may explain this phenomenon, and came up with zilch.

Has anyone had this happen, or does anyone have any insight into what's going on here? I took the malfunctioning battery out of my rotation of batteries I use when this first happened, so It is retired for now, but i would like to use it again if possible. Im honestly afraid it's being discharged by itself and it's gonna blow up. 

oh yeah, when i first noticed this, i guess it had been doing it a while, and the battery had only two lights of battery left, but i put it over there after taking it off the charger when it was full. That's why i think it may be discharging by itself somehow, i'd rather be safe than sorry on this one.

Thanks for your time everyone!",past two week battery indicator light one 18v 6ah high performance battery randomly lighting blinking seems random interval amount time light interval blink never thing twice seems look like battery manufactured january 2023 matter first started took cover realized know looking took different 6ah hp battery took cover compare malfunctioning battery difference mean used magnifying glass 30 minute going every inch two battery try find anything might different therefore may explain phenomenon came zilch anyone happen anyone insight going took malfunctioning battery rotation battery use first happened retired would like use possible im honestly afraid discharged gonna blow oh yeah first noticed guess battery two light battery left put taking charger full think may discharging somehow rather safe sorry one thanks time everyone
Which GPU for WT with VR HP reverb?,"What GPU would you advice me to buy fpr the hp reverb headset? CPU is Ryzen 9 7900X3D. At the moment I have an RTX 4060 ti but it is pretty blury. I tested all options.

So I would be happy to know what makes sense?",5,1g83fc4,WarthunderSim,https://www.reddit.com/r/WarthunderSim/comments/1g83fc4/which_gpu_for_wt_with_vr_hp_reverb/,8,2024-10-20 17:02:01,Reddit,"What GPU would you advice me to buy fpr the hp reverb headset? CPU is Ryzen 9 7900X3D. At the moment I have an RTX 4060 ti but it is pretty blury. I tested all options.

So I would be happy to know what makes sense?",gpu would advice buy fpr hp reverb headset cpu ryzen 9 7900x3d moment rtx 4060 ti pretty blury tested option would happy know make sense
Hp Omen 16 2023 black screen issue,"I have an HP Omen Gaming Laptop (2023) with AMD Ryzen 7 7840HS processor, and Nvidia GeForce RTX 4060 GPU. I have been using this laptop for a year now, and I run into this problem with the screen flickering black and taking me to the lock screen. It automatically flickers between black and lock screen. This mostly happens during games.
Kindly help if anyone knows the issue",4,1g7x220,HPOmen,https://v.redd.it/ed68fn12iwvd1,4,2024-10-20 11:59:04,Reddit,"I have an HP Omen Gaming Laptop (2023) with AMD Ryzen 7 7840HS processor, and Nvidia GeForce RTX 4060 GPU. I have been using this laptop for a year now, and I run into this problem with the screen flickering black and taking me to the lock screen. It automatically flickers between black and lock screen. This mostly happens during games.
Kindly help if anyone knows the issue",hp omen gaming laptop 2023 amd ryzen 7 7840hs processor nvidia geforce rtx 4060 gpu using laptop year run problem screen flickering black taking lock screen automatically flicker black lock screen mostly happens game kindly help anyone know issue
Last post i saw was HP circlet just like mine,,7,1g8bbqu,NeuvilletteMains_,https://i.redd.it/lnddzp33qzvd1.png,1,2024-10-20 22:49:28,Reddit,Last post i saw was HP circlet just like mine,last post saw hp circlet like mine
"Currently drinking whiskey, watching Order of the Phoenix and building HP legos with my daughter, who is named after a HP character, and I think I have reached peak Potter-head. ",,332,1g7m285,harrypotter,https://www.reddit.com/r/harrypotter/comments/1g7m285/currently_drinking_whiskey_watching_order_of_the/,70,2024-10-19 23:52:09,Reddit,"Currently drinking whiskey, watching Order of the Phoenix and building HP legos with my daughter, who is named after a HP character, and I think I have reached peak Potter-head. ",currently drinking whiskey watching order phoenix building hp lego daughter named hp character think reached peak potter head
Highest HP boss ever (3.3 million) in abyss since they buffed enemies by +50% HP in 5.1,,1129,1g6i103,Genshin_Impact,https://v.redd.it/6vbbqrhtnivd1,218,2024-10-18 13:26:37,Reddit,Highest HP boss ever (3.3 million) in abyss since they buffed enemies by +50% HP in 5.1,highest hp bos ever 3 3 million abyss since buffed enemy 50 hp 5 1
"as requested from my previous post, here is startup, revs, takeoff of the 1000 hp 720s",tip: the end clip is the best,99,1g8hzr3,mclaren,https://v.redd.it/mrxljftnj1wd1,6,2024-10-21 04:57:30,Reddit,tip: the end clip is the best,tip end clip best
The HP Noelle Would Recover From Eating a Choco-Diamond Alone,"The health that Noelle recovers when eating a Choco-Diamond may not just be 70.  
We know that Kris recovers 80 HP when they eat the Choco-Diamond alone.  If Noelle is given the Choco-Diamond, both receive 35 HP.  This is 43.75% of the HP that Kris would gain if they ate the Choco-Diamond alone, and we can assume that this is the portion of the Choco-Diamond that Kris eats.  
This means that Noelle eats the remaining 56.25% of the Choco-Diamond.  To find out the HP Noelle covers from the Choco-Diamond, we can divide 35 by 0.5625, which gives an answer of 62 and two-ninths.",7,1g8e33d,Deltarune,https://www.reddit.com/r/Deltarune/comments/1g8e33d/the_hp_noelle_would_recover_from_eating_a/,1,2024-10-21 01:10:39,Reddit,"The health that Noelle recovers when eating a Choco-Diamond may not just be 70.  
We know that Kris recovers 80 HP when they eat the Choco-Diamond alone.  If Noelle is given the Choco-Diamond, both receive 35 HP.  This is 43.75% of the HP that Kris would gain if they ate the Choco-Diamond alone, and we can assume that this is the portion of the Choco-Diamond that Kris eats.  
This means that Noelle eats the remaining 56.25% of the Choco-Diamond.  To find out the HP Noelle covers from the Choco-Diamond, we can divide 35 by 0.5625, which gives an answer of 62 and two-ninths.",health noelle recovers eating choco diamond may 70 know kris recovers 80 hp eat choco diamond alone noelle given choco diamond receive 35 hp 43 75 hp kris would gain ate choco diamond alone assume portion choco diamond kris eats mean noelle eats remaining 56 25 choco diamond find hp noelle cover choco diamond divide 35 0 5625 give answer 62 two ninth
What? Hp,,5,1g738qu,shitpostbound,https://i.redd.it/wb58f0w5vnvd1.jpeg,0,2024-10-19 06:56:36,Reddit,What? Hp,hp
18V 6ah HP battery lighting up randomly,"For the past two weeks, the battery indicator lights on one of my 18V 6ah High Performance batteries has been randomly lighting up and blinking, it seems to be random intervals for the amount of time it lights up and same with the interval between blinks, it never does the same thing twice (it seems).

It looks like the battery was manufactured in January of 2023, if that matters. When it first started doing this, I took all the covers off, then realized i didn't know what i was looking for so i took a different 6ah HP battery that isn't doing this, and took it's cover off to compare to the malfunctioning battery, and there is no difference at all. I mean, i used a magnifying glass for 30 minutes going over every inch of the two batteries to try to find *anything* that might be different between them, and therefore may explain this phenomenon, and came up with zilch.

Has anyone had this happen, or does anyone have any insight into what's going on here? I took the malfunctioning battery out of my rotation of batteries I use when this first happened, so It is retired for now, but i would like to use it again if possible. Im honestly afraid it's being discharged by itself and it's gonna blow up. 

oh yeah, when i first noticed this, i guess it had been doing it a while, and the battery had only two lights of battery left, but i put it over there after taking it off the charger when it was full. That's why i think it may be discharging by itself somehow, i'd rather be safe than sorry on this one.

Thanks for your time everyone!",5,1g7uq9s,ryobi,https://v.redd.it/63xf24zrovvd1,5,2024-10-20 09:15:45,Reddit,"For the past two weeks, the battery indicator lights on one of my 18V 6ah High Performance batteries has been randomly lighting up and blinking, it seems to be random intervals for the amount of time it lights up and same with the interval between blinks, it never does the same thing twice (it seems).

It looks like the battery was manufactured in January of 2023, if that matters. When it first started doing this, I took all the covers off, then realized i didn't know what i was looking for so i took a different 6ah HP battery that isn't doing this, and took it's cover off to compare to the malfunctioning battery, and there is no difference at all. I mean, i used a magnifying glass for 30 minutes going over every inch of the two batteries to try to find *anything* that might be different between them, and therefore may explain this phenomenon, and came up with zilch.

Has anyone had this happen, or does anyone have any insight into what's going on here? I took the malfunctioning battery out of my rotation of batteries I use when this first happened, so It is retired for now, but i would like to use it again if possible. Im honestly afraid it's being discharged by itself and it's gonna blow up. 

oh yeah, when i first noticed this, i guess it had been doing it a while, and the battery had only two lights of battery left, but i put it over there after taking it off the charger when it was full. That's why i think it may be discharging by itself somehow, i'd rather be safe than sorry on this one.

Thanks for your time everyone!",past two week battery indicator light one 18v 6ah high performance battery randomly lighting blinking seems random interval amount time light interval blink never thing twice seems look like battery manufactured january 2023 matter first started took cover realized know looking took different 6ah hp battery took cover compare malfunctioning battery difference mean used magnifying glass 30 minute going every inch two battery try find anything might different therefore may explain phenomenon came zilch anyone happen anyone insight going took malfunctioning battery rotation battery use first happened retired would like use possible im honestly afraid discharged gonna blow oh yeah first noticed guess battery two light battery left put taking charger full think may discharging somehow rather safe sorry one thanks time everyone
Looking for suggestions on a good gaming laptop for 1000€. I'm currently looking at the Acer Nitro and the HP Victus. Which one is better and do you know any better alternatives? Thanks in advance 🙏,,3,1gao0ve,GamingLaptops,https://www.reddit.com/gallery/1gao0ve,9,2024-10-23 23:02:40,Reddit,Looking for suggestions on a good gaming laptop for 1000€. I'm currently looking at the Acer Nitro and the HP Victus. Which one is better and do you know any better alternatives? Thanks in advance 🙏,looking suggestion good gaming laptop 1000 currently looking acer nitro hp victus one better know better alternative thanks advance
Concept 1B last breath. (Look at the HP bar),,8,1g7z7cj,WorldOfTanksBlitz,https://www.reddit.com/gallery/1g7z7cj,3,2024-10-20 13:53:17,Reddit,Concept 1B last breath. (Look at the HP bar),concept 1b last breath look hp bar
"I'm buying a Passat 1695 HP, I don't want a police car, I have 50 million, I can't receive money",,4,1g9cokp,CarParkingMultiplayer,https://www.reddit.com/gallery/1g9cokp,5,2024-10-22 07:43:34,Reddit,"I'm buying a Passat 1695 HP, I don't want a police car, I have 50 million, I can't receive money",buying passat 1695 hp want police car 50 million receive money
"How much do we know about echo stats (HP, damage, etc.)?","Back during the Hyrule Castle dungeon, I remember getting Darknut lvl. 2 and Ball & Chain Guy around the same time. I wondered what the difference between them was, both being armoured, but Ball & Chain Guy was faster and had more reach, plus a higher attack frequency with that swinging ball. So I guess Darknut is stronger and tankier? What about Darknut lvl. 3? Is one of those better than two Ball & Chain Guys? What's the difference in damage between a Bombfish, Zirro bomb, and Bomb of Might?

Which enemies can attack through Swordfighter form's shield? Which echoes have the highest HP, and are good for tanking hits? Do monsters deal the same damage when they're enemies and echoes (could you measure echo damage by looking at enemy damage, I mean)? Do slower echoes deal higher damage than faster ones? How much damage does a Peahat deal per hit? What about a rolling spiked log?

I have so many questions.",15,1g84n18,echoesofwisdom,https://www.reddit.com/r/echoesofwisdom/comments/1g84n18/how_much_do_we_know_about_echo_stats_hp_damage_etc/,3,2024-10-20 17:54:52,Reddit,"Back during the Hyrule Castle dungeon, I remember getting Darknut lvl. 2 and Ball & Chain Guy around the same time. I wondered what the difference between them was, both being armoured, but Ball & Chain Guy was faster and had more reach, plus a higher attack frequency with that swinging ball. So I guess Darknut is stronger and tankier? What about Darknut lvl. 3? Is one of those better than two Ball & Chain Guys? What's the difference in damage between a Bombfish, Zirro bomb, and Bomb of Might?

Which enemies can attack through Swordfighter form's shield? Which echoes have the highest HP, and are good for tanking hits? Do monsters deal the same damage when they're enemies and echoes (could you measure echo damage by looking at enemy damage, I mean)? Do slower echoes deal higher damage than faster ones? How much damage does a Peahat deal per hit? What about a rolling spiked log?

I have so many questions.",back hyrule castle dungeon remember getting darknut lvl 2 ball chain guy around time wondered difference armoured ball chain guy faster reach plus higher attack frequency swinging ball guess darknut stronger tankier darknut lvl 3 one better two ball chain guy difference damage bombfish zirro bomb bomb might enemy attack swordfighter form shield echo highest hp good tanking hit monster deal damage enemy echo could measure echo damage looking enemy damage mean slower echo deal higher damage faster one much damage peahat deal per hit rolling spiked log many question
"Got Scammed at HP Fuel Pump - D.R. Raju Endada, Visakhapatnam.","I had a frustrating experience yesterday (19th October 2024, at 4:49 PM) at the HP fuel pump near Dr. Raju Endada. I asked the attendant to fill ₹450 worth of petrol, but instead, she initially filled only ₹100. When I pointed it out, she said she’d add the remaining ₹350 and asked me to pay first.

While I was busy paying on my phone, she resumed the pump. By the time I looked up, the meter showed ₹351 or ₹352. When I confronted her, she claimed she reset the pump to zero before adding the fuel, but she didn’t show me any proof of this. I ended up paying ₹450 but only received ₹350 worth of petrol. I feel like I was scammed! 
The ₹100 isn’t the issue but the fact that they are scamming their customers is.

I am a novice rider and have never faced this issue before with any other petrol stations.
I know I should’ve confronted the attendant at the fuel pump itself, but the thing is that I didn’t understand the situation until I left the place.

Has anyone else had a similar experience at fuel pumps? I have already registered a complaint on the HP website.
What should I do? ",44,1g831wl,indiasocial,https://maps.app.goo.gl/Eiq2jHz9xX6QEWrQ8?g_st=com.google.maps.preview.copy,8,2024-10-20 16:46:02,Reddit,"I had a frustrating experience yesterday (19th October 2024, at 4:49 PM) at the HP fuel pump near Dr. Raju Endada. I asked the attendant to fill ₹450 worth of petrol, but instead, she initially filled only ₹100. When I pointed it out, she said she’d add the remaining ₹350 and asked me to pay first.

While I was busy paying on my phone, she resumed the pump. By the time I looked up, the meter showed ₹351 or ₹352. When I confronted her, she claimed she reset the pump to zero before adding the fuel, but she didn’t show me any proof of this. I ended up paying ₹450 but only received ₹350 worth of petrol. I feel like I was scammed! 
The ₹100 isn’t the issue but the fact that they are scamming their customers is.

I am a novice rider and have never faced this issue before with any other petrol stations.
I know I should’ve confronted the attendant at the fuel pump itself, but the thing is that I didn’t understand the situation until I left the place.

Has anyone else had a similar experience at fuel pumps? I have already registered a complaint on the HP website.
What should I do? ",frustrating experience yesterday 19th october 2024 4 49 pm hp fuel pump near dr raju endada asked attendant fill 450 worth petrol instead initially filled 100 pointed said add remaining 350 asked pay first busy paying phone resumed pump time looked meter showed 351 352 confronted claimed reset pump zero adding fuel show proof ended paying 450 received 350 worth petrol feel like scammed 100 issue fact scamming customer novice rider never faced issue petrol station know confronted attendant fuel pump thing understand situation left place anyone else similar experience fuel pump already registered complaint hp website
Hp victus 15,"Hi my parents got me a new Victus 15 for my architectural studies, any tips how I can prolong the longevity of my laptop? 

specs: 
I5-12450H
16gb DRR4
rtx 4050 6gb
512 ssd
",4,1g76z75,HPVictus,https://www.reddit.com/r/HPVictus/comments/1g76z75/hp_victus_15/,6,2024-10-19 11:38:19,Reddit,"Hi my parents got me a new Victus 15 for my architectural studies, any tips how I can prolong the longevity of my laptop? 

specs: 
I5-12450H
16gb DRR4
rtx 4050 6gb
512 ssd
",hi parent got new victus 15 architectural study tip prolong longevity laptop spec i5 12450h 16gb drr4 rtx 4050 6gb 512 ssd
So... boss damage scales to HP then,I thought it was just a NG+ thing but I've been doing a NG0 limited health run and it's been surprisingly easy (kept charm tho). How does damage scaling work in this game?,14,1g7nco6,Sekiro,https://www.reddit.com/r/Sekiro/comments/1g7nco6/so_boss_damage_scales_to_hp_then/,3,2024-10-20 01:01:25,Reddit,I thought it was just a NG+ thing but I've been doing a NG0 limited health run and it's been surprisingly easy (kept charm tho). How does damage scaling work in this game?,thought ng thing ng0 limited health run surprisingly easy kept charm tho damage scaling work game
Sebutin hp flagship paling jelek yang pernah kalian tau ,Klo gw sih Samsung s20 series sama note 20 (yg biasa bukan ultra) Ama iPhone 14-16 (non pro dan pro max),13,1g7vzqq,indotech,https://www.reddit.com/r/indotech/comments/1g7vzqq/sebutin_hp_flagship_paling_jelek_yang_pernah/,101,2024-10-20 10:49:04,Reddit,Klo gw sih Samsung s20 series sama note 20 (yg biasa bukan ultra) Ama iPhone 14-16 (non pro dan pro max),klo gw sih samsung s20 series sama note 20 yg biasa bukan ultra ama iphone 14 16 non pro dan pro max
the random left right when i hit 3 hp,"honestly bro, why did he leave in the middle of the final fight",62,1g7nzgv,FortNiteBR,https://v.redd.it/lqx0izk4ftvd1,15,2024-10-20 01:37:20,Reddit,"honestly bro, why did he leave in the middle of the final fight",honestly bro leave middle final fight
Collection so far. Hopefully will get a Casio grapher and some more HP models,,50,1g8ahse,calculators,https://i.redd.it/qze5c5ryizvd1.jpeg,18,2024-10-20 22:09:30,Reddit,Collection so far. Hopefully will get a Casio grapher and some more HP models,collection far hopefully get casio grapher hp model
Lamborghini SVJ Twin turbo 1100+ hp [1080x1920],,171,1g760rk,carporn,https://i.redd.it/la9w70bdxovd1.jpeg,2,2024-10-19 10:30:40,Reddit,Lamborghini SVJ Twin turbo 1100+ hp [1080x1920],lamborghini svj twin turbo 1100 hp 1080x1920
HSR lost his 15% HP boost?,"Last night the boost was active, I uninstalled and reinstalled the game to fix a minor issue and now he has regular HP. Did they nerf him?",2,1g7rur7,DragonCity,https://i.redd.it/p2nn5679muvd1.jpeg,2,2024-10-20 05:39:07,Reddit,"Last night the boost was active, I uninstalled and reinstalled the game to fix a minor issue and now he has regular HP. Did they nerf him?",last night boost active uninstalled reinstalled game fix minor issue regular hp nerf
Help with HP Proliant ML350P Gen 8,"I recently bought one of these on the weekend. Its in working order, and with extra parts.

It has the 8-bay SFF cage in it, with an extra 8-bay SFF which is not connected right now.

I have been trying to find help in regards to the 2nd bay. As I have been told by the recent owner, this can just be daisy chained as per image https://imgur.com/a/bo9wgu3

What I'm confused here, is that it says on the spec sheet that the P420i controller will only support 8 drives, so will this even work?

Also power-wise, will this work, as this has only a 10-pin connector, and that's already being used by the first bay. Photo attached https://imgur.com/a/g4qdnw9

I also have a Dell PERC H700 controller from my previous R610. Will this work in i used it here if i can't use the daisy-chain method (providing i powered the 2nd bay)",2,1g7vfzv,homelab,https://www.reddit.com/r/homelab/comments/1g7vfzv/help_with_hp_proliant_ml350p_gen_8/,7,2024-10-20 10:09:31,Reddit,"I recently bought one of these on the weekend. Its in working order, and with extra parts.

It has the 8-bay SFF cage in it, with an extra 8-bay SFF which is not connected right now.

I have been trying to find help in regards to the 2nd bay. As I have been told by the recent owner, this can just be daisy chained as per image https://imgur.com/a/bo9wgu3

What I'm confused here, is that it says on the spec sheet that the P420i controller will only support 8 drives, so will this even work?

Also power-wise, will this work, as this has only a 10-pin connector, and that's already being used by the first bay. Photo attached https://imgur.com/a/g4qdnw9

I also have a Dell PERC H700 controller from my previous R610. Will this work in i used it here if i can't use the daisy-chain method (providing i powered the 2nd bay)",recently bought one weekend working order extra part 8 bay sff cage extra 8 bay sff connected right trying find help regard 2nd bay told recent owner daisy chained per image confused say spec sheet p420i controller support 8 drive even work also power wise work 10 pin connector already used first bay photo attached also dell perc h700 controller previous r610 work used use daisy chain method providing powered 2nd bay
(Lego HP 1-4) Aren't students supposed to disappear after being rescued?,"I'm 1 student in peril away from 100% completion but I've checked each location to see what I've missed. On the right side charms basement level, I saw the student isn't trapped by the vines anymore but he is still standing there from when (I believe) I rescued him before. Is this a glitch or something? I am not playing the whole way through this game again for 100% completion if it turns out there's a glitch, I've done literally everything else",4,1g8ebln,legogaming,https://www.reddit.com/r/legogaming/comments/1g8ebln/lego_hp_14_arent_students_supposed_to_disappear/,2,2024-10-21 01:23:45,Reddit,"I'm 1 student in peril away from 100% completion but I've checked each location to see what I've missed. On the right side charms basement level, I saw the student isn't trapped by the vines anymore but he is still standing there from when (I believe) I rescued him before. Is this a glitch or something? I am not playing the whole way through this game again for 100% completion if it turns out there's a glitch, I've done literally everything else",1 student peril away 100 completion checked location see missed right side charm basement level saw student trapped vine anymore still standing believe rescued glitch something playing whole way game 100 completion turn glitch done literally everything else
"Fun fact: if a libero/protean mon uses curse, they target themselves, turn ghost type, and then use the move, leading to them losing 50%hp immediately, 25% at the end of the turn and the last 25% next turn (Random OM of the month)",,1432,1g9u87h,stunfisk,https://i.redd.it/pqyvhasvpdwd1.png,52,2024-10-22 21:54:41,Reddit,"Fun fact: if a libero/protean mon uses curse, they target themselves, turn ghost type, and then use the move, leading to them losing 50%hp immediately, 25% at the end of the turn and the last 25% next turn (Random OM of the month)",fun fact libero protean mon us curse target turn ghost type use move leading losing 50 hp immediately 25 end turn last 25 next turn random om month
Does Invoker’s Tornado stop Slark from regenerating HP while ulting?,Basically the title. ,14,1g824s0,learndota2,https://www.reddit.com/r/learndota2/comments/1g824s0/does_invokers_tornado_stop_slark_from/,7,2024-10-20 16:06:23,Reddit,Basically the title. ,basically title
Today I realized you start with 1 HP less in World Tournament,I wonder why?,42,1g805hm,DBZDokkanBattle,https://i.redd.it/gprvwhldaxvd1.jpeg,7,2024-10-20 14:37:49,Reddit,I wonder why?,wonder
HP 6063B repair ,"The fan on the HP 6063B stopped working. After a closer look, it turned out that a capacitor after the voltage regulator for the fan had a short circuit. The error was quickly eliminated. The final test was successful. ",2,1g78412,HP_Agilent_Keysight,https://www.reddit.com/gallery/1g78412,0,2024-10-19 12:47:00,Reddit,"The fan on the HP 6063B stopped working. After a closer look, it turned out that a capacitor after the voltage regulator for the fan had a short circuit. The error was quickly eliminated. The final test was successful. ",fan hp 6063b stopped working closer look turned capacitor voltage regulator fan short circuit error quickly eliminated final test successful
"I'm sorry Reimar, but 12 Max HP wow!",,37,1g7ibs0,BattleBrothers,https://i.redd.it/qc9osxadzrvd1.png,10,2024-10-19 20:48:06,Reddit,"I'm sorry Reimar, but 12 Max HP wow!",sorry reimar 12 max hp wow
Is there any problem with HP victus?,"I found this for only about $1200 USD.
It is much cheaper than other laptops with similar specs. Is there any problem with this one?",2,1g7ty09,GamingLaptops,https://i.redd.it/7l7fbxjzdvvd1.jpeg,3,2024-10-20 08:14:30,Reddit,"I found this for only about $1200 USD.
It is much cheaper than other laptops with similar specs. Is there any problem with this one?",found 1200 usd much cheaper laptop similar spec problem one
HP Multimeter Check ,"I check the HP multimeter with a voltage reference at regular intervals. It looks very good.

#hp3455a #hp3456a",3,1g752l4,HP_Agilent_Keysight,https://v.redd.it/2sgn1j0gkovd1,0,2024-10-19 09:18:16,Reddit,"I check the HP multimeter with a voltage reference at regular intervals. It looks very good.

#hp3455a #hp3456a",check hp multimeter voltage reference regular interval look good hp3455a hp3456a
Can iron fist 1 shot freedom users since they have 80% hp,,8,1g89tv7,untitledboxinggame,https://www.reddit.com/r/untitledboxinggame/comments/1g89tv7/can_iron_fist_1_shot_freedom_users_since_they/,7,2024-10-20 21:39:30,Reddit,Can iron fist 1 shot freedom users since they have 80% hp,iron fist 1 shot freedom user since 80 hp
"official HP popup about a ""special discount"" that expired 9 years ago",,6,1g8d77q,mildlyinfuriating,https://www.reddit.com/gallery/1g8d77q,5,2024-10-21 00:23:16,Reddit,"official HP popup about a ""special discount"" that expired 9 years ago",official hp popup special discount expired 9 year ago
Playing demons on 30 hp 1 armor Wrath Weaver,"So if you play demons on 30 hp 1 armor and you rewind the dmg for playing the demon  ( wrath weaver build ) the animation is so annoying it takes forever to go from 30hp back to 30hp 1 armor. If this is a gameplay feature its the most stupidest thing to have ingame, hopefully this will be fixed",2,1g81qb8,BobsTavern,https://www.reddit.com/r/BobsTavern/comments/1g81qb8/playing_demons_on_30_hp_1_armor_wrath_weaver/,2,2024-10-20 15:49:06,Reddit,"So if you play demons on 30 hp 1 armor and you rewind the dmg for playing the demon  ( wrath weaver build ) the animation is so annoying it takes forever to go from 30hp back to 30hp 1 armor. If this is a gameplay feature its the most stupidest thing to have ingame, hopefully this will be fixed",play demon 30 hp 1 armor rewind dmg playing demon wrath weaver build animation annoying take forever go 30hp back 30hp 1 armor gameplay feature stupidest thing ingame hopefully fixed
HP Omen with NIVIDIA GeForce GTX 1070 Max-Q,"https://preview.redd.it/alb3r5k5oyvd1.jpg?width=1599&format=pjpg&auto=webp&s=aaefde664ee1b1bc33dd3bd4e20cac73b3033953

This is my OMEN by HP 15-dc0013ne. My first problem is the GPU which is not working, which I suspect is because of heat. Second, the battery, I can't remove the plug if I'm using it. Any recommendations from the professionals? Is it worth to replace the GPU and battery? How much will it cost?",2,1g86rmt,HPOmen,https://www.reddit.com/r/HPOmen/comments/1g86rmt/hp_omen_with_nividia_geforce_gtx_1070_maxq/,4,2024-10-20 19:25:28,Reddit,"https://preview.redd.it/alb3r5k5oyvd1.jpg?width=1599&format=pjpg&auto=webp&s=aaefde664ee1b1bc33dd3bd4e20cac73b3033953

This is my OMEN by HP 15-dc0013ne. My first problem is the GPU which is not working, which I suspect is because of heat. Second, the battery, I can't remove the plug if I'm using it. Any recommendations from the professionals? Is it worth to replace the GPU and battery? How much will it cost?",omen hp 15 dc0013ne first problem gpu working suspect heat second battery remove plug using recommendation professional worth replace gpu battery much cost
"Got Scammed at HP Fuel Pump - D.R. Raju Endada, Visakhapatnam.",,13,1g8374o,Visakhapatnam,https://maps.app.goo.gl/Eiq2jHz9xX6QEWrQ8?g_st=com.google.maps.preview.copy,2,2024-10-20 16:52:18,Reddit,"Got Scammed at HP Fuel Pump - D.R. Raju Endada, Visakhapatnam.",got scammed hp fuel pump r raju endada visakhapatnam
