Title,content,Score,ID,Subreddit,URL,Comments,Created,Source,content_to_process,processed_content
1996 Nike...,,13,1gaf0a2,GriffeyCards,https://www.reddit.com/gallery/1gaf0a2,2,2024-10-23 16:36:54,Reddit,1996 Nike...,1996 nike
More Nike pro,,2,1gaw7jr,TaliaLewisColePics,https://v.redd.it/0tj0or1nenwd1,1,2024-10-24 06:28:02,Reddit,More Nike pro,nike pro
New Nike ad just dropped,,107,1gail8u,canucks,https://i.redd.it/u25yolhg1kwd1.jpeg,6,2024-10-23 19:08:47,Reddit,New Nike ad just dropped,new nike ad dropped
Nike Windbreaker,"Do someone have a link for this one ? 
Or something similar",14,1gaa1ww,FashionReps,https://i.redd.it/t4801cdf8iwd1.jpeg,3,2024-10-23 13:04:17,Reddit,"Do someone have a link for this one ? 
Or something similar",someone link one something similar
Nike SB Atmos Elephant ,Pulled these out today. The midsole needs a good scrubbing. ,37,1gadwe5,DunksNotDead,https://i.redd.it/frvc3jpb2jwd1.jpeg,6,2024-10-23 15:51:54,Reddit,Pulled these out today. The midsole needs a good scrubbing. ,pulled today midsole need good scrubbing
7k haule nike socks ,is good https://l.acbuy.com/ax/518513797,4,1gaqibz,CoutureReps,https://i.redd.it/0vfnomd8slwd1.jpeg,1,2024-10-24 01:00:43,Reddit,is good https://l.acbuy.com/ax/518513797,good
Nike air max 270,I bought these years ago and almost never wear them. How ever on the one or two occasions a year I want to wear them… I have noticed yellowing on the air bubble part! Any ideas on how to get it back to “icey blue”?,11,1gai0bj,Nike,https://i.redd.it/jzjw50z5wjwd1.jpeg,0,2024-10-23 18:39:07,Reddit,I bought these years ago and almost never wear them. How ever on the one or two occasions a year I want to wear them… I have noticed yellowing on the air bubble part! Any ideas on how to get it back to “icey blue”?,bought year ago almost never wear ever one two occasion year want wear noticed yellowing air bubble part idea get back icey blue
Nike Notca nylon track suit,"Set purchased for $70 - would size up 2x your normal size. Reflective, and seems waterproof ",23,1gafal1,qinmin123,https://www.reddit.com/gallery/1gafal1,14,2024-10-23 16:48:38,Reddit,"Set purchased for $70 - would size up 2x your normal size. Reflective, and seems waterproof ",set purchased 70 would size 2x normal size reflective seems waterproof
Nike Air Yeezy 1 Zen Grey,,9,1gapo0w,repweidiansneakers,https://www.reddit.com/gallery/1gapo0w,13,2024-10-24 00:19:06,Reddit,Nike Air Yeezy 1 Zen Grey,nike air yeezy 1 zen grey
Recently got my first nike’s !!!,,125,1gaca91,SneakersIndia,https://i.redd.it/hxrzcdl9qiwd1.jpeg,18,2024-10-23 14:44:17,Reddit,Recently got my first nike’s !!!,recently got first nike
W2C Nike x Syna Tech Fleece,,3,1gavga0,FashionReps,https://www.reddit.com/gallery/1gavga0,3,2024-10-24 05:34:52,Reddit,W2C Nike x Syna Tech Fleece,w2c nike x syna tech fleece
Hual Nike socks,,18,1g9xwfs,AllChinabuy,https://i.redd.it/l9o0fx0vkewd1.jpeg,1,2024-10-23 00:46:59,Reddit,Hual Nike socks,hual nike sock
Nike Shox Monster from 2005,My good old Nike Shox Monster I bought almost 20 years ago. Still one of the hottest designs imo. ,5,1gaj62g,Nike,https://www.reddit.com/gallery/1gaj62g,0,2024-10-23 19:33:19,Reddit,My good old Nike Shox Monster I bought almost 20 years ago. Still one of the hottest designs imo. ,good old nike shox monster bought almost 20 year ago still one hottest design imo
Nike reflective fleece,"Qc on this please 
GL or RL?
W2c: https://m.intl.taobao.com/detail/detail.html?id=692523585943
",3,1ga6niq,RepsneakersDogs,https://www.reddit.com/gallery/1ga6niq,9,2024-10-23 09:50:09,Reddit,"Qc on this please 
GL or RL?
W2c: https://m.intl.taobao.com/detail/detail.html?id=692523585943
",qc please gl rl w2c
Legit Nike Jalen Green?,,3,1gabrwc,basketballjerseys,https://www.reddit.com/gallery/1gabrwc,4,2024-10-23 14:22:29,Reddit,Legit Nike Jalen Green?,legit nike jalen green
Nike elite sizing,"Hows the sizing on the nike elites compared to last years authentic jerseys? im a 48 from last years authentic i dont if i should continue or size up. are they tighter or the same.
?",2,1ga5epn,baseballunis,https://www.reddit.com/r/baseballunis/comments/1ga5epn/nike_elite_sizing/,3,2024-10-23 08:15:59,Reddit,"Hows the sizing on the nike elites compared to last years authentic jerseys? im a 48 from last years authentic i dont if i should continue or size up. are they tighter or the same.
?",hows sizing nike elite compared last year authentic jersey im 48 last year authentic dont continue size tighter
Nike Running NYC Capsule Collection ,"https://preview.redd.it/rzr29uwimgwd1.jpg?width=1440&format=pjpg&auto=webp&s=b756559bd0f1122d3a8fce1815e3da6c486b0a89

https://preview.redd.it/q5ylcsjmmgwd1.jpg?width=1440&format=pjpg&auto=webp&s=9e1d4031fdc907156a46284daf2d9a2bb6d45599

https://preview.redd.it/7ge0f8jmmgwd1.jpg?width=1440&format=pjpg&auto=webp&s=7ed334d16367a7bcd2220eac921835b3914fa924

https://preview.redd.it/ny1jiajmmgwd1.jpg?width=1440&format=pjpg&auto=webp&s=30994bf2ba6f1ceb5a6bdfc43ede799048102c24

https://preview.redd.it/zf3e19jmmgwd1.jpg?width=1440&format=pjpg&auto=webp&s=1a0e0e89d384d819b65dc01bae0aa9f3e1a16cca

  
Nike trying to up their game in running it seems. I like the pictures and the shirt, but seems overall a bit underwhelming. 

From Nike:

The Nike Running NYC Capsule Collection honors the city’s five boroughs, while celebrating the 26.2 miles that connects its streets.  
  
Talent: Nike Project Moonshot athletes  
  
Available at:  
Nike House of Innovation  
Nike Soho  
Nike Battery Park City  
Nike Upper East Side  
Nike Williamsburg  
Nike Hoboken  
Nike East New York  
Nike Woodbury  
Nike Staten Island  
Nike Northd Bronx  
Nike Harlem

  
Source: [https://www.instagram.com/p/DBbda\_PP\_Ne/?hl=en&img\_index=5](https://www.instagram.com/p/DBbda_PP_Ne/?hl=en&img_index=5)",16,1ga4wmy,runningfashion,https://www.reddit.com/r/runningfashion/comments/1ga4wmy/nike_running_nyc_capsule_collection/,3,2024-10-23 07:42:52,Reddit,"https://preview.redd.it/rzr29uwimgwd1.jpg?width=1440&format=pjpg&auto=webp&s=b756559bd0f1122d3a8fce1815e3da6c486b0a89

https://preview.redd.it/q5ylcsjmmgwd1.jpg?width=1440&format=pjpg&auto=webp&s=9e1d4031fdc907156a46284daf2d9a2bb6d45599

https://preview.redd.it/7ge0f8jmmgwd1.jpg?width=1440&format=pjpg&auto=webp&s=7ed334d16367a7bcd2220eac921835b3914fa924

https://preview.redd.it/ny1jiajmmgwd1.jpg?width=1440&format=pjpg&auto=webp&s=30994bf2ba6f1ceb5a6bdfc43ede799048102c24

https://preview.redd.it/zf3e19jmmgwd1.jpg?width=1440&format=pjpg&auto=webp&s=1a0e0e89d384d819b65dc01bae0aa9f3e1a16cca

  
Nike trying to up their game in running it seems. I like the pictures and the shirt, but seems overall a bit underwhelming. 

From Nike:

The Nike Running NYC Capsule Collection honors the city’s five boroughs, while celebrating the 26.2 miles that connects its streets.  
  
Talent: Nike Project Moonshot athletes  
  
Available at:  
Nike House of Innovation  
Nike Soho  
Nike Battery Park City  
Nike Upper East Side  
Nike Williamsburg  
Nike Hoboken  
Nike East New York  
Nike Woodbury  
Nike Staten Island  
Nike Northd Bronx  
Nike Harlem

  
Source: [https://www.instagram.com/p/DBbda\_PP\_Ne/?hl=en&img\_index=5](https://www.instagram.com/p/DBbda_PP_Ne/?hl=en&img_index=5)",nike trying game running seems like picture shirt seems overall bit underwhelming nike nike running nyc capsule collection honor city five borough celebrating 26 2 mile connects street talent nike project moonshot athlete available nike house innovation nike soho nike battery park city nike upper east side nike williamsburg nike hoboken nike east new york nike woodbury nike staten island nike northd bronx nike harlem source
REVIEW - Nike Nocta tech fleece tracksuit,"Bonjour, comme premier post voici une review d’une commande passée chez le vendeur « Dragon reps » pour 3 ensembles nocta. De manière générale, les vêtements sont de très bonnes qualité, sont confortables à porter et se rapprochent de l’authentique. Je recommande de passer commande chez ce vendeur en direct shipping c’est très efficace. Si besoin de détails dites le moi.
Link : https://item.taobao.com/item.htm?ft=t&id=841382748844",14,1gaf6uu,FashionReps,https://i.redd.it/shngv6fpbjwd1.jpeg,4,2024-10-23 16:44:27,Reddit,"Bonjour, comme premier post voici une review d’une commande passée chez le vendeur « Dragon reps » pour 3 ensembles nocta. De manière générale, les vêtements sont de très bonnes qualité, sont confortables à porter et se rapprochent de l’authentique. Je recommande de passer commande chez ce vendeur en direct shipping c’est très efficace. Si besoin de détails dites le moi.
Link : https://item.taobao.com/item.htm?ft=t&id=841382748844",bonjour comme premier post voici une review une commande passée chez le vendeur dragon rep pour 3 ensemble nocta de manière générale le vêtements sont de très bonnes qualité sont confortables à porter et se rapprochent de l authentique je recommande de passer commande chez ce vendeur en direct shipping c est très efficace si besoin de détails dites le moi link
Nike Lunar Force 1 Duckboot,"Cop them cheap at eBay, not sure if they are legit...",5,1ga9w9n,CoutureReps,https://www.reddit.com/gallery/1ga9w9n,1,2024-10-23 12:56:53,Reddit,"Cop them cheap at eBay, not sure if they are legit...",cop cheap ebay sure legit
Futura x Nike SB ,Todays kicks ,57,1g9n1th,NikeSB,https://i.redd.it/z5g0vlu29cwd1.jpeg,4,2024-10-22 16:57:20,Reddit,Todays kicks ,today kick
(QC) Nike TN Tracksuit from Tiger,Super happy with the way this looks and everything seems spot on compared to retail. I ordered an XL and I'm 193cm/74kg for reference. W2C 👇🏼,8,1ga9sqj,FashionReps,https://www.reddit.com/gallery/1ga9sqj,3,2024-10-23 12:52:03,Reddit,Super happy with the way this looks and everything seems spot on compared to retail. I ordered an XL and I'm 193cm/74kg for reference. W2C 👇🏼,super happy way look everything seems spot compared retail ordered xl 193cm 74kg reference w2c
O galo de nike,,18,1g9v31z,Ifunny_BR,https://v.redd.it/4uioz2nwwdwd1,0,2024-10-22 22:32:35,Reddit,O galo de nike,galo de nike
"Quality Check VT batch nike dunks university blue 
",,6,1gaomze,FashionReps,https://weidian.com/item.html?itemID=7230962270,2,2024-10-23 23:30:11,Reddit,"Quality Check VT batch nike dunks university blue 
",quality check vt batch nike dunk university blue
GL OR RL BLACK NIKE TN,,2,1gakdaf,FashionReps,https://www.reddit.com/gallery/1gakdaf,5,2024-10-23 20:23:16,Reddit,GL OR RL BLACK NIKE TN,gl rl black nike tn
UTSA to be Nike school in 2025,,10,1gaewlg,UTSAFootball,https://x.com/utsaathletics/status/1849122406209589377?s=46,3,2024-10-23 16:32:44,Reddit,UTSA to be Nike school in 2025,utsa nike school 2025
"Available Now on Community Creations. Nike Air DT Max ‘96. Hashtags: TrapHouseCaws, NikeAir, Nike. Follow me on Twitter/X @TrapHouseCaws",,26,1g9792d,WWEGames,https://i.redd.it/ozt6zkd2u7wd1.jpeg,4,2024-10-22 02:05:58,Reddit,"Available Now on Community Creations. Nike Air DT Max ‘96. Hashtags: TrapHouseCaws, NikeAir, Nike. Follow me on Twitter/X @TrapHouseCaws",available community creation nike air dt max 96 hashtags traphousecaws nikeair nike follow twitter x traphousecaws
Lebron listening in Nike ad,https://bleacherreport.com/videos/595394-lebronbronny-nike-ad,33,1g9vyw5,Larry_June,https://www.reddit.com/r/Larry_June/comments/1g9vyw5/lebron_listening_in_nike_ad/,9,2024-10-22 23:13:58,Reddit,https://bleacherreport.com/videos/595394-lebronbronny-nike-ad,
Nike Hirevue,Has anyone heard back from Nike after completing the hirevue for undergraduate internships?,4,1g9ma6t,internships,https://www.reddit.com/r/internships/comments/1g9ma6t/nike_hirevue/,0,2024-10-22 16:25:41,Reddit,Has anyone heard back from Nike after completing the hirevue for undergraduate internships?,anyone heard back nike completing hirevue undergraduate internship
Nike sport loop is 🔥,"Picked this up from CEX (used but great condition) for only £15.  

Very comfortable, more-so maybe than the trail loop I have.

Impressed!",58,1g9p1un,applewatchultra,https://i.redd.it/y0t9ykzoncwd1.jpeg,8,2024-10-22 18:19:10,Reddit,"Picked this up from CEX (used but great condition) for only £15.  

Very comfortable, more-so maybe than the trail loop I have.

Impressed!",picked cex used great condition 15 comfortable maybe trail loop impressed
QC Nike sneakers,,2,1ga0psj,JoyabuyOfficial,https://www.reddit.com/gallery/1ga0psj,2,2024-10-23 03:11:54,Reddit,QC Nike sneakers,qc nike sneaker
Happy birthday Nike stepper👣👣,,29,1g9ns5z,Torontology,https://i.redd.it/f2yl3vpeecwd1.jpeg,22,2024-10-22 17:27:07,Reddit,Happy birthday Nike stepper👣👣,happy birthday nike stepper
Is this Original Nike Air Max Command?,"I grabbed Nice Air Max Command sneaker from Flipkart - https://dl.flipkart.com/s/RDYZPmNNNN On right side its says Air Max clearly but on the right shoes the 'Air Max' is little into the sole. Is that okay, I tried scanning the qr code and the link it gave me is - https://gr.nike.com/040C3767XPQ1M.
But I think qr can be made, any other way to verify? please help",2,1galed2,Sneakers,https://www.reddit.com/gallery/1galed2,0,2024-10-23 21:06:41,Reddit,"I grabbed Nice Air Max Command sneaker from Flipkart - https://dl.flipkart.com/s/RDYZPmNNNN On right side its says Air Max clearly but on the right shoes the 'Air Max' is little into the sole. Is that okay, I tried scanning the qr code and the link it gave me is - https://gr.nike.com/040C3767XPQ1M.
But I think qr can be made, any other way to verify? please help",grabbed nice air max command sneaker flipkart right side say air max clearly right shoe air max little sole okay tried scanning qr code link gave think qr made way verify please help
QC NIKE white cement sneaker,,8,1ga3am9,JoyabuyOfficial,https://joyabuy.com/product/?shop_type=weidian&id=7258657167,1,2024-10-23 05:45:24,Reddit,QC NIKE white cement sneaker,qc nike white cement sneaker
Jacke Travis Scott CACT.US CORP x Nike M NRG ,,28,1gal4ha,DHgateVip,https://www.reddit.com/gallery/1gal4ha,7,2024-10-23 20:55:14,Reddit,Jacke Travis Scott CACT.US CORP x Nike M NRG ,jacke travis scott cact u corp x nike nrg
Sweet Tooth SB high on SNKRS and Nike App,https://snkrs.sng.link/Aoihh/9p4r/r_692dadd983,21,1gafst3,NikeSB,https://www.reddit.com/r/NikeSB/comments/1gafst3/sweet_tooth_sb_high_on_snkrs_and_nike_app/,8,2024-10-23 17:08:52,Reddit,https://snkrs.sng.link/Aoihh/9p4r/r_692dadd983,
"2,3kg to Germany Mulebuy (Balenciaga, Nike Stussy, Prada)","First of all please don’t use Mulebuy. 
Shipping was 55$ for 2,3kg. Thats insane.

Balenciaga Hoodie: The hoodie is thick and pretty heavy 1,2 kg and the measurements were correct. Pretty high quality
Hoodie Quality 9/10

https://👍item.taobao.com/item.htm?ft=t&id=828626769922

Nike Stussy Pants: The quality ist good on these but also i don’t know how the real ones feel like. The measurements were incorrect. The length was about 7cm shorter than expected. 
Pants quality 7/10

https://item👍.taobao.com/item.htm?id=813406173139

Prada Handbag: i expected a different material on these. They are like polyester material but also I didn’t look well when buying but they’re are fine for the price. (25$)
Handbag quality 5/10
",2,1gavd09,FashionReps,https://www.reddit.com/gallery/1gavd09,0,2024-10-24 05:28:44,Reddit,"First of all please don’t use Mulebuy. 
Shipping was 55$ for 2,3kg. Thats insane.

Balenciaga Hoodie: The hoodie is thick and pretty heavy 1,2 kg and the measurements were correct. Pretty high quality
Hoodie Quality 9/10

https://👍item.taobao.com/item.htm?ft=t&id=828626769922

Nike Stussy Pants: The quality ist good on these but also i don’t know how the real ones feel like. The measurements were incorrect. The length was about 7cm shorter than expected. 
Pants quality 7/10

https://item👍.taobao.com/item.htm?id=813406173139

Prada Handbag: i expected a different material on these. They are like polyester material but also I didn’t look well when buying but they’re are fine for the price. (25$)
Handbag quality 5/10
",first please use mulebuy shipping 55 2 3kg thats insane balenciaga hoodie hoodie thick pretty heavy 1 2 kg measurement correct pretty high quality hoodie quality 9 10 nike stussy pant quality ist good also know real one feel like measurement incorrect length 7cm shorter expected pant quality 7 10 prada handbag expected different material like polyester material also look well buying fine price 25 handbag quality 5 10
QC Supreme x Nike jacket,,9,1g9zs96,AllChinabuy,https://www.reddit.com/gallery/1g9zs96,6,2024-10-23 02:21:37,Reddit,QC Supreme x Nike jacket,qc supreme x nike jacket
Nike pegasus trail 4 worth??,"Getting these pegasus for 5K. Are they worth considering the colour for daily wear and if I could consider changing the lace.
Please help😓",9,1ga162q,SneakersIndia,https://www.reddit.com/gallery/1ga162q,1,2024-10-23 03:37:01,Reddit,"Getting these pegasus for 5K. Are they worth considering the colour for daily wear and if I could consider changing the lace.
Please help😓",getting pegasus 5k worth considering colour daily wear could consider changing lace please help
Lilou Nike pro,,5,1g9q47u,Liloussecretfan,https://i.redd.it/lmr668ugvcwd1.jpeg,0,2024-10-22 19:02:45,Reddit,Lilou Nike pro,lilou nike pro
QC-Nike running zip up (10$),,4,1ga6rvn,AllChinabuy,https://l.acbuy.com/ax/516171936,0,2024-10-23 09:58:49,Reddit,QC-Nike running zip up (10$),qc nike running zip 10
Nike dunk Offwhite ,"Salut l’équipe, je vends cette paire jamais portée en état neuf pour toute question, contactez-moi en privé 👌🏾😁

Taille 43 

Prix 60€

Envoie uniquement sur Mondial Relay en 24 heures",5,1g9kspa,FrenchyRepsBST,https://www.reddit.com/gallery/1g9kspa,1,2024-10-22 15:23:53,Reddit,"Salut l’équipe, je vends cette paire jamais portée en état neuf pour toute question, contactez-moi en privé 👌🏾😁

Taille 43 

Prix 60€

Envoie uniquement sur Mondial Relay en 24 heures",salut l équipe je vends cette paire jamais portée en état neuf pour toute question contactez moi en privé taille 43 prix 60 envoie uniquement sur mondial relay en 24 heures
Lilou Nike pro,,3,1g9q3x2,Liloussecretfan,https://www.reddit.com/gallery/1g9q3x2,0,2024-10-22 19:02:26,Reddit,Lilou Nike pro,lilou nike pro
Yn gets took down for a nike ski 😂,,80,1ga2nd9,Atlantology,https://v.redd.it/ebd6xaewufwd1,43,2024-10-23 05:05:01,Reddit,Yn gets took down for a nike ski 😂,yn get took nike ski
Nike Air Max 90 Men's Shoes $63.73,,4,1gaesoy,DailyRedditDeals,https://www.nike.com/t/air-max-90-mens-shoes-bAZ6AeHT/FN6958-003,1,2024-10-23 16:28:17,Reddit,Nike Air Max 90 Men's Shoes $63.73,nike air max 90 men shoe 63 73
Nike Vt dunk GL Or RL,,2,1ga7f5g,FashionReps,https://www.reddit.com/gallery/1ga7f5g,2,2024-10-23 10:41:13,Reddit,Nike Vt dunk GL Or RL,nike vt dunk gl rl
[Buyer] smelly white no show nike dri fit socks ,"Hit me up if you wear white no show nike dri fit socks. Prefer 18-25.

 +++athlete
++active
+super smelly
+super dirty",2,1gaqfna,MensUsedSocksForSale,https://www.reddit.com/r/MensUsedSocksForSale/comments/1gaqfna/buyer_smelly_white_no_show_nike_dri_fit_socks/,1,2024-10-24 00:57:12,Reddit,"Hit me up if you wear white no show nike dri fit socks. Prefer 18-25.

 +++athlete
++active
+super smelly
+super dirty",hit wear white show nike dri fit sock prefer 18 25 athlete active super smelly super dirty
"Available Now on Community Creations. Nike Air DT Max ‘96. Hashtags: TrapHouseCaws, NikeAir, Nike. Follow me on Twitter/X @TrapHouseCaws",,4,1g979dd,wwe2k24CAWMunity,https://i.redd.it/nz5vn2u4u7wd1.jpeg,0,2024-10-22 02:06:21,Reddit,"Available Now on Community Creations. Nike Air DT Max ‘96. Hashtags: TrapHouseCaws, NikeAir, Nike. Follow me on Twitter/X @TrapHouseCaws",available community creation nike air dt max 96 hashtags traphousecaws nikeair nike follow twitter x traphousecaws
50% OFF Sale - Nike Official Store,"[Nike Official Store](https://s.lazada.com.ph/s.nYYAQ?cc) will be going on sale later at exactly 12AM to 2AM on Oct. 24!

Make sure to catch the sale during those hours to avail all the discounts available.",3,1gaaflv,classifiedsph,https://www.reddit.com/gallery/1gaaflv,1,2024-10-23 13:21:59,Reddit,"[Nike Official Store](https://s.lazada.com.ph/s.nYYAQ?cc) will be going on sale later at exactly 12AM to 2AM on Oct. 24!

Make sure to catch the sale during those hours to avail all the discounts available.",nike official store going sale later exactly 12am 2am oct 24 make sure catch sale hour avail discount available
Nike Sports Loop Grey Blue,"Wanted to add the Nike Sports loop band in Blue Grey for those wanting to see in life photos! 

I’ve had it for about a month now and was a bit worried I would find it a bit masculine. It’s a change up from last years starlight. I chose the band for the darker colors hoping that it won’t get as dirty as the starlights and so far so good! 

I feel like this is a camouflage band and changes with what I wear. If I’m in dark colors it feels like a dark band. If im wearing light colors I feel it’s very light neutral tones. When I’m in blue this band pulls very blue almost like ink. 

In all im super happy about it! Look forward to not having to baby it as much as starlight! ",24,1g9mlw9,AppleWatch,https://www.reddit.com/gallery/1g9mlw9,4,2024-10-22 16:39:10,Reddit,"Wanted to add the Nike Sports loop band in Blue Grey for those wanting to see in life photos! 

I’ve had it for about a month now and was a bit worried I would find it a bit masculine. It’s a change up from last years starlight. I chose the band for the darker colors hoping that it won’t get as dirty as the starlights and so far so good! 

I feel like this is a camouflage band and changes with what I wear. If I’m in dark colors it feels like a dark band. If im wearing light colors I feel it’s very light neutral tones. When I’m in blue this band pulls very blue almost like ink. 

In all im super happy about it! Look forward to not having to baby it as much as starlight! ",wanted add nike sport loop band blue grey wanting see life photo month bit worried would find bit masculine change last year starlight chose band darker color hoping get dirty starlight far good feel like camouflage band change wear dark color feel like dark band im wearing light color feel light neutral tone blue band pull blue almost like ink im super happy look forward baby much starlight
Buying Nike from Unisport,"I been looking for Nike Phantom Luna 2 in AG in my size for weeks now and I found them on unisport but I read on there they don’t ship Nike outside the EU due to Nike, have any of you ordered Nike from unisport recently? ",2,1g9xesf,bootroom,https://www.reddit.com/r/bootroom/comments/1g9xesf/buying_nike_from_unisport/,3,2024-10-23 00:22:57,Reddit,"I been looking for Nike Phantom Luna 2 in AG in my size for weeks now and I found them on unisport but I read on there they don’t ship Nike outside the EU due to Nike, have any of you ordered Nike from unisport recently? ",looking nike phantom luna 2 ag size week found unisport read ship nike outside eu due nike ordered nike unisport recently
Nike 50% off sale starts later!,"[Nike Official Store](tinyurl.com/NikeOfficialStoreSale) will be going on sale later at exactly 12AM to 2AM on Oct. 24!

Make sure to catch the sale during those hours to maximize the sale!",5,1ga3crj,ShopeePH,https://www.reddit.com/gallery/1ga3crj,1,2024-10-23 05:49:42,Reddit,"[Nike Official Store](tinyurl.com/NikeOfficialStoreSale) will be going on sale later at exactly 12AM to 2AM on Oct. 24!

Make sure to catch the sale during those hours to maximize the sale!",nike official store tinyurl com nikeofficialstoresale going sale later exactly 12am 2am oct 24 make sure catch sale hour maximize sale
QC Nike Dunk SB Freddy Krueger From ONEBOSS 🔥,"☎️WAP: +86 166 5959 1196 🔥

Top seller : https://www.reddit.com/r/RepsneakersDogs/s/O6YVcvbw3r

Because of the unstable account, I hope my friends can communicate with me through WAP",3,1gajcub,RepsneakersDogs,https://www.reddit.com/gallery/1gajcub,2,2024-10-23 19:41:14,Reddit,"☎️WAP: +86 166 5959 1196 🔥

Top seller : https://www.reddit.com/r/RepsneakersDogs/s/O6YVcvbw3r

Because of the unstable account, I hope my friends can communicate with me through WAP",wap 86 166 5959 1196 top seller unstable account hope friend communicate wap
Sweet Tooth SB Dunk High on SNKRS and Nike App,https://snkrs.sng.link/Aoihh/9p4r/r_692dadd983,13,1gaftl5,DunksNotDead,https://www.reddit.com/r/DunksNotDead/comments/1gaftl5/sweet_tooth_sb_dunk_high_on_snkrs_and_nike_app/,2,2024-10-23 17:09:45,Reddit,https://snkrs.sng.link/Aoihh/9p4r/r_692dadd983,
(QC) Nike TN Jacket and Pants from Tiger,"Hi rep fam, recently picked up this fire tracksuit and wanted to know your thoughts. Everything seems to be spot on, and I like the details on the back of the jacket and pants. Super excited to wear this outside, W2C 👇🏼",3,1gad9ux,Repbudgetfashion,https://www.reddit.com/gallery/1gad9ux,1,2024-10-23 15:25:42,Reddit,"Hi rep fam, recently picked up this fire tracksuit and wanted to know your thoughts. Everything seems to be spot on, and I like the details on the back of the jacket and pants. Super excited to wear this outside, W2C 👇🏼",hi rep fam recently picked fire tracksuit wanted know thought everything seems spot like detail back jacket pant super excited wear outside w2c
"Available Now on Community Creations. Nike Air DT Max ‘96. Hashtags: TrapHouseCaws, NikeAir, Nike. Follow me on Twitter/X @TrapHouseCaws",,3,1g979m8,WWE2K24,https://i.redd.it/6qty9zv6u7wd1.jpeg,0,2024-10-22 02:06:40,Reddit,"Available Now on Community Creations. Nike Air DT Max ‘96. Hashtags: TrapHouseCaws, NikeAir, Nike. Follow me on Twitter/X @TrapHouseCaws",available community creation nike air dt max 96 hashtags traphousecaws nikeair nike follow twitter x traphousecaws
"FS: Nike Airmax AP, Nike Airspan II","Nike Airmax AP - 1800 Pesos (Fixed)
- Size 9 US
- 7/10 condition
- Left shoe punctured, but no difference in feel kapag nasuot na
- No box
- bought september 2023

Nike Air Span II - 1600 Pesos (Fixed)
- Size 9.5 US
- 9/10 condition
- ilang beses lang nasuot
- No issue at all, unless you consider creases sa toe box an issue.
- Bought september 2023

3K take both

RFS. Dust Collectors
Loc. Caloocan City, Monumento",2,1g8mm33,classifiedsph,https://www.reddit.com/gallery/1g8mm33,1,2024-10-21 10:41:56,Reddit,"Nike Airmax AP - 1800 Pesos (Fixed)
- Size 9 US
- 7/10 condition
- Left shoe punctured, but no difference in feel kapag nasuot na
- No box
- bought september 2023

Nike Air Span II - 1600 Pesos (Fixed)
- Size 9.5 US
- 9/10 condition
- ilang beses lang nasuot
- No issue at all, unless you consider creases sa toe box an issue.
- Bought september 2023

3K take both

RFS. Dust Collectors
Loc. Caloocan City, Monumento",nike airmax ap 1800 peso fixed size 9 u 7 10 condition left shoe punctured difference feel kapag nasuot na box bought september 2023 nike air span ii 1600 peso fixed size 9 5 u 9 10 condition ilang beses lang nasuot issue unless consider crease sa toe box issue bought september 2023 3k take rf dust collector loc caloocan city monumento
Nike Air Jordan 4 Retro Union | Link ⤵,,2,1gam0mw,dhgate_links,https://www.reddit.com/gallery/1gam0mw,1,2024-10-23 21:32:37,Reddit,Nike Air Jordan 4 Retro Union | Link ⤵,nike air jordan 4 retro union link
ACG NIKE X SUPREME FLEECE ,"Took a shot at this link at it looks like I may have cooked! I’m 5’11 - 210 lbs - muscle build…this should fit on me for the most part… GL OR NAH?

Link: https://detail.1688.com/offer/827179020196.html

",6,1g9qxbt,FashionReps,https://www.reddit.com/gallery/1g9qxbt,12,2024-10-22 19:35:57,Reddit,"Took a shot at this link at it looks like I may have cooked! I’m 5’11 - 210 lbs - muscle build…this should fit on me for the most part… GL OR NAH?

Link: https://detail.1688.com/offer/827179020196.html

",took shot link look like may cooked 5 11 210 lb muscle build fit part gl nah link
Sweet Tooth SB Dunk High on SNKRS and Nike App,https://snkrs.sng.link/Aoihh/9p4r/r_692dadd983,7,1gafrj2,sneakerleaks,https://www.reddit.com/r/sneakerleaks/comments/1gafrj2/sweet_tooth_sb_dunk_high_on_snkrs_and_nike_app/,4,2024-10-23 17:07:25,Reddit,https://snkrs.sng.link/Aoihh/9p4r/r_692dadd983,
Knicks Nike Dunks On Sale ,,61,1g9csy8,NYKnicks,https://www.nike.com/t/dunk-low-retro-mens-shoes-njHwD3/DV0833-800?cid=4942550&cp=usns_aff_nike__PID_1225267_Slickdeals+LLC&cjevent=627bb1d9904a11ef8107b8310a82b836,17,2024-10-22 07:53:05,Reddit,Knicks Nike Dunks On Sale ,knicks nike dunk sale
"1 USD Cheap Nike Socks Wholesale - Towel Base Elegance, Premium Quality.",,9,1gaq8n0,AllChinabuy,https://i.redd.it/i6cly4evplwd1.jpeg,2,2024-10-24 00:47:28,Reddit,"1 USD Cheap Nike Socks Wholesale - Towel Base Elegance, Premium Quality.",1 usd cheap nike sock wholesale towel base elegance premium quality
Nike Dunk Low “Halloween”size：36-47.5,,3,1gaclu7,AmyHuSneakers,https://www.reddit.com/gallery/1gaclu7,0,2024-10-23 14:58:05,Reddit,Nike Dunk Low “Halloween”size：36-47.5,nike dunk low halloween size 36 47 5
Nike Dunk Low “Halloween”size：36-47.5,,3,1gacmak,Lxfashionartsneakers,https://www.reddit.com/gallery/1gacmak,0,2024-10-23 14:58:37,Reddit,Nike Dunk Low “Halloween”size：36-47.5,nike dunk low halloween size 36 47 5
M batch Yuto Horigome Nike SB Dunk Low,,5,1gaaam4,Repsneakers,https://www.reddit.com/gallery/1gaaam4,0,2024-10-23 13:15:37,Reddit,M batch Yuto Horigome Nike SB Dunk Low,batch yuto horigome nike sb dunk low
Nike tech sizing,"Hi guys im planing to buy a nike tech (top), what size should i get, I'm 6'2 and skinny, i want it slim fit but also dont want it to short in height",5,1g9ebny,Nike,https://www.reddit.com/r/Nike/comments/1g9ebny/nike_tech_sizing/,0,2024-10-22 09:49:00,Reddit,"Hi guys im planing to buy a nike tech (top), what size should i get, I'm 6'2 and skinny, i want it slim fit but also dont want it to short in height",hi guy im planing buy nike tech top size get 6 2 skinny want slim fit also dont want short height
Amazing 1 USD Wholesale Cheap Nike Socks with Towel Bottom - Quality Grandeur.,,12,1gaqbu2,pandabuyfinds,https://i.redd.it/3wgv2j9nqlwd1.png,1,2024-10-24 00:51:50,Reddit,Amazing 1 USD Wholesale Cheap Nike Socks with Towel Bottom - Quality Grandeur.,amazing 1 usd wholesale cheap nike sock towel bottom quality grandeur
 Nike Alphafly 3 for Gym & Casual Wear? Thoughts?,"Hey sneakerheads,

I’ve been eyeing the Nike Alphafly 3, and while I know they’re built for running, I’m wondering if they’d work as a solid gym shoe and for everyday casual wear. I’m not planning on running marathons in them but want something that looks clean and is comfy for lifting, light cardio, and walking around.

Anyone here rock these outside of running? How’s the durability for gym sessions? Are they too over-the-top for casual fits, or can they pull it off?

Appreciate any feedback before I drop the cash ",2,1gag71g,Sneakers,https://www.reddit.com/r/Sneakers/comments/1gag71g/nike_alphafly_3_for_gym_casual_wear_thoughts/,2,2024-10-23 17:25:16,Reddit,"Hey sneakerheads,

I’ve been eyeing the Nike Alphafly 3, and while I know they’re built for running, I’m wondering if they’d work as a solid gym shoe and for everyday casual wear. I’m not planning on running marathons in them but want something that looks clean and is comfy for lifting, light cardio, and walking around.

Anyone here rock these outside of running? How’s the durability for gym sessions? Are they too over-the-top for casual fits, or can they pull it off?

Appreciate any feedback before I drop the cash ",hey sneakerheads eyeing nike alphafly 3 know built running wondering work solid gym shoe everyday casual wear planning running marathon want something look clean comfy lifting light cardio walking around anyone rock outside running durability gym session top casual fit pull appreciate feedback drop cash
W2C Nike Air Max 2013 Stussy Beige ,,5,1g9yyn3,FashionReps,https://i.redd.it/kg8av9cauewd1.jpeg,3,2024-10-23 01:39:41,Reddit,W2C Nike Air Max 2013 Stussy Beige ,w2c nike air max 2013 stussy beige
Find Wholesale 1 USD Cheap Nike Socks with Towel Bottom - Quality Radiance.,,10,1gaqa4c,Hoobuy,https://i.redd.it/4jcveit7qlwd1.jpeg,1,2024-10-24 00:49:32,Reddit,Find Wholesale 1 USD Cheap Nike Socks with Towel Bottom - Quality Radiance.,find wholesale 1 usd cheap nike sock towel bottom quality radiance
Nike Pro 😈💞,,3,1g9fgpr,TikTokStreamers,https://v.redd.it/f6h5xmggiawd1,0,2024-10-22 11:06:16,Reddit,Nike Pro 😈💞,nike pro
Nike socks ,Why do many!?!,27,1g8shza,employedbykohls,https://www.reddit.com/r/employedbykohls/comments/1g8shza/nike_socks/,16,2024-10-21 15:31:10,Reddit,Why do many!?!,many
Nike Vomero 17 vs Saucony Ride 16,"A new runner here! I am looking for a daily trainer that can also live up to a 5k or a 10k. Looking for some good cushioning too! 
How do these two compare? 
(I got to try the Vomero at a store and I liked it very much! But I couldn’t get my hands on a Ride 16 anywhere in my city)",2,1ga5cx7,AskRunningShoeGeeks,https://www.reddit.com/r/AskRunningShoeGeeks/comments/1ga5cx7/nike_vomero_17_vs_saucony_ride_16/,1,2024-10-23 08:12:19,Reddit,"A new runner here! I am looking for a daily trainer that can also live up to a 5k or a 10k. Looking for some good cushioning too! 
How do these two compare? 
(I got to try the Vomero at a store and I liked it very much! But I couldn’t get my hands on a Ride 16 anywhere in my city)",new runner looking daily trainer also live 5k 10k looking good cushioning two compare got try vomero store liked much get hand ride 16 anywhere city
New Daily Driver Shoe: My Nike Pegasus 41s! ,"As someone who loves to take long walks and is starting her running journey, I recently bit the bullet and bought my first pair of proper running shoes.

I got the Nike Pegasus 41s since many people have recommended it to me as a beginner-friendly running shoe. It's stiff, yet may cushiony and springy feel na adds some efficiency to your walks or runs. 

Despite it being promoted as a running shoe, I find it to be sleek and stylish enough to pair with most of my clothes. 

Things to note when buying: 
- These run true to size and WILL require breaking in for maximum comfort. I used my Pegasus 41s for 3 days straight so that my feet can get used to them. My actual size is a women's 8.5/men's 7.5. 
- These are a bit narrow, so if you have super wide feet or hate the feeling of breaking in, size up. I initially wanted to size up, but the Nike SAs told me to stick to my actual size because the pair will become more comfortable over time. Not to mention, may level of discomfort din when you have shoes that are too big for you.
- Best to go in store to test and try this out. 

Overall, I'm enjoying the Pegasus 41s for its versatility, springyness, and efficiency. I have tallied around 7.5 km in less than a week of wearing them, and I was able to walk at least 10k steps. ",31,1g9s2d9,beautytalkph,https://www.reddit.com/gallery/1g9s2d9,2,2024-10-22 20:22:34,Reddit,"As someone who loves to take long walks and is starting her running journey, I recently bit the bullet and bought my first pair of proper running shoes.

I got the Nike Pegasus 41s since many people have recommended it to me as a beginner-friendly running shoe. It's stiff, yet may cushiony and springy feel na adds some efficiency to your walks or runs. 

Despite it being promoted as a running shoe, I find it to be sleek and stylish enough to pair with most of my clothes. 

Things to note when buying: 
- These run true to size and WILL require breaking in for maximum comfort. I used my Pegasus 41s for 3 days straight so that my feet can get used to them. My actual size is a women's 8.5/men's 7.5. 
- These are a bit narrow, so if you have super wide feet or hate the feeling of breaking in, size up. I initially wanted to size up, but the Nike SAs told me to stick to my actual size because the pair will become more comfortable over time. Not to mention, may level of discomfort din when you have shoes that are too big for you.
- Best to go in store to test and try this out. 

Overall, I'm enjoying the Pegasus 41s for its versatility, springyness, and efficiency. I have tallied around 7.5 km in less than a week of wearing them, and I was able to walk at least 10k steps. ",someone love take long walk starting running journey recently bit bullet bought first pair proper running shoe got nike pegasus 41s since many people recommended beginner friendly running shoe stiff yet may cushiony springy feel na add efficiency walk run despite promoted running shoe find sleek stylish enough pair clothes thing note buying run true size require breaking maximum comfort used pegasus 41s 3 day straight foot get used actual size woman 8 5 men 7 5 bit narrow super wide foot hate feeling breaking size initially wanted size nike sa told stick actual size pair become comfortable time mention may level discomfort din shoe big best go store test try overall enjoying pegasus 41s versatility springyness efficiency tallied around 7 5 km less week wearing able walk least 10k step
FRICK NIKE,Gave me 10% off next order and I guess it’s not too noticeable but still a bit of a pain. ,9,1g8z2bj,travisscott,https://i.redd.it/8b8jmv9vz5wd1.jpeg,3,2024-10-21 19:55:00,Reddit,Gave me 10% off next order and I guess it’s not too noticeable but still a bit of a pain. ,gave 10 next order guess noticeable still bit pain
[WTS] Jordan 1 High & Nike SB Dunk Low. 10-10.5 ,Feel free to message for more pictures. Prices in the comments. ,6,1galtln,sneakermarket,https://www.reddit.com/gallery/1galtln,7,2024-10-23 21:24:23,Reddit,Feel free to message for more pictures. Prices in the comments. ,feel free message picture price comment
New Nike commercial featuring LeBron and Bronny James - “Don’t be late ROOK! 🤣🤴🏾👑🫡”,,6527,1g9t5jo,nba,https://streamable.com/4exngi,605,2024-10-22 21:08:06,Reddit,New Nike commercial featuring LeBron and Bronny James - “Don’t be late ROOK! 🤣🤴🏾👑🫡”,new nike commercial featuring lebron bronny james late rook
CNFans Nike x nocta puffer,https://cnfans.com/product/?shop_type=weidian&id=7262026845&ref=1251886,2,1g9ps4n,CNfans,https://i.redd.it/i3i912y0tcwd1.jpeg,1,2024-10-22 18:49:03,Reddit,https://cnfans.com/product/?shop_type=weidian&id=7262026845&ref=1251886,
"45% Nike Dunk Low Retro ""Ivory Ultraman"" at END.",,11,1ga2ett,midsoledeals,https://endclothing.com.im/nike-dunk-low-retro-hj9093-030,1,2024-10-23 04:50:10,Reddit,"45% Nike Dunk Low Retro ""Ivory Ultraman"" at END.",45 nike dunk low retro ivory ultraman end
[Vorkunov] Nike will remain the NBA and WNBA's exclusive uniform and apparel provider. The NBA and Nike have agreed to a 12-year extension.,,481,1g8zi29,nba,https://x.com/MikeVorkunov/status/1848457113778933767,162,2024-10-21 20:12:14,Reddit,[Vorkunov] Nike will remain the NBA and WNBA's exclusive uniform and apparel provider. The NBA and Nike have agreed to a 12-year extension.,vorkunov nike remain nba wnba exclusive uniform apparel provider nba nike agreed 12 year extension
Nike x JACQUEMUS Airmax 1 86’ ,Have ordered all 3 color ways. Copped directly from Jacquemus. 480 USD (all 3) free shipping as i am a member at jacquemus. UK 8 for white and red. UK 8.5 for silver. ,17,1g9fxf0,SneakersIndia,https://www.reddit.com/gallery/1g9fxf0,10,2024-10-22 11:34:46,Reddit,Have ordered all 3 color ways. Copped directly from Jacquemus. 480 USD (all 3) free shipping as i am a member at jacquemus. UK 8 for white and red. UK 8.5 for silver. ,ordered 3 color way copped directly jacquemus 480 usd 3 free shipping member jacquemus uk 8 white red uk 8 5 silver
Nike SB ‘What The Paul’ Legit Check,,3,1g9xbcc,LegitCheck,https://www.reddit.com/gallery/1g9xbcc,1,2024-10-23 00:18:26,Reddit,Nike SB ‘What The Paul’ Legit Check,nike sb paul legit check
Haul  Nike socks,,12,1g928ji,pandabuyfinds,https://i.redd.it/m9a8qra5n6wd1.jpeg,1,2024-10-21 22:05:41,Reddit,Haul  Nike socks,haul nike sock
"[FS][US] Balenciaga Offshore, Chrome Shorts, Rick Lounge Pants, Eric Emmanuel, Nike Center Swoosh","Timestamp: https://imgur.com/a/FqSSaTb

Photo Album: https://imgur.com/a/cI3avzz

PAYPAL INVOICE ONLY
US ONLY

-

MADEBYSWAG Offshore XS, too long for me: $70 SHIPPED

Chrome Mesh Shorts S, too small for me: $35 shipped

Eric Emmanuel Shorts S, too small for me: $20 shipped

SUBHUMAN Rick Lounge Pants S, cut to a 38 outseam: $37 shipped

AMBITION Brown Center Swoosh XS-S, tailored to a 22.5 length: $35 shipped

AMBITION Gray Center Swoosh XS-S, tailored to a 23.5 length: $35 shipped",5,1gask2g,QualityRepsBST,https://www.reddit.com/r/QualityRepsBST/comments/1gask2g/fsus_balenciaga_offshore_chrome_shorts_rick/,1,2024-10-24 02:44:30,Reddit,"Timestamp: https://imgur.com/a/FqSSaTb

Photo Album: https://imgur.com/a/cI3avzz

PAYPAL INVOICE ONLY
US ONLY

-

MADEBYSWAG Offshore XS, too long for me: $70 SHIPPED

Chrome Mesh Shorts S, too small for me: $35 shipped

Eric Emmanuel Shorts S, too small for me: $20 shipped

SUBHUMAN Rick Lounge Pants S, cut to a 38 outseam: $37 shipped

AMBITION Brown Center Swoosh XS-S, tailored to a 22.5 length: $35 shipped

AMBITION Gray Center Swoosh XS-S, tailored to a 23.5 length: $35 shipped",timestamp photo album paypal invoice u madebyswag offshore x long 70 shipped chrome mesh short small 35 shipped eric emmanuel short small 20 shipped subhuman rick lounge pant cut 38 outseam 37 shipped ambition brown center swoosh x tailored 22 5 length 35 shipped ambition gray center swoosh x tailored 23 5 length 35 shipped
Nike Air Force One Luxe,"I posted a W2C for these last week and after getting a couple of links I pulled the trigger. This is what's in storage currently:

https://weidian.com/item.html?itemId=6843669269&vc_cps_track=1459920903_0_0&vc_cps_track=1459920903_0_0

Black Luxe option ¥300

",11,1g9d2lr,FashionReps,https://www.reddit.com/gallery/1g9d2lr,2,2024-10-22 08:13:46,Reddit,"I posted a W2C for these last week and after getting a couple of links I pulled the trigger. This is what's in storage currently:

https://weidian.com/item.html?itemId=6843669269&vc_cps_track=1459920903_0_0&vc_cps_track=1459920903_0_0

Black Luxe option ¥300

",posted w2c last week getting couple link pulled trigger storage currently black luxe option 300
Off White x Nike Presto,,65,1g923o1,Sneakers,https://i.redd.it/carxksz6m6wd1.jpeg,2,2024-10-21 22:00:04,Reddit,Off White x Nike Presto,white x nike presto
Nike P-6000 UK10 from myntra,,10,1g9gonx,SneakersIndia,https://i.redd.it/qfxga2xuuawd1.jpeg,2,2024-10-22 12:15:47,Reddit,Nike P-6000 UK10 from myntra,nike p 6000 uk10 myntra
[WTB] There Skateboards x Nike SB Dunk Low - Size 9,https://www.reddit.com/r/sneakermarket/wiki/index/banlist ,4,1gad2bw,sneakermarket,https://i.redd.it/hq9bg324wiwd1.jpeg,1,2024-10-23 15:17:02,Reddit,https://www.reddit.com/r/sneakermarket/wiki/index/banlist ,
QC: Nike x TS Medium Olive - LJR batch from GOD,"Thoughts on this ljr batch from GOD? What flaws are you seeing?

",4,1gadolj,RepsneakersDogs,https://www.reddit.com/gallery/1gadolj,11,2024-10-23 15:42:48,Reddit,"Thoughts on this ljr batch from GOD? What flaws are you seeing?

",thought ljr batch god flaw seeing
Nike pro,,4,1g8zuhz,SMLmemes,https://v.redd.it/vix083be56wd1,0,2024-10-21 20:25:56,Reddit,Nike pro,nike pro
Nike Backpack ID?,Can anyone ID the name of this Nike backpack? It’s at least 10 years old. Would like to try and find another one the same or similar. ,4,1g954z0,Nike,https://i.redd.it/ihaevjhgb7wd1.jpeg,0,2024-10-22 00:21:44,Reddit,Can anyone ID the name of this Nike backpack? It’s at least 10 years old. Would like to try and find another one the same or similar. ,anyone id name nike backpack least 10 year old would like try find another one similar
Nike Air Jordan 1 Low OG Men's Shoes $105 Retail $140,,2,1gagrqg,DailyRedditDeals,https://www.nike.com/t/air-jordan-1-low-og-wolf-grey-shoes-WcxvLP/CZ0790-110,1,2024-10-23 17:48:45,Reddit,Nike Air Jordan 1 Low OG Men's Shoes $105 Retail $140,nike air jordan 1 low og men shoe 105 retail 140
Found these Nike Blazer High Jackie Robinsons at the thrift store. ,Barely worn. Days before the series. Meant to be I say. ,83,1g9sv54,Dodgers,https://www.reddit.com/gallery/1g9sv54,5,2024-10-22 20:56:20,Reddit,Barely worn. Days before the series. Meant to be I say. ,barely worn day series meant say
alternative outro nikes,thought i’d share it not sure if its been posted here,13,1g8v0lp,FrankOcean,https://v.redd.it/4uzfqyrt65wd1,4,2024-10-21 17:12:11,Reddit,thought i’d share it not sure if its been posted here,thought share sure posted
Nike Kobe 6 Protro “Reverse Grinch” From Moorsfashion Aisha,,56,1g9inqr,sneakerreps,https://www.reddit.com/gallery/1g9inqr,2,2024-10-22 13:52:38,Reddit,Nike Kobe 6 Protro “Reverse Grinch” From Moorsfashion Aisha,nike kobe 6 protro reverse grinch moorsfashion aisha
Nike Dunk Low Retro Men's Shoes $68.97 Retail $115,,87,1g9l47g,frugalmalefashion,https://www.nike.com/t/dunk-low-retro-mens-shoes-njHwD3/DV0833-106,20,2024-10-22 15:37:34,Reddit,Nike Dunk Low Retro Men's Shoes $68.97 Retail $115,nike dunk low retro men shoe 68 97 retail 115
Nasty Nike ankle socks after hours in these new shoes,,13,1g9yg0d,SweatySocksOfMen,https://v.redd.it/iywqwawkpewd1,4,2024-10-23 01:13:32,Reddit,Nasty Nike ankle socks after hours in these new shoes,nasty nike ankle sock hour new shoe
Who’s the best seller for Nike nocta puffer,,8,1g9uzy7,FashionReps,https://i.redd.it/4jbx41j7wdwd1.jpeg,1,2024-10-22 22:28:40,Reddit,Who’s the best seller for Nike nocta puffer,best seller nike nocta puffer
 Nike SB Dunk Low Grateful Dead - wa 8617324276858,,41,1g9k0zu,sneakerreps,https://www.reddit.com/gallery/1g9k0zu,1,2024-10-22 14:52:10,Reddit, Nike SB Dunk Low Grateful Dead - wa 8617324276858,nike sb dunk low grateful dead wa 8617324276858
Rutgers sports no longer under contract with Adidas; is Nike deal next?,,52,1g9xt1u,CollegeBasketball,https://www.app.com/story/sports/college/rutgers/2024/10/22/rutgers-sports-no-longer-under-contract-with-adidas-nike-deal-next/75563806007/,21,2024-10-23 00:42:15,Reddit,Rutgers sports no longer under contract with Adidas; is Nike deal next?,rutgers sport longer contract adidas nike deal next
Nike SB Dunk Low Night of Mischief Halloween from Shoe Tim ,,3,1ga7rml,RepsneakersDogs,https://www.reddit.com/gallery/1ga7rml,6,2024-10-23 11:03:00,Reddit,Nike SB Dunk Low Night of Mischief Halloween from Shoe Tim ,nike sb dunk low night mischief halloween shoe tim
Nike Sciatica,"What Nike sneakers are best for a person with back pain, feet pain and for wearing it all day at the office?

is it Air Max TW or DN or else?",6,1g8mu3f,Nike,https://www.reddit.com/r/Nike/comments/1g8mu3f/nike_sciatica/,1,2024-10-21 10:55:45,Reddit,"What Nike sneakers are best for a person with back pain, feet pain and for wearing it all day at the office?

is it Air Max TW or DN or else?",nike sneaker best person back pain foot pain wearing day office air max tw dn else
"Impressive. Nike socks' terry - bottom is soft, warm during workouts",,19,1g9y7ey,pandabuyfinds,https://i.redd.it/r06phusfnewd1.jpeg,1,2024-10-23 01:01:46,Reddit,"Impressive. Nike socks' terry - bottom is soft, warm during workouts",impressive nike sock terry bottom soft warm workout
Nike Kobe 6 Protro “Reverse Grinch” From Moorsfashion Aisha,,35,1g9j4qn,RepsneakersDogs,https://www.reddit.com/gallery/1g9j4qn,11,2024-10-22 14:13:15,Reddit,Nike Kobe 6 Protro “Reverse Grinch” From Moorsfashion Aisha,nike kobe 6 protro reverse grinch moorsfashion aisha
"QC (Vivienne Westwood, Generic Jeans, Nike, Stussy, Diesel) ",,10,1g9l2u0,FashionReps,https://detail.1688.com/offer/711934277899.html,13,2024-10-22 15:35:57,Reddit,"QC (Vivienne Westwood, Generic Jeans, Nike, Stussy, Diesel) ",qc vivienne westwood generic jean nike stussy diesel
Nike Congratulations Post,"https://x.com/nikebasketball/status/1848193050285162626

Love it.",40,1g8gvkd,NYLiberty,https://www.reddit.com/r/NYLiberty/comments/1g8gvkd/nike_congratulations_post/,2,2024-10-21 03:46:22,Reddit,"https://x.com/nikebasketball/status/1848193050285162626

Love it.",love
"[COLLECTION]4 cool shoes you need in your collection (yeezy, Nike, AJ4)",,8,1ga393n,RepsneakersDogs,https://www.reddit.com/gallery/1ga393n,3,2024-10-23 05:42:24,Reddit,"[COLLECTION]4 cool shoes you need in your collection (yeezy, Nike, AJ4)",collection 4 cool shoe need collection yeezy nike aj4
PSA: Fanatics/MLB.com TWICE sent the wrong Nike Elite Nationals jersey,"I don't know about others ordering MLB Nike Authentic Elite jerseys that have started to pop up on Fanatics/MLB.com, but here's my recent experience. 

I have been looking for and trying to add the Nationals Elite blank white/v-neck jersey to my collection. It's unique, and with the material changing next year, I wanted to make sure I got a rare one-year style into my collection. 

[https://www.mlbshop.com/washington-nationals/mens-washington-nationals-nike-navy-alternate-elite-jersey/t-36453414+p-467733351913106+z-9-550194561?\_ref=p-DLP:m-GRID:i-r2c0:po-6](https://www.mlbshop.com/washington-nationals/mens-washington-nationals-nike-navy-alternate-elite-jersey/t-36453414+p-467733351913106+z-9-550194561?_ref=p-DLP:m-GRID:i-r2c0:po-6)

They had it on sale and I ordered the size 44. First time it arrived, it was the right style and size - but with STRASBURG 37 on it. That's a mistake, which is unfortunate because it was on sale, so I sent it back. Also a problem because he didn't play this year and never wore it. 

Two weeks later, there was a deep discount on some NHL Fanatics Pro gear, so I added some items to the cart and decided to check and see if the same Nats Elite jersey was still on sale; it was, so I tossed it in the cart. Received it today - another STRASBURG 37 jersey. So either they don't have blanks of this style, or they're completely incompetent. Another return. Now the jersey is back to full price, and since they don't honor exchanges, even when they make the mistake, I'm SOL. Bottom line is that I'm done seeking this item out, and will spend my money on something else.

Wanted to share that for anyone looking for this same jersey. Fanatics blows - don't do business with them.",22,1g9ytt6,baseballunis,https://www.reddit.com/r/baseballunis/comments/1g9ytt6/psa_fanaticsmlbcom_twice_sent_the_wrong_nike/,2,2024-10-23 01:32:31,Reddit,"I don't know about others ordering MLB Nike Authentic Elite jerseys that have started to pop up on Fanatics/MLB.com, but here's my recent experience. 

I have been looking for and trying to add the Nationals Elite blank white/v-neck jersey to my collection. It's unique, and with the material changing next year, I wanted to make sure I got a rare one-year style into my collection. 

[https://www.mlbshop.com/washington-nationals/mens-washington-nationals-nike-navy-alternate-elite-jersey/t-36453414+p-467733351913106+z-9-550194561?\_ref=p-DLP:m-GRID:i-r2c0:po-6](https://www.mlbshop.com/washington-nationals/mens-washington-nationals-nike-navy-alternate-elite-jersey/t-36453414+p-467733351913106+z-9-550194561?_ref=p-DLP:m-GRID:i-r2c0:po-6)

They had it on sale and I ordered the size 44. First time it arrived, it was the right style and size - but with STRASBURG 37 on it. That's a mistake, which is unfortunate because it was on sale, so I sent it back. Also a problem because he didn't play this year and never wore it. 

Two weeks later, there was a deep discount on some NHL Fanatics Pro gear, so I added some items to the cart and decided to check and see if the same Nats Elite jersey was still on sale; it was, so I tossed it in the cart. Received it today - another STRASBURG 37 jersey. So either they don't have blanks of this style, or they're completely incompetent. Another return. Now the jersey is back to full price, and since they don't honor exchanges, even when they make the mistake, I'm SOL. Bottom line is that I'm done seeking this item out, and will spend my money on something else.

Wanted to share that for anyone looking for this same jersey. Fanatics blows - don't do business with them.",know others ordering mlb nike authentic elite jersey started pop fanatic mlb com recent experience looking trying add national elite blank white v neck jersey collection unique material changing next year wanted make sure got rare one year style collection sale ordered size 44 first time arrived right style size strasburg 37 mistake unfortunate sale sent back also problem play year never wore two week later deep discount nhl fanatic pro gear added item cart decided check see nats elite jersey still sale tossed cart received today another strasburg 37 jersey either blank style completely incompetent another return jersey back full price since honor exchange even make mistake sol bottom line done seeking item spend money something else wanted share anyone looking jersey fanatic blow business
my first nike sneakers ,,31,1g8mc9s,Sneakers,https://i.redd.it/05w3svxv53wd1.jpeg,8,2024-10-21 10:23:19,Reddit,my first nike sneakers ,first nike sneaker
Hoka Shoes + Nike Shoes + Lazada Update.,"I did order shoes off Lazada…but went with Nike as Hoka did not have my size. Nikes were US$58 and they were delivered today.

Time will tell on authenticity…as I walk with them. So far so good ",21,1g9d8ex,Philippines_Expats,https://www.reddit.com/gallery/1g9d8ex,25,2024-10-22 08:26:07,Reddit,"I did order shoes off Lazada…but went with Nike as Hoka did not have my size. Nikes were US$58 and they were delivered today.

Time will tell on authenticity…as I walk with them. So far so good ",order shoe lazada went nike hoka size nike u 58 delivered today time tell authenticity walk far good
"""Nike Socks: Terry-Bottom Charm!",,11,1g925j2,AllChinabuy,https://i.redd.it/zf3svhsim6wd1.jpeg,4,2024-10-21 22:02:07,Reddit,"""Nike Socks: Terry-Bottom Charm!",nike sock terry bottom charm
[COLLECTION] Nike SB Dunk Low ‘Night of Mischief’ from Letsgokick 🕸️🕷️🕷️,☎️ W2C: +86 180 6046 6180,76,1g9ibt5,RepsneakersDogs,https://www.reddit.com/gallery/1g9ibt5,29,2024-10-22 13:37:22,Reddit,☎️ W2C: +86 180 6046 6180,w2c 86 180 6046 6180
[COLLECTION] Nike SB Dunk Low ‘Night of Mischief’ from Letsgokick 🕸️🕷️🕷️,☎️ W2C: +86 180 6046 6180,62,1g9ib94,sneakerreps,https://www.reddit.com/gallery/1g9ib94,6,2024-10-22 13:36:37,Reddit,☎️ W2C: +86 180 6046 6180,w2c 86 180 6046 6180
Nike Gloves Cnfans Link?,Did anyone have a Link for These Nike Gloves on Cnfans,3,1g8ymz3,CNfans,https://i.redd.it/rugnwlstw5wd1.jpeg,3,2024-10-21 19:37:54,Reddit,Did anyone have a Link for These Nike Gloves on Cnfans,anyone link nike glove cnfans
 Nike Free Metcon 5,Got them for the gym at 4.3k from Flipkart. Seller is Nike India. Yet to use but loved the looks,25,1g8lc7a,SneakersIndia,https://www.reddit.com/gallery/1g8lc7a,15,2024-10-21 09:09:59,Reddit,Got them for the gym at 4.3k from Flipkart. Seller is Nike India. Yet to use but loved the looks,got gym 4 3k flipkart seller nike india yet use loved look
Nike Men's C0001-001 Big Al Watch,,2,1g9i31y,FashionReps,https://i.redd.it/28r02m6d7bwd1.jpeg,3,2024-10-22 13:25:52,Reddit,Nike Men's C0001-001 Big Al Watch,nike men c0001 001 big al watch
W2C New season nike tech,,9,1g8z5rd,FashionReps,https://i.redd.it/6m6b5ntj06wd1.jpeg,15,2024-10-21 19:58:45,Reddit,W2C New season nike tech,w2c new season nike tech
Wanted to get these on sale... they never went on sale... good game Nike,,178,1g9pe9g,airmax,https://i.redd.it/3ermi0f9qcwd1.jpeg,30,2024-10-22 18:33:36,Reddit,Wanted to get these on sale... they never went on sale... good game Nike,wanted get sale never went sale good game nike
"Wholesale Cheap Nike Socks at 1 USD, Towel Underlay Amusement - Superior Quality.",,21,1g9z0ov,pandabuyfinds,https://i.redd.it/twgoxjktuewd1.jpeg,2,2024-10-23 01:42:44,Reddit,"Wholesale Cheap Nike Socks at 1 USD, Towel Underlay Amusement - Superior Quality.",wholesale cheap nike sock 1 usd towel underlay amusement superior quality
"REVIEW - 8.4KG HAUL TO PORTUGAL! (BALENCIAGA, NIKE X SUPREME, YSL, PRADA, STUSSY)",,141,1g9pl3z,FashionReps,https://www.reddit.com/gallery/1g9pl3z,48,2024-10-22 18:41:13,Reddit,"REVIEW - 8.4KG HAUL TO PORTUGAL! (BALENCIAGA, NIKE X SUPREME, YSL, PRADA, STUSSY)",review 8 4kg haul portugal balenciaga nike x supreme ysl prada stussy
Nike Work Jacket Sizing Question,"Hi all, I found a couple posts on this topic already so I apologize for yet another one but no one seemed to answer the question the way I would be assured. 

Im usually a Large. CPFM is oversized obviously but there are Large pieces that I like the fit on but I dont want to be swimming in this work jacket. 

for reference I have the nike shoebox hoodie in a large and most recently I have the nike goalie jersey in a large. both fit loose but in a comfy way. I feel like ive read that the work jacket is huge to the point someone on here said they sized down 3 sizes. Another sized down from a large to a medium. my question is how does each size fit relative to how they want to wear it? 

if i size down to a medium and it fits a little oversized but not dumb looking/swimming, then perfect but Im afraid of spending ~$400 and having a crap fitting jacket. 

thank you so much for your time ",5,1g92rse,cactusplantfleamarket,https://www.reddit.com/r/cactusplantfleamarket/comments/1g92rse/nike_work_jacket_sizing_question/,14,2024-10-21 22:29:09,Reddit,"Hi all, I found a couple posts on this topic already so I apologize for yet another one but no one seemed to answer the question the way I would be assured. 

Im usually a Large. CPFM is oversized obviously but there are Large pieces that I like the fit on but I dont want to be swimming in this work jacket. 

for reference I have the nike shoebox hoodie in a large and most recently I have the nike goalie jersey in a large. both fit loose but in a comfy way. I feel like ive read that the work jacket is huge to the point someone on here said they sized down 3 sizes. Another sized down from a large to a medium. my question is how does each size fit relative to how they want to wear it? 

if i size down to a medium and it fits a little oversized but not dumb looking/swimming, then perfect but Im afraid of spending ~$400 and having a crap fitting jacket. 

thank you so much for your time ",hi found couple post topic already apologize yet another one one seemed answer question way would assured im usually large cpfm oversized obviously large piece like fit dont want swimming work jacket reference nike shoebox hoodie large recently nike goalie jersey large fit loose comfy way feel like ive read work jacket huge point someone said sized 3 size another sized large medium question size fit relative want wear size medium fit little oversized dumb looking swimming perfect im afraid spending 400 crap fitting jacket thank much time
[COLLECTION] Nike SB Dunk Low ‘Night of Mischief’ from Letsgokick 🕸️🕷️🕷️,☎️ W2C: +86 180 6046 6180,39,1g9iari,fashionreps2,https://www.reddit.com/gallery/1g9iari,5,2024-10-22 13:35:56,Reddit,☎️ W2C: +86 180 6046 6180,w2c 86 180 6046 6180
$15 to add Nike headband + add a dark blue to light blue gradient background! ,,2,1gakc6i,PhotoshopRequest,https://www.reddit.com/gallery/1gakc6i,19,2024-10-23 20:22:01,Reddit,$15 to add Nike headband + add a dark blue to light blue gradient background! ,15 add nike headband add dark blue light blue gradient background
[WTS - NY] Medium Half Tights - Nike Aeroswift & Lululemon SensKnit,All brand new with tags. Asking $70 shipped each.,2,1ga9fh5,therunningrack,https://i.redd.it/xdt19lo03iwd1.jpeg,0,2024-10-23 12:33:59,Reddit,All brand new with tags. Asking $70 shipped each.,brand new tag asking 70 shipped
30% OFF Nike Air Max Men's Sneaker - $69.99,,7,1g9nfmi,midsoledeals,https://www.amazon.com/shop/keralainfo/photo/amzn1.shoppablemedia.v1.7a2fc81f-acdd-48ba-aafb-073b6b525a91?ref_=aip_sf_photo_spv_ons_mixed_d,1,2024-10-22 17:12:53,Reddit,30% OFF Nike Air Max Men's Sneaker - $69.99,30 nike air max men sneaker 69 99
Nike Kobe 8 Protro College Navy from Ericrep,,5,1g9ihlf,RepSneakerFans,https://www.reddit.com/gallery/1g9ihlf,3,2024-10-22 13:44:53,Reddit,Nike Kobe 8 Protro College Navy from Ericrep,nike kobe 8 protro college navy ericrep
Nike Air Force 1 '07 White/ Black ON SALE FOR $89.99 (Reg. $115.00),,3,1gah2ss,midsoledeals,https://midsoledeals.com/nike-air-force-1-07-white-black-on-sale-89-99/,1,2024-10-23 18:01:12,Reddit,Nike Air Force 1 '07 White/ Black ON SALE FOR $89.99 (Reg. $115.00),nike air force 1 07 white black sale 89 99 reg 115 00
Nike Air Jordan 1 Low Men's Shoes $65.23,,3,1g9mccn,DailyRedditDeals,https://www.nike.com/t/air-jordan-1-low-mens-shoes-0LXhbn/553558-132,1,2024-10-22 16:28:09,Reddit,Nike Air Jordan 1 Low Men's Shoes $65.23,nike air jordan 1 low men shoe 65 23
Nike Air Max - 87' Luxe University of Oregon,"Just received my first order from PK.. The quality is exceptional... Delivery was quick, and shoe fits really well, comfort is 10/10.. would definitely recommend!

Look forward to purchasing more.",3,1g9nsde,PK_Review,https://v.redd.it/s0d07shdecwd1,0,2024-10-22 17:27:21,Reddit,"Just received my first order from PK.. The quality is exceptional... Delivery was quick, and shoe fits really well, comfort is 10/10.. would definitely recommend!

Look forward to purchasing more.",received first order pk quality exceptional delivery quick shoe fit really well comfort 10 10 would definitely recommend look forward purchasing
Wholesale 1 USD Cheap Nike Socks - Towel Bottom Delight! High Quality Treat,,13,1g9ypu2,Hoobuy,https://i.redd.it/6ervd7x0sewd1.jpeg,1,2024-10-23 01:27:05,Reddit,Wholesale 1 USD Cheap Nike Socks - Towel Bottom Delight! High Quality Treat,wholesale 1 usd cheap nike sock towel bottom delight high quality treat
Nike Air Force 1 Low '07 White/Brown ON SALE FOR $67.98 (Reg. $110.00),,3,1gaiel7,midsoledeals,https://midsoledeals.com/nike-air-force-1-low-07-white-brown-on-sale-67-98/,2,2024-10-23 19:01:07,Reddit,Nike Air Force 1 Low '07 White/Brown ON SALE FOR $67.98 (Reg. $110.00),nike air force 1 low 07 white brown sale 67 98 reg 110 00
Wearing Nike Kobe 5 Protro X-Ray at Halloween,,7,1g9gpy1,Repsneakers,https://www.reddit.com/gallery/1g9gpy1,3,2024-10-22 12:17:34,Reddit,Wearing Nike Kobe 5 Protro X-Ray at Halloween,wearing nike kobe 5 protro x ray halloween
[WTS] NIKE SB SZ 7.5-13,"Sb low atmos elephant sz 7.5- $135
8/10

SB Low East West Pack sz 8- $200
8/10

SB Hi Send Help 2 sz 8.5- $300
9/10

SB Hi Prm Shield sz 9.5- $220
9/10

Dunk High Rustic-Nordic Pack sz 11.5 -$220
VNDS

SB Mid Fenderbass sz 12- $220
9/10

SB Hi J-Pack Royal sz 13- $200
9/10

Open to offers",9,1g94wcx,sneakermarket,https://i.redd.it/d5q7mm4897wd1.jpeg,11,2024-10-22 00:09:42,Reddit,"Sb low atmos elephant sz 7.5- $135
8/10

SB Low East West Pack sz 8- $200
8/10

SB Hi Send Help 2 sz 8.5- $300
9/10

SB Hi Prm Shield sz 9.5- $220
9/10

Dunk High Rustic-Nordic Pack sz 11.5 -$220
VNDS

SB Mid Fenderbass sz 12- $220
9/10

SB Hi J-Pack Royal sz 13- $200
9/10

Open to offers",sb low atmos elephant sz 7 5 135 8 10 sb low east west pack sz 8 200 8 10 sb hi send help 2 sz 8 5 300 9 10 sb hi prm shield sz 9 5 220 9 10 dunk high rustic nordic pack sz 11 5 220 vnds sb mid fenderbass sz 12 220 9 10 sb hi j pack royal sz 13 200 9 10 open offer
"Problem on my Achilles, probably from my boots (Nike Phantom GT). Any suggestions? ","Hello guys, small introduction, due to family issues, i had to relocate to my hometown. I decided to start playing football again, after 11 years. My life before moving was really sedentary as i didn't work out at all and only did brisk walks once a week. 

Now on to the problem, since i joined after a full month of preparation had already started (4th of September was the first training session, league starts 3th of November), i did two extra trainings by myself to try and catch up.

After my first three trainings i had a lot of blisters and minor cuts/scratches on my toes since my boot is  a size bigger than usual (44 EU size) my toes have a half an inch gap at the front. A teammate suggested to wear an extra pair of thin socks tightly, which helped a lot.

Afterwards though, probably starting from the 2nd week of training, after each training and for the morning after, i had a lot of pain in both of my heels. I attributed it to me being very unfit and being overloaded. But after my last training session i noticed that i wasn't sore anywhere on my body, except the aforementioned pain in my Achilles.

I then went and searched in this sub and turns out a lot of people had problems with that particular pair of boots. My issue is I'm kinda tight on my budget and can't afford a new pair until the end of November, or even later. 

I also noticed that the cushion of the boot has  been [damaged a bit](https://i.imgur.com/n7RE2fa.jpeg ) and thought about removing the extra protection but I'm worried it will be more uncomfortable it the material is rough.

I also thought about training with only one pair of knee length socks but a thicker one that i have see if that fixes it. 

Do you guys have any suggestions? The league starts in two weeks and unless something unexpected happens I'm to be on the starting eleven. ",2,1ga5o4e,bootroom,https://www.reddit.com/r/bootroom/comments/1ga5o4e/problem_on_my_achilles_probably_from_my_boots/,4,2024-10-23 08:36:20,Reddit,"Hello guys, small introduction, due to family issues, i had to relocate to my hometown. I decided to start playing football again, after 11 years. My life before moving was really sedentary as i didn't work out at all and only did brisk walks once a week. 

Now on to the problem, since i joined after a full month of preparation had already started (4th of September was the first training session, league starts 3th of November), i did two extra trainings by myself to try and catch up.

After my first three trainings i had a lot of blisters and minor cuts/scratches on my toes since my boot is  a size bigger than usual (44 EU size) my toes have a half an inch gap at the front. A teammate suggested to wear an extra pair of thin socks tightly, which helped a lot.

Afterwards though, probably starting from the 2nd week of training, after each training and for the morning after, i had a lot of pain in both of my heels. I attributed it to me being very unfit and being overloaded. But after my last training session i noticed that i wasn't sore anywhere on my body, except the aforementioned pain in my Achilles.

I then went and searched in this sub and turns out a lot of people had problems with that particular pair of boots. My issue is I'm kinda tight on my budget and can't afford a new pair until the end of November, or even later. 

I also noticed that the cushion of the boot has  been [damaged a bit](https://i.imgur.com/n7RE2fa.jpeg ) and thought about removing the extra protection but I'm worried it will be more uncomfortable it the material is rough.

I also thought about training with only one pair of knee length socks but a thicker one that i have see if that fixes it. 

Do you guys have any suggestions? The league starts in two weeks and unless something unexpected happens I'm to be on the starting eleven. ",hello guy small introduction due family issue relocate hometown decided start playing football 11 year life moving really sedentary work brisk walk week problem since joined full month preparation already started 4th september first training session league start 3th november two extra training try catch first three training lot blister minor cut scratch toe since boot size bigger usual 44 eu size toe half inch gap front teammate suggested wear extra pair thin sock tightly helped lot afterwards though probably starting 2nd week training training morning lot pain heel attributed unfit overloaded last training session noticed sore anywhere body except aforementioned pain achilles went searched sub turn lot people problem particular pair boot issue kinda tight budget afford new pair end november even later also noticed cushion boot damaged bit thought removing extra protection worried uncomfortable material rough also thought training one pair knee length sock thicker one see fix guy suggestion league start two week unless something unexpected happens starting eleven
Nike Pegasus 41,"Can someone with a pair of pegasus 41 all black could show me a couple of photos of how they look when on. I have looked everywhere on the internet to youtube with no one having the black pairs and trying them on. I would appreciate this.

Cheers",6,1g8iuxy,Nike,https://www.reddit.com/r/Nike/comments/1g8iuxy/nike_pegasus_41/,0,2024-10-21 05:58:04,Reddit,"Can someone with a pair of pegasus 41 all black could show me a couple of photos of how they look when on. I have looked everywhere on the internet to youtube with no one having the black pairs and trying them on. I would appreciate this.

Cheers",someone pair pegasus 41 black could show couple photo look looked everywhere internet youtube one black pair trying would appreciate cheer
"Can’t wait to share with you guys my new outfits (including 2 outfits:LV,Chrome Hearts, MaisonMargiela,Nike)",,4,1gat30x,AllChinabuy,https://www.reddit.com/gallery/1gat30x,4,2024-10-24 03:12:58,Reddit,"Can’t wait to share with you guys my new outfits (including 2 outfits:LV,Chrome Hearts, MaisonMargiela,Nike)",wait share guy new outfit including 2 outfit lv chrome heart maisonmargiela nike
W2C Nocta x Nike tech ,"J’en cherche un tech de qualité, j’en ai vu que des pas oufs ",9,1g8s2ik,FrenchReps,https://i.redd.it/ed3z7fqml4wd1.jpeg,7,2024-10-21 15:13:21,Reddit,"J’en cherche un tech de qualité, j’en ai vu que des pas oufs ",j en cherche un tech de qualité j en ai vu que de pa oufs
Fo sale! Vince Carter Nike unc authentic jersey size 44 $140 shipped.,,8,1g9sjgg,basketballjerseys,https://www.reddit.com/gallery/1g9sjgg,1,2024-10-22 20:42:37,Reddit,Fo sale! Vince Carter Nike unc authentic jersey size 44 $140 shipped.,fo sale vince carter nike unc authentic jersey size 44 140 shipped
Nike AIR FORCE 1 '07 LV8 Phantom/Lt Smoke Grey-gum Yellow ON SALE FOR $69.99 (Reg. $124.99),,9,1ganzht,midsoledeals,https://midsoledeals.com/nike-air-force-1-07-lv8-phantom-lt-smoke-grey-gum-yellow-on-sale-69-99/,1,2024-10-23 23:00:58,Reddit,Nike AIR FORCE 1 '07 LV8 Phantom/Lt Smoke Grey-gum Yellow ON SALE FOR $69.99 (Reg. $124.99),nike air force 1 07 lv8 phantom lt smoke grey gum yellow sale 69 99 reg 124 99
Nike Air Max Verse (FV1302-001) – Feels Like Total Rubbish 😄!,,6,1g9w3d8,Nike,https://www.reddit.com/gallery/1g9w3d8,1,2024-10-22 23:19:46,Reddit,Nike Air Max Verse (FV1302-001) – Feels Like Total Rubbish 😄!,nike air max verse fv1302 001 feel like total rubbish
What nike shoe is this?,,2,1g8y5mx,WhatsThisShoe,https://i.redd.it/8v1de4abt5wd1.jpeg,1,2024-10-21 19:18:11,Reddit,What nike shoe is this?,nike shoe
Outlet find: Nike G.T. Hustle 2 EP for AUD48 (~ USD32),"Down from retail of AUD240 all the way to AUD48 at my local Nike Outlet. Cat not included, only there for box QC purpose. ",30,1g9g86y,BBallShoes,https://www.reddit.com/gallery/1g9g86y,18,2024-10-22 11:51:34,Reddit,"Down from retail of AUD240 all the way to AUD48 at my local Nike Outlet. Cat not included, only there for box QC purpose. ",retail aud240 way aud48 local nike outlet cat included box qc purpose
Got new Nike Accessory,,163,1g7yv2i,SneakersIndia,https://www.reddit.com/gallery/1g7yv2i,47,2024-10-20 13:36:17,Reddit,Got new Nike Accessory,got new nike accessory
"nike stole $800,000 from longhorn apparel workers, help get them the wages they’re legally owed","UT STUDENTS: sign ut Students for International Labor Solidarity’s letter to ut admin about how nike stole $800k from workers making longhorn apparel in thailand 🙀🙀🙀 sign using the form and help get the workers who make your merch the wages that they’re legally owed!
links for faculty and organizations to sign the letter in comments :)))",223,1g9pz69,UTAustin,https://docs.google.com/forms/d/e/1FAIpQLSdTmYIOJ6SquALVqwB3wPrYnUsxXxApSFpsBcfcDypLQcd2vw/viewform?usp=sf_link,14,2024-10-22 18:57:15,Reddit,"UT STUDENTS: sign ut Students for International Labor Solidarity’s letter to ut admin about how nike stole $800k from workers making longhorn apparel in thailand 🙀🙀🙀 sign using the form and help get the workers who make your merch the wages that they’re legally owed!
links for faculty and organizations to sign the letter in comments :)))",ut student sign ut student international labor solidarity letter ut admin nike stole 800k worker making longhorn apparel thailand sign using form help get worker make merch wage legally owed link faculty organization sign letter comment
LUFILO STUDIO - 🔥 OFFICIAL 🔥 Denim Tears/Spider/Bape/FOG/Essentials/Hellstar/Vlone/ASSC/Nike/Stussy/Supreme/Offwhite,,58,1ga44a1,fashionreps2,https://www.reddit.com/gallery/1ga44a1,10,2024-10-23 06:43:56,Reddit,LUFILO STUDIO - 🔥 OFFICIAL 🔥 Denim Tears/Spider/Bape/FOG/Essentials/Hellstar/Vlone/ASSC/Nike/Stussy/Supreme/Offwhite,lufilo studio official denim tear spider bape fog essential hellstar vlone assc nike stussy supreme offwhite
Leggings Nike socks and shoes ,,94,1g8ayh2,socksoverleggings,https://i.redd.it/nd45aqfvmzvd1.jpeg,4,2024-10-20 22:31:24,Reddit,Leggings Nike socks and shoes ,legging nike sock shoe
Looking for all the best nike clothing reps,Can someone link me to the best nike rep clothing vendor ,5,1g99zyq,FashionReps,https://i.redd.it/dqbxkzvqk8wd1.jpeg,17,2024-10-22 04:35:34,Reddit,Can someone link me to the best nike rep clothing vendor ,someone link best nike rep clothing vendor
Nike Tech Woven Suit Delivers a Premium Update to a Classic Sportswear Staple,,3,1g9zlub,Nike,https://imprintent.org/nike-tech-woven-suit-delivers-a-premium-update-to-a-classic-sportswear-staple/,0,2024-10-23 02:12:26,Reddit,Nike Tech Woven Suit Delivers a Premium Update to a Classic Sportswear Staple,nike tech woven suit delivers premium update classic sportswear staple
Review: Nike SB Dunk Low City of Cinema - Loopy ,"Hey everyone! This is my first review and I wanted to share my thoughts on the City of Cinema Nike SBs I recently purchased. I currently could only find Loopy selling these. I believe these were made before official release so they probably only worked with the sample images online. Found alot of flaws but love the color scheme and thought id share my thoughts with you guys.

# Overview

* **Model:** Nike SB Dunk Low City of Cinema - FZ1278-200
* **Price:** ￥**183**
* **Where I bought them:** [Purchase Link](https://shop1768635516.v.weidian.com/item.html?itemID=7255521562&spider_token=5bb1)

https://preview.redd.it/03tel7j19bwd1.jpg?width=3484&format=pjpg&auto=webp&s=933a194527e7b228a4a01a57eb75adfa794c5164

https://preview.redd.it/911qa8j19bwd1.jpg?width=4000&format=pjpg&auto=webp&s=217fd5cec11a36b8463bbc62446d517b4246d215

https://preview.redd.it/eoova6j19bwd1.jpg?width=4000&format=pjpg&auto=webp&s=c320096c076c6274fe4bb035aa610e16ab1583bf

https://preview.redd.it/tq00t7j19bwd1.jpg?width=4000&format=pjpg&auto=webp&s=49ac8c88bb1da897c6918c039bec2c6d119556ab

# Comfort

While they aren't the most comfortable sneakers I've worn, they’re definitely acceptable for the price. I have wide feet and typically wear a size 10.5, but I found that SBs fit quite snugly. I decided to go up a half size, and while they feel a bit loose, I actually prefer the relaxed fit. Easy to slip on and off. I think most people won't encounter this issue, so I recommend sticking TTS.

# First Impressions

In terms of aesthetics, I really love the color scheme. When I compared them with the official retail photos online though, I found there were a lot of flaws.

\-Firstly, the swoosh doesnt taper when it reaches the heel of the shoe as much as retail.

\-Color scheme is definitely not accurate and I found one tongue to have a different reflection of color. Makes it look like two completely different tongues.

\-The cork material was leaving flakes on the velvet materials and shoe laces.

\-Silhouette of the shoe seems a bit off looking like its a little shorter in height than usual.

**Pros:**

* Dope color scheme
* Use of different materials
* Cool story relating to paris theaters

**Cons:**

* Swoosh doesnt taper much
* Colors are off. Cork should be a little lighter I think and so is the velvet materials
* Cork material was flaking
* Cork material abit too saturated
* Silhouette is off
* Sizing of the heel area with the velvet materials are abit too skinny
* Nike stitching abit weird and not the right color
* Box small af

# Final Thoughts

Overall, I’d hold off in buying these right now unless you could find another batch to test. If you do find another batch please leave a reply to the link!

Final rating: 2.5/5.

Thanks for reading! If you have any questions or want to share your experiences, feel free to reply below!",3,1g9icq6,FashionReps,https://www.reddit.com/r/FashionReps/comments/1g9icq6/review_nike_sb_dunk_low_city_of_cinema_loopy/,2,2024-10-22 13:38:36,Reddit,"Hey everyone! This is my first review and I wanted to share my thoughts on the City of Cinema Nike SBs I recently purchased. I currently could only find Loopy selling these. I believe these were made before official release so they probably only worked with the sample images online. Found alot of flaws but love the color scheme and thought id share my thoughts with you guys.

# Overview

* **Model:** Nike SB Dunk Low City of Cinema - FZ1278-200
* **Price:** ￥**183**
* **Where I bought them:** [Purchase Link](https://shop1768635516.v.weidian.com/item.html?itemID=7255521562&spider_token=5bb1)

https://preview.redd.it/03tel7j19bwd1.jpg?width=3484&format=pjpg&auto=webp&s=933a194527e7b228a4a01a57eb75adfa794c5164

https://preview.redd.it/911qa8j19bwd1.jpg?width=4000&format=pjpg&auto=webp&s=217fd5cec11a36b8463bbc62446d517b4246d215

https://preview.redd.it/eoova6j19bwd1.jpg?width=4000&format=pjpg&auto=webp&s=c320096c076c6274fe4bb035aa610e16ab1583bf

https://preview.redd.it/tq00t7j19bwd1.jpg?width=4000&format=pjpg&auto=webp&s=49ac8c88bb1da897c6918c039bec2c6d119556ab

# Comfort

While they aren't the most comfortable sneakers I've worn, they’re definitely acceptable for the price. I have wide feet and typically wear a size 10.5, but I found that SBs fit quite snugly. I decided to go up a half size, and while they feel a bit loose, I actually prefer the relaxed fit. Easy to slip on and off. I think most people won't encounter this issue, so I recommend sticking TTS.

# First Impressions

In terms of aesthetics, I really love the color scheme. When I compared them with the official retail photos online though, I found there were a lot of flaws.

\-Firstly, the swoosh doesnt taper when it reaches the heel of the shoe as much as retail.

\-Color scheme is definitely not accurate and I found one tongue to have a different reflection of color. Makes it look like two completely different tongues.

\-The cork material was leaving flakes on the velvet materials and shoe laces.

\-Silhouette of the shoe seems a bit off looking like its a little shorter in height than usual.

**Pros:**

* Dope color scheme
* Use of different materials
* Cool story relating to paris theaters

**Cons:**

* Swoosh doesnt taper much
* Colors are off. Cork should be a little lighter I think and so is the velvet materials
* Cork material was flaking
* Cork material abit too saturated
* Silhouette is off
* Sizing of the heel area with the velvet materials are abit too skinny
* Nike stitching abit weird and not the right color
* Box small af

# Final Thoughts

Overall, I’d hold off in buying these right now unless you could find another batch to test. If you do find another batch please leave a reply to the link!

Final rating: 2.5/5.

Thanks for reading! If you have any questions or want to share your experiences, feel free to reply below!",hey everyone first review wanted share thought city cinema nike sb recently purchased currently could find loopy selling believe made official release probably worked sample image online found alot flaw love color scheme thought id share thought guy overview model nike sb dunk low city cinema fz1278 200 price 183 bought purchase link comfort comfortable sneaker worn definitely acceptable price wide foot typically wear size 10 5 found sb fit quite snugly decided go half size feel bit loose actually prefer relaxed fit easy slip think people encounter issue recommend sticking tt first impression term aesthetic really love color scheme compared official retail photo online though found lot flaw firstly swoosh doesnt taper reach heel shoe much retail color scheme definitely accurate found one tongue different reflection color make look like two completely different tongue cork material leaving flake velvet material shoe lace silhouette shoe seems bit looking like little shorter height usual pro dope color scheme use different material cool story relating paris theater con swoosh doesnt taper much color cork little lighter think velvet material cork material flaking cork material abit saturated silhouette sizing heel area velvet material abit skinny nike stitching abit weird right color box small af final thought overall hold buying right unless could find another batch test find another batch please leave reply link final rating 2 5 5 thanks reading question want share experience feel free reply
Anyone know if the Nike employee store has any of the Duck jerseys?,I have a one use pass through work (whooo!) and want to try and go when jerseys are available. Anyone know if they currently have them? I’d love either the yellow cancer one or the white one.,12,1g9og5q,ducks,https://www.reddit.com/r/ducks/comments/1g9og5q/anyone_know_if_the_nike_employee_store_has_any_of/,16,2024-10-22 17:54:49,Reddit,I have a one use pass through work (whooo!) and want to try and go when jerseys are available. Anyone know if they currently have them? I’d love either the yellow cancer one or the white one.,one use pas work whooo want try go jersey available anyone know currently love either yellow cancer one white one
Nike renews uniform deals with WNBA and NBA through 2037,"Nike will be the exclusive uniform and apparel provider for the National Basketball Association and Women’s National Basketball Association for another 12 years after they renewed their partnership with the sneaker giant, the leagues announced Monday.

Under the terms of the deal, Nike will be the leagues’ global outfitting, merchandising, marketing and content partner until 2037. The company will also be in charge of designing and manufacturing uniforms, on-court apparel and fan merchandise.

Nike’s last deal with the basketball leagues, which kicked off during the 2017-18 NBA season, was reported to be worth $1 billion and marked the first time an apparel partner had its logo on an NBA or WNBA jersey. It is unclear how much Nike’s contract renewal with the leagues is worth, but a source familiar with the deal characterized it as “much bigger” than the previous contract.

",41,1g93vqb,wnba,https://www.reddit.com/r/wnba/comments/1g93vqb/nike_renews_uniform_deals_with_wnba_and_nba/,8,2024-10-21 23:20:55,Reddit,"Nike will be the exclusive uniform and apparel provider for the National Basketball Association and Women’s National Basketball Association for another 12 years after they renewed their partnership with the sneaker giant, the leagues announced Monday.

Under the terms of the deal, Nike will be the leagues’ global outfitting, merchandising, marketing and content partner until 2037. The company will also be in charge of designing and manufacturing uniforms, on-court apparel and fan merchandise.

Nike’s last deal with the basketball leagues, which kicked off during the 2017-18 NBA season, was reported to be worth $1 billion and marked the first time an apparel partner had its logo on an NBA or WNBA jersey. It is unclear how much Nike’s contract renewal with the leagues is worth, but a source familiar with the deal characterized it as “much bigger” than the previous contract.

",nike exclusive uniform apparel provider national basketball association woman national basketball association another 12 year renewed partnership sneaker giant league announced monday term deal nike league global outfitting merchandising marketing content partner 2037 company also charge designing manufacturing uniform court apparel fan merchandise nike last deal basketball league kicked 2017 18 nba season reported worth 1 billion marked first time apparel partner logo nba wnba jersey unclear much nike contract renewal league worth source familiar deal characterized much bigger previous contract
Nike Iconic Collage Glass Case,"Celebrate the iconic legacy of Nike with the Nike Iconic Collage Premium Glass Case. This captivating design features a collage of Nike logos, slogans, and classic sneakers, showcasing the brand's rich history and timeless appeal. The vibrant colors and dynamic imagery capture the essence of Nike's innovative spirit and athletic excellence. Crafted from high-quality glass, this case offers exceptional protection while showcasing your passion for the Nike brand. Perfect for Nike enthusiasts, sports fans, and those who appreciate the power of iconic design, this case is a statement piece that reflects your love for the brand.

Product Link: https://caseclosed.in/products/nike-iconic-collage-glass-case",2,1g8u6b8,caseclosedin,https://i.redd.it/22k4sp2v05wd1.jpeg,0,2024-10-21 16:38:44,Reddit,"Celebrate the iconic legacy of Nike with the Nike Iconic Collage Premium Glass Case. This captivating design features a collage of Nike logos, slogans, and classic sneakers, showcasing the brand's rich history and timeless appeal. The vibrant colors and dynamic imagery capture the essence of Nike's innovative spirit and athletic excellence. Crafted from high-quality glass, this case offers exceptional protection while showcasing your passion for the Nike brand. Perfect for Nike enthusiasts, sports fans, and those who appreciate the power of iconic design, this case is a statement piece that reflects your love for the brand.

Product Link: https://caseclosed.in/products/nike-iconic-collage-glass-case",celebrate iconic legacy nike nike iconic collage premium glass case captivating design feature collage nike logo slogan classic sneaker showcasing brand rich history timeless appeal vibrant color dynamic imagery capture essence nike innovative spirit athletic excellence crafted high quality glass case offer exceptional protection showcasing passion nike brand perfect nike enthusiast sport fan appreciate power iconic design case statement piece reflects love brand product link
Nike Alphafly 3 Streak Spectrum  Colorway,We seen this colorway on the Zoom Fly 6 and Vaporfly 3... Now the Alphafly 3 🔥🔥🔥,262,1g87jfg,RunningShoeGeeks,https://www.reddit.com/gallery/1g87jfg,68,2024-10-20 19:58:54,Reddit,We seen this colorway on the Zoom Fly 6 and Vaporfly 3... Now the Alphafly 3 🔥🔥🔥,seen colorway zoom fly 6 vaporfly 3 alphafly 3
[WTS] Nike SB Dunk High x Skate Mental Size 9,"Great condition for age, 95% stars left. No OG box included. $180 Shipped OBO.",18,1g9952c,sneakermarket,https://www.reddit.com/gallery/1g9952c,2,2024-10-22 03:45:51,Reddit,"Great condition for age, 95% stars left. No OG box included. $180 Shipped OBO.",great condition age 95 star left og box included 180 shipped obo
QC Nike socks ,,3,1g8fv9b,pandabuyfinds,https://i.redd.it/kk4f6p7qw0wd1.png,1,2024-10-21 02:49:02,Reddit,QC Nike socks ,qc nike sock
"Finally got the joke, It’s the Nike slogan because they sponsor Tiger Woods",,642,1g94hoq,IASIP,https://i.redd.it/ldmeo02t57wd1.jpeg,74,2024-10-21 23:50:00,Reddit,"Finally got the joke, It’s the Nike slogan because they sponsor Tiger Woods",finally got joke nike slogan sponsor tiger wood
Resellers selling Nike By You,Saw a Chicago-style Nike By You dunk at a reseller that looked similar to these. They were listed as something like “customized Chicago dunks” or something like that. They were priced around $300. There wasn’t any false advertising but what do you think about resellers upcharging Nike By You’s based on popular colorways?,17,1g8gvd9,NikeByYou,https://i.redd.it/cpa0gtc071wd1.jpeg,10,2024-10-21 03:46:03,Reddit,Saw a Chicago-style Nike By You dunk at a reseller that looked similar to these. They were listed as something like “customized Chicago dunks” or something like that. They were priced around $300. There wasn’t any false advertising but what do you think about resellers upcharging Nike By You’s based on popular colorways?,saw chicago style nike dunk reseller looked similar listed something like customized chicago dunk something like priced around 300 false advertising think resellers upcharging nike based popular colorways
"QC on this black sup tote and these trio of nike hoodies, thought the colors were nice for calm outfits",,40,1ga6a2v,FashionReps,https://www.reddit.com/gallery/1ga6a2v,11,2024-10-23 09:22:41,Reddit,"QC on this black sup tote and these trio of nike hoodies, thought the colors were nice for calm outfits",qc black sup tote trio nike hoodies thought color nice calm outfit
"Review my last Haul (Nike, Carhartt, off-white, gloves)",,3,1g9c6bp,AllChinabuy,https://www.reddit.com/gallery/1g9c6bp,3,2024-10-22 07:04:11,Reddit,"Review my last Haul (Nike, Carhartt, off-white, gloves)",review last haul nike carhartt white glove
Nike Running Jackets,W2C does anyone know where I can find jackets like these ? Please ,36,1g7y3n2,FashionReps,https://www.reddit.com/gallery/1g7y3n2,33,2024-10-20 12:57:49,Reddit,W2C does anyone know where I can find jackets like these ? Please ,w2c anyone know find jacket like please
Nike Dunk Low Retro Men's Shoes $68.97 Retail $115,,6,1g9b4kk,DailyRedditDeals,https://www.nike.com/t/dunk-low-retro-mens-shoes-njHwD3/DV0833-106,2,2024-10-22 05:49:44,Reddit,Nike Dunk Low Retro Men's Shoes $68.97 Retail $115,nike dunk low retro men shoe 68 97 retail 115
I love to jiggle my ass in this lulus nikes combo 😋,,155,1g90vlo,socksoverleggings,https://i.redd.it/i2g6ss0oc6wd1.gif,4,2024-10-21 21:07:55,Reddit,I love to jiggle my ass in this lulus nikes combo 😋,love jiggle as lulu nike combo
"7KG Mulebuy haul(Jordan 1, Jordan shorts, TNF jacket, Ralph shirt and knit, underwear, nike socks)",,24,1g9s0yy,FashionReps,https://www.reddit.com/gallery/1g9s0yy,24,2024-10-22 20:20:55,Reddit,"7KG Mulebuy haul(Jordan 1, Jordan shorts, TNF jacket, Ralph shirt and knit, underwear, nike socks)",7kg mulebuy haul jordan 1 jordan short tnf jacket ralph shirt knit underwear nike sock
I love to jiggle in my lulu leggings + nike socks 💜🤍 ,,98,1g90zpk,lululemonleggingz,https://i.redd.it/9l4xjv2id6wd1.gif,6,2024-10-21 21:12:36,Reddit,I love to jiggle in my lulu leggings + nike socks 💜🤍 ,love jiggle lulu legging nike sock
Wore my Nike Air Yeezy 2 ( hypebeast fit ) ,With the Jesus piece lol.,98,1g8q62g,yeezys,https://i.redd.it/2af2lksw64wd1.jpeg,16,2024-10-21 13:50:51,Reddit,With the Jesus piece lol.,jesus piece lol
WTB Nike Air Force 1 Low “Hemp Coconut Milk,Also looking for general links to Nike Air Force or dunk listings by reputable sellers. Thank you in advance,3,1g9ar63,DHgate,https://i.redd.it/whx71n7dt8wd1.jpeg,2,2024-10-22 05:23:49,Reddit,Also looking for general links to Nike Air Force or dunk listings by reputable sellers. Thank you in advance,also looking general link nike air force dunk listing reputable seller thank advance
Nike Air max 1 by Scottie Scheffler,Are you not able to buy the Nike air max 1 but Scottie Scheffler?,4,1g8upd9,airmax,https://www.reddit.com/r/airmax/comments/1g8upd9/nike_air_max_1_by_scottie_scheffler/,5,2024-10-21 16:59:55,Reddit,Are you not able to buy the Nike air max 1 but Scottie Scheffler?,able buy nike air max 1 scottie scheffler
W2c Nike vintage hoodies??,,3,1g8fwva,AllChinabuy,https://i.redd.it/t6uvqiz9x0wd1.jpeg,0,2024-10-21 02:51:30,Reddit,W2c Nike vintage hoodies??,w2c nike vintage hoodies
air max deion sanders nike shoes korea,,3,1g8ut3f,WhatsThisShoe,https://www.reddit.com/gallery/1g8ut3f,4,2024-10-21 17:03:43,Reddit,air max deion sanders nike shoes korea,air max deion sander nike shoe korea
[WTS] NEW & USED Sneakers. YEEZY NIKE JORDAN sizes 9-9.5,"Yeezys and satin Breds NEW
All other Nikes USED
Yeezys - 9.5M
Nikes - 9M",2,1g9lyyx,sneakermarket,https://www.reddit.com/gallery/1g9lyyx,11,2024-10-22 16:13:10,Reddit,"Yeezys and satin Breds NEW
All other Nikes USED
Yeezys - 9.5M
Nikes - 9M",yeezys satin breds new nike used yeezys 9 5m nike 9m
[W2C] Nike Running Pants,,5,1g8bf0d,FashionReps,https://i.redd.it/yeor6fauqzvd1.jpeg,1,2024-10-20 22:53:47,Reddit,[W2C] Nike Running Pants,w2c nike running pant
[WTS] Nike KD 7 / Uprising 12M / $235 Shipped,,2,1g9bps3,sneakermarket,https://www.reddit.com/gallery/1g9bps3,1,2024-10-22 06:29:47,Reddit,[WTS] Nike KD 7 / Uprising 12M / $235 Shipped,wts nike kd 7 uprising 12m 235 shipped
Nike SB Dunk Low Concepts Green Lobster - w/a 8617324276858,,49,1g8w2br,sneakerreps,https://www.reddit.com/gallery/1g8w2br,1,2024-10-21 17:54:11,Reddit,Nike SB Dunk Low Concepts Green Lobster - w/a 8617324276858,nike sb dunk low concept green lobster w 8617324276858
What model is this Nike pls ? ,,3,1g8slku,Nike,https://i.redd.it/ullehvnjp4wd1.jpeg,2,2024-10-21 15:35:22,Reddit,What model is this Nike pls ? ,model nike pls
"Lavender Nike sweatshirt, white logo with florals?",Thanks in advance!!,2,1g8xofb,findfashion,https://i.redd.it/qbwcbrgwp5wd1.jpeg,1,2024-10-21 18:59:04,Reddit,Thanks in advance!!,thanks advance
Nike Air Safari SE,,24,1g7x1b2,moresneakers,https://i.redd.it/3y949unvhwvd1.jpeg,4,2024-10-20 11:58:06,Reddit,Nike Air Safari SE,nike air safari se
Nike SB Dunk Low Freddy Krueger - WA 8617324276858,,47,1g8lcgn,sneakerreps,https://www.reddit.com/gallery/1g8lcgn,4,2024-10-21 09:10:29,Reddit,Nike SB Dunk Low Freddy Krueger - WA 8617324276858,nike sb dunk low freddy krueger wa 8617324276858
[WTS] 2002 Nike Dunk Low Pro B - Light Stone / Mesa Orange / Paul Brown - Size 9M - $150 OBO,2002! Leather and Bottoms are clean. Nubuck is cracking all over as shown in the photos. Additional photos available upon request. Replacement box. $150 OBO PayPal G&S or invoice. Trades for size 10 Nike SB considered. ,3,1gak385,sneakermarket,https://www.reddit.com/gallery/1gak385,1,2024-10-23 20:11:41,Reddit,2002! Leather and Bottoms are clean. Nubuck is cracking all over as shown in the photos. Additional photos available upon request. Replacement box. $150 OBO PayPal G&S or invoice. Trades for size 10 Nike SB considered. ,2002 leather bottom clean nubuck cracking shown photo additional photo available upon request replacement box 150 obo paypal g invoice trade size 10 nike sb considered
"I just saw Nike's marathon ad that just shows runners hobbling. It made me wonder, what kind of 'in-joke' would only footballers understand?",Small experiences or truths about playing football that you would only really know about when you play.,33,1ga8wlu,bootroom,https://www.reddit.com/r/bootroom/comments/1ga8wlu/i_just_saw_nikes_marathon_ad_that_just_shows/,41,2024-10-23 12:06:55,Reddit,Small experiences or truths about playing football that you would only really know about when you play.,small experience truth playing football would really know play
I'm looking for this Nike garment!! link???,,3,1g8owf4,hacoo,https://i.redd.it/bc2c0sc4w3wd1.jpeg,0,2024-10-21 12:50:21,Reddit,I'm looking for this Nike garment!! link???,looking nike garment link
Synaworld x Nike collab,"Hey, does anyone know if the tracksuit and airmax 95’s will be released worldwide or only in the uk? I want to buy both but I’m not in the uk.",3,1g85gi2,CentralCee,https://www.reddit.com/r/CentralCee/comments/1g85gi2/synaworld_x_nike_collab/,1,2024-10-20 18:29:43,Reddit,"Hey, does anyone know if the tracksuit and airmax 95’s will be released worldwide or only in the uk? I want to buy both but I’m not in the uk.",hey anyone know tracksuit airmax 95 released worldwide uk want buy uk
1985 Jordan Nike promo card,,34,1g7x1oo,basketballcards,https://i.redd.it/9ddyifzxhwvd1.jpeg,3,2024-10-20 11:58:35,Reddit,1985 Jordan Nike promo card,1985 jordan nike promo card
Found Nike shoes,"I found some Nike dunks and AF1’s hiding on Hacoo. The Nike UK “ban” has been a pain in the arse so thought I’d post this here publicly to help others out

https://f0r.co/2Mhws8",9,1g7v2e3,hacoo,https://www.reddit.com/r/hacoo/comments/1g7v2e3/found_nike_shoes/,15,2024-10-20 09:41:32,Reddit,"I found some Nike dunks and AF1’s hiding on Hacoo. The Nike UK “ban” has been a pain in the arse so thought I’d post this here publicly to help others out

https://f0r.co/2Mhws8",found nike dunk af1 hiding hacoo nike uk ban pain arse thought post publicly help others
NikeCraft Mars Yard Shoe 2.0 Tom Sachs Space Camp from Shoe Tim,,6,1g9gbcl,RepsneakersDogs,https://www.reddit.com/gallery/1g9gbcl,5,2024-10-22 11:56:35,Reddit,NikeCraft Mars Yard Shoe 2.0 Tom Sachs Space Camp from Shoe Tim,nikecraft mar yard shoe 2 0 tom sachs space camp shoe tim
Nike Air Max Dn Pure Platinum Hyper Royal,,7,1g8mw85,Repsneakers,https://www.reddit.com/gallery/1g8mw85,0,2024-10-21 10:58:27,Reddit,Nike Air Max Dn Pure Platinum Hyper Royal,nike air max dn pure platinum hyper royal
5.5KG Haul from ACBuy to Australia ( Nike、LOEWE、Balenciaga、Chrome Hearts）,,22,1g984dj,FashionReps,https://www.reddit.com/gallery/1g984dj,20,2024-10-22 02:50:54,Reddit,5.5KG Haul from ACBuy to Australia ( Nike、LOEWE、Balenciaga、Chrome Hearts）,5 5kg haul acbuy australia nike loewe balenciaga chrome heart
PSA functional number of Nike 00 08009190566,"00 08009190566

Didn’t find it anywhere on Reddit so thought of posting. ",3,1g8mlhk,SneakersIndia,https://www.reddit.com/r/SneakersIndia/comments/1g8mlhk/psa_functional_number_of_nike_00_08009190566/,0,2024-10-21 10:40:54,Reddit,"00 08009190566

Didn’t find it anywhere on Reddit so thought of posting. ",00 08009190566 find anywhere reddit thought posting
Looking for specific Nike shirt,"As title says, I’m looking to buy more of a specific nike dri fit shirt. 
Used, or new. Any website that will ship to USA.
(ebay, poshmark, depop, amazon, etc.)
Size medium 
Long sleeve or short sleeve version 

$5 for each correct one found (max of 10). 

MUST BE this specific one:
UPC: 728053-010
92% Polyester 8% Spandex
Made in Mexico our Honduras (says under size on neck tag)
Visible outer stitching on chest (not top of shoulder)
Nike logo right side. No other text. 

For reference, here are a few of the exact one (already sold):
https://www.ebay.com/itm/276617115553?mkcid=16&mkevt=1&mkrid=711-127632-2357-0&ssspo=8-C0sWTbSgS&sssrc=4429486&ssuid=4vyd5IoYSwO&var=&widget_ver=artemis&media=COPY

https://www.ebay.com/itm/166989006748?mkcid=16&mkevt=1&mkrid=711-127632-2357-0&ssspo=KJZMc8FmTS2&sssrc=4429486&ssuid=4vyd5IoYSwO&var=&widget_ver=artemis&media=COPY

https://www.ebay.com/itm/226372481460?mkcid=16&mkevt=1&mkrid=711-127632-2357-0&ssspo=vdb7bpsksvy&sssrc=4429486&ssuid=4vyd5IoYSwO&var=&widget_ver=artemis&media=COPY

https://posh.mk/hAEDS46NRNb

https://www.ebay.com/itm/313544053597?mkcid=16&mkevt=1&mkrid=711-127632-2357-0&ssspo=AjMNGLRLS8S&sssrc=4429486&ssuid=4vyd5IoYSwO&var=&widget_ver=artemis&media=COPY

Looking for 10 or more. Will pay $5 for each correct one found. Send messages with links to listings for review. Please make sure it fits the description. Thanks for looking ",2,1g8i4jz,DoneDirtCheap,https://www.reddit.com/r/DoneDirtCheap/comments/1g8i4jz/looking_for_specific_nike_shirt/,3,2024-10-21 05:06:04,Reddit,"As title says, I’m looking to buy more of a specific nike dri fit shirt. 
Used, or new. Any website that will ship to USA.
(ebay, poshmark, depop, amazon, etc.)
Size medium 
Long sleeve or short sleeve version 

$5 for each correct one found (max of 10). 

MUST BE this specific one:
UPC: 728053-010
92% Polyester 8% Spandex
Made in Mexico our Honduras (says under size on neck tag)
Visible outer stitching on chest (not top of shoulder)
Nike logo right side. No other text. 

For reference, here are a few of the exact one (already sold):
https://www.ebay.com/itm/276617115553?mkcid=16&mkevt=1&mkrid=711-127632-2357-0&ssspo=8-C0sWTbSgS&sssrc=4429486&ssuid=4vyd5IoYSwO&var=&widget_ver=artemis&media=COPY

https://www.ebay.com/itm/166989006748?mkcid=16&mkevt=1&mkrid=711-127632-2357-0&ssspo=KJZMc8FmTS2&sssrc=4429486&ssuid=4vyd5IoYSwO&var=&widget_ver=artemis&media=COPY

https://www.ebay.com/itm/226372481460?mkcid=16&mkevt=1&mkrid=711-127632-2357-0&ssspo=vdb7bpsksvy&sssrc=4429486&ssuid=4vyd5IoYSwO&var=&widget_ver=artemis&media=COPY

https://posh.mk/hAEDS46NRNb

https://www.ebay.com/itm/313544053597?mkcid=16&mkevt=1&mkrid=711-127632-2357-0&ssspo=AjMNGLRLS8S&sssrc=4429486&ssuid=4vyd5IoYSwO&var=&widget_ver=artemis&media=COPY

Looking for 10 or more. Will pay $5 for each correct one found. Send messages with links to listings for review. Please make sure it fits the description. Thanks for looking ",title say looking buy specific nike dri fit shirt used new website ship usa ebay poshmark depop amazon etc size medium long sleeve short sleeve version 5 correct one found max 10 must specific one upc 728053 010 92 polyester 8 spandex made mexico honduras say size neck tag visible outer stitching chest top shoulder nike logo right side text reference exact one already sold looking 10 pay 5 correct one found send message link listing review please make sure fit description thanks looking
ID of this nike shoe?,,2,1g8h90t,WhatsThisShoe,https://i.redd.it/docovx95b1wd1.jpeg,0,2024-10-21 04:09:14,Reddit,ID of this nike shoe?,id nike shoe
Nike TN EU47,,2,1g814fd,BigBoiRepFashion,https://www.allchinabuy.com/en/page/buy/?nTag=Home-search&from=search-input&_search=url&position=&url=https%3A%2F%2Fshop1149995605.v.weidian.com%2Fitem.html%3FitemID%3D3726505599%26spider_token%3D64c8%27,2,2024-10-20 15:21:37,Reddit,Nike TN EU47,nike tn eu47
2008 In Box Nike Dunk Low 6.0 Dark Cinder/Hyper Verde,"Snazzy, are they worth decent $$?",13,1g93ot2,Sneakers,https://i.redd.it/m1380w0zy6wd1.jpeg,1,2024-10-21 23:11:41,Reddit,"Snazzy, are they worth decent $$?",snazzy worth decent
"1993 Nike Ad - “Barkley on Broadway,” directed by David Fincher",,26,1g8qhy2,BBallShoes,https://v.redd.it/vgtoapwi9gja1,4,2024-10-21 14:05:19,Reddit,"1993 Nike Ad - “Barkley on Broadway,” directed by David Fincher",1993 nike ad barkley broadway directed david fincher
Nike slides ,"Hi, does anyone have a link to these, don’t mind which colour ways",2,1g7uu0x,AllChinabuy,https://i.redd.it/js5mkjucqvvd1.jpeg,0,2024-10-20 09:23:48,Reddit,"Hi, does anyone have a link to these, don’t mind which colour ways",hi anyone link mind colour way
Does a LBD & Nikes fly,,15,1g88f0p,Dresses,https://i.redd.it/qkvnrdh82zvd1.jpeg,0,2024-10-20 20:36:42,Reddit,Does a LBD & Nikes fly,lbd nike fly
"Nike to remain NBA’s exclusive uniform, apparel provider on new 12-year contract extension",,58,1g95smw,BBallShoes,https://www.nytimes.com/athletic/5860807/2024/10/21/nike-uniform-contract-nba-wnba-g-league/,34,2024-10-22 00:51:14,Reddit,"Nike to remain NBA’s exclusive uniform, apparel provider on new 12-year contract extension",nike remain nba exclusive uniform apparel provider new 12 year contract extension
Nike hoodie,Does anyone know what this hoodie is called it’s the Nike one with like that zipper that goes diagonal across from the hoodie to the chest?,3,1g7qzv4,Nike,https://i.redd.it/c1gwar7lbuvd1.jpeg,7,2024-10-20 04:39:16,Reddit,Does anyone know what this hoodie is called it’s the Nike one with like that zipper that goes diagonal across from the hoodie to the chest?,anyone know hoodie called nike one like zipper go diagonal across hoodie chest
🟤🟢,"Sweater- Asos
Pants- Vintage vans cargo shorts
Socks-nike
Rings-studiocult, kuurth
Shoes- nike cpfm flea 1
",669,1gahy4j,streetwear,https://www.reddit.com/gallery/1gahy4j,40,2024-10-23 18:36:31,Reddit,"Sweater- Asos
Pants- Vintage vans cargo shorts
Socks-nike
Rings-studiocult, kuurth
Shoes- nike cpfm flea 1
",sweater asos pant vintage van cargo short sock nike ring studiocult kuurth shoe nike cpfm flea 1
Nike Basketball on X: “A monumental statement with a ring to match”,,39,1g8rfvv,NYLiberty,https://x.com/nikebasketball/status/1848193050285162626?ref_src=twsrc%5Etfw&consent_mode=ccpa,2,2024-10-21 14:47:12,Reddit,Nike Basketball on X: “A monumental statement with a ring to match”,nike basketball x monumental statement ring match
Nike sb dunk low university red ,,13,1g87b22,Sneakers,https://i.redd.it/ic2a7zfutyvd1.jpeg,2,2024-10-20 19:48:42,Reddit,Nike sb dunk low university red ,nike sb dunk low university red
Nike Air Foamposite One | 530¥+230¥ | DG | YOLO ,"https://shop1850717273.v.weidian.com/item.html?itemID=7249384405

Yolo WhatsApp is on the QC Photo ",12,1g8usg8,TheWorldOfRepsneakers,https://www.reddit.com/gallery/1g8usg8,10,2024-10-21 17:03:02,Reddit,"https://shop1850717273.v.weidian.com/item.html?itemID=7249384405

Yolo WhatsApp is on the QC Photo ",yolo whatsapp qc photo
 S2 Nike Kobe 6 Protro “All-Star 2.0”FQ3546-100 From Coleog,,9,1g97c11,RepsneakersDogs,https://www.reddit.com/gallery/1g97c11,12,2024-10-22 02:10:02,Reddit, S2 Nike Kobe 6 Protro “All-Star 2.0”FQ3546-100 From Coleog,s2 nike kobe 6 protro star 2 0 fq3546 100 coleog
Nike sneakers have gotten SUPER ugly.,"I'm trying to buy a pair of running lightweight shoes to work out in and I decided to look at the Nike website. Nearly every pair of shoes I see is either super weird looking and completely an eye sore to OR has some ugly overstated colors to it.

What the hell happened to normal looking sneakers? This is ridiculous",3,1g8fl6k,rant,https://www.reddit.com/r/rant/comments/1g8fl6k/nike_sneakers_have_gotten_super_ugly/,2,2024-10-21 02:33:06,Reddit,"I'm trying to buy a pair of running lightweight shoes to work out in and I decided to look at the Nike website. Nearly every pair of shoes I see is either super weird looking and completely an eye sore to OR has some ugly overstated colors to it.

What the hell happened to normal looking sneakers? This is ridiculous",trying buy pair running lightweight shoe work decided look nike website nearly every pair shoe see either super weird looking completely eye sore ugly overstated color hell happened normal looking sneaker ridiculous
[WTS] Nike SB x Verdy Dunk Low Visty DS SZ 12 $345 shipped OBO,,3,1g9hsw2,sneakermarket,https://i.redd.it/a5ywuqgz4bwd1.jpeg,2,2024-10-22 13:12:32,Reddit,[WTS] Nike SB x Verdy Dunk Low Visty DS SZ 12 $345 shipped OBO,wts nike sb x verdy dunk low visty d sz 12 345 shipped obo
Nike Zoom Fly 6 October 23 release date.,,141,1g7z0yu,RunningShoeGeeks,https://i.redd.it/6gj3cjlv0xvd1.jpeg,70,2024-10-20 13:44:36,Reddit,Nike Zoom Fly 6 October 23 release date.,nike zoom fly 6 october 23 release date
We just got 12 more years of Nike x City Edition uniforms to mock 🤤,,19,1g993n8,nbacirclejerk,https://i.redd.it/flzny0qhb8wd1.jpeg,6,2024-10-22 03:43:39,Reddit,We just got 12 more years of Nike x City Edition uniforms to mock 🤤,got 12 year nike x city edition uniform mock
Nike Zoom Kobe Protro,"🔥🔥🔥
yupoo link：
https://selenayeezy.x.yupoo.com/albums
🔥🔥🔥
WA +86137 9965 2535",9,1g7unf5,Repsneakers,https://www.reddit.com/gallery/1g7unf5,0,2024-10-20 09:09:46,Reddit,"🔥🔥🔥
yupoo link：
https://selenayeezy.x.yupoo.com/albums
🔥🔥🔥
WA +86137 9965 2535",yupoo link wa 86137 9965 2535
Nike Socks on Sale: Score Big Savings,,10,1g8bw07,Hoobuy,https://i.redd.it/te3m6nluuzvd1.jpeg,1,2024-10-20 23:16:45,Reddit,Nike Socks on Sale: Score Big Savings,nike sock sale score big saving
Nike Jordan Stadium 90 Men's Shoes $53.98,,3,1g8lnvc,DailyRedditDeals,https://www.nike.com/t/jordan-stadium-90-mens-shoes-q1QWcC/DX4397-114,1,2024-10-21 09:34:53,Reddit,Nike Jordan Stadium 90 Men's Shoes $53.98,nike jordan stadium 90 men shoe 53 98
"REAL VIDEO Nike Blazer Mid Off-White Grim Reaper AA3832-001 Super Quality（from Suplook, Pls contact Whatsapp at +8618559333945 if any order or inquiry,worldwide shipping)",,2,1gaqoef,Suplook,https://v.redd.it/91w5p5jjtlwd1,0,2024-10-24 01:08:47,Reddit,"REAL VIDEO Nike Blazer Mid Off-White Grim Reaper AA3832-001 Super Quality（from Suplook, Pls contact Whatsapp at +8618559333945 if any order or inquiry,worldwide shipping)",real video nike blazer mid white grim reaper aa3832 001 super quality suplook pls contact whatsapp 8618559333945 order inquiry worldwide shipping
Nike Winflo 11 Men's Running Shoes $55.48,,2,1g8lkp8,DailyRedditDeals,https://www.nike.com/t/wio-11-mens-road-running-shoes-sZJDFJ/FJ9509-100,1,2024-10-21 09:28:13,Reddit,Nike Winflo 11 Men's Running Shoes $55.48,nike winflo 11 men running shoe 55 48
Nike x Supreme Corduroy cargos anyone know W2C?,,10,1g8fz9o,FashionReps,https://i.redd.it/wgq34d5yx0wd1.jpeg,3,2024-10-21 02:55:16,Reddit,Nike x Supreme Corduroy cargos anyone know W2C?,nike x supreme corduroy cargo anyone know w2c
do we think this jumper is legit before i purchase? saying 90s nike dead stock  ,,2,1g9eu25,Nike,https://www.reddit.com/gallery/1g9eu25,0,2024-10-22 10:25:03,Reddit,do we think this jumper is legit before i purchase? saying 90s nike dead stock  ,think jumper legit purchase saying 90 nike dead stock
Day 13 -nike head,,3,1g7xneg,drawing,https://i.redd.it/w8jmdy43owvd1.jpeg,1,2024-10-20 12:32:54,Reddit,Day 13 -nike head,day 13 nike head
"Athleisure for Men & Women from Nike, Adidas, Oakley & More $16.99 - $44.99",,2,1g9m4vo,DailyRedditDeals,https://sport.woot.com/plus/allbirds-oakley-more-athleisure,0,2024-10-22 16:19:50,Reddit,"Athleisure for Men & Women from Nike, Adidas, Oakley & More $16.99 - $44.99",athleisure men woman nike adidas oakley 16 99 44 99
"Supreme, Dime, Nike TN Quality Check (W2C in comments)",,83,1g86kk7,FashionReps,https://www.reddit.com/gallery/1g86kk7,4,2024-10-20 19:16:53,Reddit,"Supreme, Dime, Nike TN Quality Check (W2C in comments)",supreme dime nike tn quality check w2c comment
Cheap Nike Socks with Towel Bottom - Your Everyday Luxury at a Low Price,,10,1g95vrb,Hoobuy,https://i.redd.it/c9ffokcih7wd1.jpeg,1,2024-10-22 00:55:40,Reddit,Cheap Nike Socks with Towel Bottom - Your Everyday Luxury at a Low Price,cheap nike sock towel bottom everyday luxury low price
Does Nike/Jordan '23 Engineered' count as techwear??!,"1st: 23 Engineered mesh Volt hoodie and nylon Doc's
2nd: 23 Engineered vest and Porsche Design Adidas S4's",9,1g8f4nw,TechWear,https://www.reddit.com/gallery/1g8f4nw,8,2024-10-21 02:07:35,Reddit,"1st: 23 Engineered mesh Volt hoodie and nylon Doc's
2nd: 23 Engineered vest and Porsche Design Adidas S4's",1st 23 engineered mesh volt hoodie nylon doc 2nd 23 engineered vest porsche design adidas s4
Nike Socks with Terry-Bottom: A Must-Have!,,11,1g8bebd,pandabuyfinds,https://i.redd.it/uszhisroqzvd1.jpeg,1,2024-10-20 22:52:51,Reddit,Nike Socks with Terry-Bottom: A Must-Have!,nike sock terry bottom must
Nike Air Max SC Men's Shoes $48.73,,2,1g8lgml,DailyRedditDeals,https://www.nike.com/t/air-max-sc-mens-shoes-LR42xg/CW4555-114,1,2024-10-21 09:19:25,Reddit,Nike Air Max SC Men's Shoes $48.73,nike air max sc men shoe 48 73
Up to 55% off on Items for the Family at Nike,,3,1g8wyl5,DailyRedditDeals,https://www.nike.com/w/end-of-season-sale-a4ymt,1,2024-10-21 18:30:10,Reddit,Up to 55% off on Items for the Family at Nike,55 item family nike
"Hot Finds - Oct 23, 2024"," **If you see something I still need to post, please post it below.** 

&#x200B;

&#x200B;

&#x200B;

Jordan Spizike Low PSG Paris Saint-Germain Sail Infrared

[https://www.footlocker.ca/en/product/\~/41827100.html](https://www.footlocker.ca/en/product/~/41827100.html)

&#x200B;

Nike Air Max 1 '86 PRM Powerwall BRS

[https://stompingground.ca/collections/footwear/products/nike-air-max-1-86-prm-classic-green-ember-glow-olive-grey-hf0551-300](https://stompingground.ca/collections/footwear/products/nike-air-max-1-86-prm-classic-green-ember-glow-olive-grey-hf0551-300)

&#x200B;

New Balance 9060 Reflection Raincloud Quarry Blue

[https://www.samtabak.com/us/new-balance-9060-reflection-raincloud-quarry-blue.html](https://www.samtabak.com/us/new-balance-9060-reflection-raincloud-quarry-blue.html)

&#x200B;

New Balance 9060 Bone Sparrow (Women's)

[https://www.samtabak.com/us/new-balance-9060-bone-sparrow-u9060zgc.html](https://www.samtabak.com/us/new-balance-9060-bone-sparrow-u9060zgc.html)

&#x200B;

Nike KD 17 Easy Money Sniper

[https://www.footlocker.ca/en/product/\~/21193980.html](https://www.footlocker.ca/en/product/~/21193980.html)

&#x200B;

Nike Air Max 2 CB '94 Cool Grey White

[https://www.qlassic.ca/collections/shoes-1/products/air-max2-cb-94](https://www.qlassic.ca/collections/shoes-1/products/air-max2-cb-94)

[https://www.bbbranded.com/collections/release-calendar/products/m-air-max2-cb-94-305440-005](https://www.bbbranded.com/collections/release-calendar/products/m-air-max2-cb-94-305440-005)

[https://www.courtsidesneakers.com/collections/new-releases/products/nike-air-max-cb2-94-cool-grey](https://www.courtsidesneakers.com/collections/new-releases/products/nike-air-max-cb2-94-cool-grey)

[https://getdipt.com/collections/kicks/products/nike-air-max2-cb-94-305440-005](https://getdipt.com/collections/kicks/products/nike-air-max2-cb-94-305440-005)

&#x200B;

Nike KD 17 Easy Money Sniper

[https://www.deadstock.ca/products/nike-kd-17-black-bright-crimson-vintage-green](https://www.deadstock.ca/products/nike-kd-17-black-bright-crimson-vintage-green)

[https://www.footlocker.ca/en/product/nike-kd-17-mens/21193980.html](https://www.footlocker.ca/en/product/nike-kd-17-mens/21193980.html)

[https://size.ca/products/nike-kd17-black-bright-crimson-vintage-green](https://size.ca/products/nike-kd17-black-bright-crimson-vintage-green)

&#x200B;

New Balance 1906U Bricks & Wood Echoes of a Butterfly

[https://www.deadstock.ca/products/new-balance-x-bricks-wood-1906n](https://www.deadstock.ca/products/new-balance-x-bricks-wood-1906n)

&#x200B;

New Balance 860v2 Comme des Garcons Homme Grey

[https://www.rooneyshop.com/collections/footwear/products/comme-des-garcons-homme-cdg-homme-new-balance-860-grey-grey](https://www.rooneyshop.com/collections/footwear/products/comme-des-garcons-homme-cdg-homme-new-balance-860-grey-grey)

&#x200B;

New Balance 860v2 Comme des Garcons Homme Black White

[https://www.rooneyshop.com/collections/footwear/products/comme-des-garcons-homme-cdg-homme-new-balance-860-black-grey](https://www.rooneyshop.com/collections/footwear/products/comme-des-garcons-homme-cdg-homme-new-balance-860-black-grey)

&#x200B;

Nike Air Max 90 Smoke Grey Fire Red

[https://btqlace.com/collections/chaussures/products/nike-air-max-90-smoke-grey-fire-red?variant=46261070725349](https://btqlace.com/collections/chaussures/products/nike-air-max-90-smoke-grey-fire-red?variant=46261070725349)

&#x200B;

Salomon XT [Pu.Re](https://pu.re/) Advanced Black Phantom

[https://havenshop.com/products/salomon-advanced-xt-pu-re-advanced-black-black-phantom-black-fw24](https://havenshop.com/products/salomon-advanced-xt-pu-re-advanced-black-black-phantom-black-fw24)

&#x200B;

Nike SB Dunk Low Light Carbon Monarch

[https://www.nike.com/ca/launch/t/nike-sb-dunk-low-pro-light-carbon-and-monarch](https://www.nike.com/ca/launch/t/nike-sb-dunk-low-pro-light-carbon-and-monarch)

&#x200B;

Nike SB Dunk Low City of Cinema

[https://dimemtl.com/products/nike-sb-dunk-low-pro-9](https://dimemtl.com/products/nike-sb-dunk-low-pro-9)

&#x200B;

Nike SB Dunk Low Light Carbon Monarch

[https://dimemtl.com/products/nike-sb-dunk-low-pro-10](https://dimemtl.com/products/nike-sb-dunk-low-pro-10)

&#x200B;

Nike SB Dunk Low Pro White Gum

[https://www.nike.com/ca/launch/t/nike-sb-dunk-low-white-and-gum-light-brown-emea](https://www.nike.com/ca/launch/t/nike-sb-dunk-low-white-and-gum-light-brown-emea)

&#x200B;

Nike SB Dunk Low Escargot

[https://proskates.com/collections/nike/products/nike-sb-dunk-low-pro-shoe-sesamemetallic-silverpear-fir](https://proskates.com/collections/nike/products/nike-sb-dunk-low-pro-shoe-sesamemetallic-silverpear-fir)

[https://tikiroomskateboards.com/products/nike-sb-dunk-low-pro-sesame-metallic-silver-pear-fir-fq7585-200?\_pos=1&\_fid=524253014&\_ss=c&variant=45676443795681](https://tikiroomskateboards.com/products/nike-sb-dunk-low-pro-sesame-metallic-silver-pear-fir-fq7585-200?_pos=1&_fid=524253014&_ss=c&variant=45676443795681)

[https://www.sourceboards.com/products/nike-sb-dunk-low-pro-sesame-metallic-silver-pear-fir?variant=40910055145552](https://www.sourceboards.com/products/nike-sb-dunk-low-pro-sesame-metallic-silver-pear-fir?variant=40910055145552)

&#x200B;

Nike SB Dunk Low Hyper Royal Malachite

[https://www.nike.com/ca/t/sb-dunk-low-pro-skate-shoes-c2SKgC/HF3704-00](https://www.nike.com/ca/t/sb-dunk-low-pro-skate-shoes-c2SKgC/HF3704-001)

&#x200B;

Nike SB Dunk Low Electric Pack Olympic Safari

[https://www.nike.com/ca/t/sb-dunk-low-pro-electric-skate-shoes-vv8vmJ/FZ1233-002](https://www.nike.com/ca/t/sb-dunk-low-pro-electric-skate-shoes-vv8vmJ/FZ1233-002)

[https://www.adriftshop.com/products/nike-sb-dunk-low-pro-electric-phantom-black-black-monarch](https://www.adriftshop.com/products/nike-sb-dunk-low-pro-electric-phantom-black-black-monarch)

[https://exoshop.com/collections/mens-shoes/products/olympic-safari-dunk-low-phantom-black-black-monarch](https://exoshop.com/collections/mens-shoes/products/olympic-safari-dunk-low-phantom-black-black-monarch)

[https://tikiroomskateboards.com/products/nike-sb-dunk-low-pro-electric-phantom-black-black-monarch-fz1233-002?\_pos=11&\_fid=524253014&\_ss=c](https://tikiroomskateboards.com/products/nike-sb-dunk-low-pro-electric-phantom-black-black-monarch-fz1233-002?_pos=11&_fid=524253014&_ss=c)

&#x200B;

Nike SB Dunk Low Classic Green

[https://www.nike.com/ca/t/sb-dunk-low-pro-skate-shoe-Q8p8S6/BQ6817-302](https://www.nike.com/ca/t/sb-dunk-low-pro-skate-shoe-Q8p8S6/BQ6817-302)

&#x200B;

Nike SB Dunk Low Pro Black Gum

[https://www.nike.com/ca/launch/t/nike-sb-dunk-low-black-and-gum-light-brown-emea](https://www.nike.com/ca/launch/t/nike-sb-dunk-low-black-and-gum-light-brown-emea)

[https://menuskateshop.com/collections/nike-sb/products/nike-sb-dunk-low-pro-black-white-black-gum-lt-brown](https://menuskateshop.com/collections/nike-sb/products/nike-sb-dunk-low-pro-black-white-black-gum-lt-brown)

&#x200B;

Nike SB Dunk Low Trocadéro Gardens

[https://www.nike.com/ca/t/sb-dunk-low-pro-skate-shoes-7PzPVb/FV5926-200](https://www.nike.com/ca/t/sb-dunk-low-pro-skate-shoes-7PzPVb/FV5926-200)

&#x200B;

Nike SB Dunk Low Burnt Sunrise

[https://www.nike.com/ca/t/sb-dunk-low-pro-skate-shoes-c2SKgC/HF3704-800](https://www.nike.com/ca/t/sb-dunk-low-pro-skate-shoes-c2SKgC/HF3704-800)

[https://www.adriftshop.com/products/nike-sb-dunk-low-pro-burnt-sunrise-vintage-green](https://www.adriftshop.com/products/nike-sb-dunk-low-pro-burnt-sunrise-vintage-green)

&#x200B;

&#x200B;

&#x200B;

 

**Follow us on Instagram for more sneaker raffle and release information**

[**https://www.instagram.com/canadiansneakernut**](https://www.instagram.com/canadiansneakernut)

&#x200B;",17,1ga7xef,CanadianSneakerNut,https://www.reddit.com/r/CanadianSneakerNut/comments/1ga7xef/hot_finds_oct_23_2024/,0,2024-10-23 11:13:11,Reddit," **If you see something I still need to post, please post it below.** 

&#x200B;

&#x200B;

&#x200B;

Jordan Spizike Low PSG Paris Saint-Germain Sail Infrared

[https://www.footlocker.ca/en/product/\~/41827100.html](https://www.footlocker.ca/en/product/~/41827100.html)

&#x200B;

Nike Air Max 1 '86 PRM Powerwall BRS

[https://stompingground.ca/collections/footwear/products/nike-air-max-1-86-prm-classic-green-ember-glow-olive-grey-hf0551-300](https://stompingground.ca/collections/footwear/products/nike-air-max-1-86-prm-classic-green-ember-glow-olive-grey-hf0551-300)

&#x200B;

New Balance 9060 Reflection Raincloud Quarry Blue

[https://www.samtabak.com/us/new-balance-9060-reflection-raincloud-quarry-blue.html](https://www.samtabak.com/us/new-balance-9060-reflection-raincloud-quarry-blue.html)

&#x200B;

New Balance 9060 Bone Sparrow (Women's)

[https://www.samtabak.com/us/new-balance-9060-bone-sparrow-u9060zgc.html](https://www.samtabak.com/us/new-balance-9060-bone-sparrow-u9060zgc.html)

&#x200B;

Nike KD 17 Easy Money Sniper

[https://www.footlocker.ca/en/product/\~/21193980.html](https://www.footlocker.ca/en/product/~/21193980.html)

&#x200B;

Nike Air Max 2 CB '94 Cool Grey White

[https://www.qlassic.ca/collections/shoes-1/products/air-max2-cb-94](https://www.qlassic.ca/collections/shoes-1/products/air-max2-cb-94)

[https://www.bbbranded.com/collections/release-calendar/products/m-air-max2-cb-94-305440-005](https://www.bbbranded.com/collections/release-calendar/products/m-air-max2-cb-94-305440-005)

[https://www.courtsidesneakers.com/collections/new-releases/products/nike-air-max-cb2-94-cool-grey](https://www.courtsidesneakers.com/collections/new-releases/products/nike-air-max-cb2-94-cool-grey)

[https://getdipt.com/collections/kicks/products/nike-air-max2-cb-94-305440-005](https://getdipt.com/collections/kicks/products/nike-air-max2-cb-94-305440-005)

&#x200B;

Nike KD 17 Easy Money Sniper

[https://www.deadstock.ca/products/nike-kd-17-black-bright-crimson-vintage-green](https://www.deadstock.ca/products/nike-kd-17-black-bright-crimson-vintage-green)

[https://www.footlocker.ca/en/product/nike-kd-17-mens/21193980.html](https://www.footlocker.ca/en/product/nike-kd-17-mens/21193980.html)

[https://size.ca/products/nike-kd17-black-bright-crimson-vintage-green](https://size.ca/products/nike-kd17-black-bright-crimson-vintage-green)

&#x200B;

New Balance 1906U Bricks & Wood Echoes of a Butterfly

[https://www.deadstock.ca/products/new-balance-x-bricks-wood-1906n](https://www.deadstock.ca/products/new-balance-x-bricks-wood-1906n)

&#x200B;

New Balance 860v2 Comme des Garcons Homme Grey

[https://www.rooneyshop.com/collections/footwear/products/comme-des-garcons-homme-cdg-homme-new-balance-860-grey-grey](https://www.rooneyshop.com/collections/footwear/products/comme-des-garcons-homme-cdg-homme-new-balance-860-grey-grey)

&#x200B;

New Balance 860v2 Comme des Garcons Homme Black White

[https://www.rooneyshop.com/collections/footwear/products/comme-des-garcons-homme-cdg-homme-new-balance-860-black-grey](https://www.rooneyshop.com/collections/footwear/products/comme-des-garcons-homme-cdg-homme-new-balance-860-black-grey)

&#x200B;

Nike Air Max 90 Smoke Grey Fire Red

[https://btqlace.com/collections/chaussures/products/nike-air-max-90-smoke-grey-fire-red?variant=46261070725349](https://btqlace.com/collections/chaussures/products/nike-air-max-90-smoke-grey-fire-red?variant=46261070725349)

&#x200B;

Salomon XT [Pu.Re](https://pu.re/) Advanced Black Phantom

[https://havenshop.com/products/salomon-advanced-xt-pu-re-advanced-black-black-phantom-black-fw24](https://havenshop.com/products/salomon-advanced-xt-pu-re-advanced-black-black-phantom-black-fw24)

&#x200B;

Nike SB Dunk Low Light Carbon Monarch

[https://www.nike.com/ca/launch/t/nike-sb-dunk-low-pro-light-carbon-and-monarch](https://www.nike.com/ca/launch/t/nike-sb-dunk-low-pro-light-carbon-and-monarch)

&#x200B;

Nike SB Dunk Low City of Cinema

[https://dimemtl.com/products/nike-sb-dunk-low-pro-9](https://dimemtl.com/products/nike-sb-dunk-low-pro-9)

&#x200B;

Nike SB Dunk Low Light Carbon Monarch

[https://dimemtl.com/products/nike-sb-dunk-low-pro-10](https://dimemtl.com/products/nike-sb-dunk-low-pro-10)

&#x200B;

Nike SB Dunk Low Pro White Gum

[https://www.nike.com/ca/launch/t/nike-sb-dunk-low-white-and-gum-light-brown-emea](https://www.nike.com/ca/launch/t/nike-sb-dunk-low-white-and-gum-light-brown-emea)

&#x200B;

Nike SB Dunk Low Escargot

[https://proskates.com/collections/nike/products/nike-sb-dunk-low-pro-shoe-sesamemetallic-silverpear-fir](https://proskates.com/collections/nike/products/nike-sb-dunk-low-pro-shoe-sesamemetallic-silverpear-fir)

[https://tikiroomskateboards.com/products/nike-sb-dunk-low-pro-sesame-metallic-silver-pear-fir-fq7585-200?\_pos=1&\_fid=524253014&\_ss=c&variant=45676443795681](https://tikiroomskateboards.com/products/nike-sb-dunk-low-pro-sesame-metallic-silver-pear-fir-fq7585-200?_pos=1&_fid=524253014&_ss=c&variant=45676443795681)

[https://www.sourceboards.com/products/nike-sb-dunk-low-pro-sesame-metallic-silver-pear-fir?variant=40910055145552](https://www.sourceboards.com/products/nike-sb-dunk-low-pro-sesame-metallic-silver-pear-fir?variant=40910055145552)

&#x200B;

Nike SB Dunk Low Hyper Royal Malachite

[https://www.nike.com/ca/t/sb-dunk-low-pro-skate-shoes-c2SKgC/HF3704-00](https://www.nike.com/ca/t/sb-dunk-low-pro-skate-shoes-c2SKgC/HF3704-001)

&#x200B;

Nike SB Dunk Low Electric Pack Olympic Safari

[https://www.nike.com/ca/t/sb-dunk-low-pro-electric-skate-shoes-vv8vmJ/FZ1233-002](https://www.nike.com/ca/t/sb-dunk-low-pro-electric-skate-shoes-vv8vmJ/FZ1233-002)

[https://www.adriftshop.com/products/nike-sb-dunk-low-pro-electric-phantom-black-black-monarch](https://www.adriftshop.com/products/nike-sb-dunk-low-pro-electric-phantom-black-black-monarch)

[https://exoshop.com/collections/mens-shoes/products/olympic-safari-dunk-low-phantom-black-black-monarch](https://exoshop.com/collections/mens-shoes/products/olympic-safari-dunk-low-phantom-black-black-monarch)

[https://tikiroomskateboards.com/products/nike-sb-dunk-low-pro-electric-phantom-black-black-monarch-fz1233-002?\_pos=11&\_fid=524253014&\_ss=c](https://tikiroomskateboards.com/products/nike-sb-dunk-low-pro-electric-phantom-black-black-monarch-fz1233-002?_pos=11&_fid=524253014&_ss=c)

&#x200B;

Nike SB Dunk Low Classic Green

[https://www.nike.com/ca/t/sb-dunk-low-pro-skate-shoe-Q8p8S6/BQ6817-302](https://www.nike.com/ca/t/sb-dunk-low-pro-skate-shoe-Q8p8S6/BQ6817-302)

&#x200B;

Nike SB Dunk Low Pro Black Gum

[https://www.nike.com/ca/launch/t/nike-sb-dunk-low-black-and-gum-light-brown-emea](https://www.nike.com/ca/launch/t/nike-sb-dunk-low-black-and-gum-light-brown-emea)

[https://menuskateshop.com/collections/nike-sb/products/nike-sb-dunk-low-pro-black-white-black-gum-lt-brown](https://menuskateshop.com/collections/nike-sb/products/nike-sb-dunk-low-pro-black-white-black-gum-lt-brown)

&#x200B;

Nike SB Dunk Low Trocadéro Gardens

[https://www.nike.com/ca/t/sb-dunk-low-pro-skate-shoes-7PzPVb/FV5926-200](https://www.nike.com/ca/t/sb-dunk-low-pro-skate-shoes-7PzPVb/FV5926-200)

&#x200B;

Nike SB Dunk Low Burnt Sunrise

[https://www.nike.com/ca/t/sb-dunk-low-pro-skate-shoes-c2SKgC/HF3704-800](https://www.nike.com/ca/t/sb-dunk-low-pro-skate-shoes-c2SKgC/HF3704-800)

[https://www.adriftshop.com/products/nike-sb-dunk-low-pro-burnt-sunrise-vintage-green](https://www.adriftshop.com/products/nike-sb-dunk-low-pro-burnt-sunrise-vintage-green)

&#x200B;

&#x200B;

&#x200B;

 

**Follow us on Instagram for more sneaker raffle and release information**

[**https://www.instagram.com/canadiansneakernut**](https://www.instagram.com/canadiansneakernut)

&#x200B;",see something still need post please post x200b x200b x200b jordan spizike low psg paris saint germain sail infrared x200b nike air max 1 86 prm powerwall br x200b new balance 9060 reflection raincloud quarry blue x200b new balance 9060 bone sparrow woman x200b nike kd 17 easy money sniper x200b nike air max 2 cb 94 cool grey white x200b nike kd 17 easy money sniper x200b new balance 1906u brick wood echo butterfly x200b new balance 860v2 comme de garcons homme grey x200b new balance 860v2 comme de garcons homme black white x200b nike air max 90 smoke grey fire red x200b salomon xt pu advanced black phantom x200b nike sb dunk low light carbon monarch x200b nike sb dunk low city cinema x200b nike sb dunk low light carbon monarch x200b nike sb dunk low pro white gum x200b nike sb dunk low escargot x200b nike sb dunk low hyper royal malachite x200b nike sb dunk low electric pack olympic safari x200b nike sb dunk low classic green x200b nike sb dunk low pro black gum x200b nike sb dunk low trocadéro garden x200b nike sb dunk low burnt sunrise x200b x200b x200b follow u instagram sneaker raffle release information x200b
[WTB] Nike Blazers beaters/ Nike Dunk Beaters SZ 9.5-10.5 Used [$20-$75ish],"If someone is willing to sell me, their Nike blazers or their Nike dunks that they’re looking to get rid of their old beater shoes in any condition please DM me. I'm open to a size 9 1/2 to 10 1/2. Please hit me up and let's get something going. Thanks so much! Bonus if they are pre-tied in that slip on look!!! 😉🥹

https://www.reddit.com/r/sneakermarket/wiki/index/banlist",4,1g7imj0,sneakermarket,https://www.reddit.com/r/sneakermarket/comments/1g7imj0/wtb_nike_blazers_beaters_nike_dunk_beaters_sz/,3,2024-10-19 21:02:05,Reddit,"If someone is willing to sell me, their Nike blazers or their Nike dunks that they’re looking to get rid of their old beater shoes in any condition please DM me. I'm open to a size 9 1/2 to 10 1/2. Please hit me up and let's get something going. Thanks so much! Bonus if they are pre-tied in that slip on look!!! 😉🥹

https://www.reddit.com/r/sneakermarket/wiki/index/banlist",someone willing sell nike blazer nike dunk looking get rid old beater shoe condition please dm open size 9 1 2 10 1 2 please hit let get something going thanks much bonus pre tied slip look
[WTS][$100-$180] - Nike SB Dunk Low Light Carbon Monarch (Size 12) & Yeezy 350 V2 Zebra (Size 11),"Each pair only worn a handful of times. Yeezys are the 2019 release, box is slightly damaged on the corner when I received them. Prices OBO, includes shipping via PayPal Goods & Services

Nike SB Dunk Low Light Carbon Monarch - Size 12 - $100 Shipped

Yeezy 350 V2 - Zebra (2019) - Size 11 - $180 Shipped
",10,1g9pnrc,sneakermarket,https://www.reddit.com/gallery/1g9pnrc,4,2024-10-22 18:44:14,Reddit,"Each pair only worn a handful of times. Yeezys are the 2019 release, box is slightly damaged on the corner when I received them. Prices OBO, includes shipping via PayPal Goods & Services

Nike SB Dunk Low Light Carbon Monarch - Size 12 - $100 Shipped

Yeezy 350 V2 - Zebra (2019) - Size 11 - $180 Shipped
",pair worn handful time yeezys 2019 release box slightly damaged corner received price obo includes shipping via paypal good service nike sb dunk low light carbon monarch size 12 100 shipped yeezy 350 v2 zebra 2019 size 11 180 shipped
" Nike, in ancient Greek myths is the goddess of victory, This mosaic from a villa in Ptolemais - Libya, shows Nike with spread wings and a tabula ansata bearing the Greek inscription: EYTIXΩΣ ΛEYKAKTIΩ, means ""Good luck for Leukaktios"" the house owner. [766x514]",,194,1g8olze,ArtefactPorn,https://i.redd.it/18sb7pvgt3wd1.jpeg,7,2024-10-21 12:35:35,Reddit," Nike, in ancient Greek myths is the goddess of victory, This mosaic from a villa in Ptolemais - Libya, shows Nike with spread wings and a tabula ansata bearing the Greek inscription: EYTIXΩΣ ΛEYKAKTIΩ, means ""Good luck for Leukaktios"" the house owner. [766x514]",nike ancient greek myth goddess victory mosaic villa ptolemais libya show nike spread wing tabula ansata bearing greek inscription eytixως λeykaktiω mean good luck leukaktios house owner 766x514
Orlando runners! Nike will be in town Sunday morning for Matcha & Miles! ,"Fuel your run with the perfect duo: Matcha for sustained energy, Nike Pegasus for cushioned support and energy return. Join us for Matcha & Miles on October 27th at Deeply. Let’s make every mile count! #MatchaAndMiles #NikeRunning #CFRC",9,1g8zxy4,orlando,https://www.reddit.com/gallery/1g8zxy4,1,2024-10-21 20:29:56,Reddit,"Fuel your run with the perfect duo: Matcha for sustained energy, Nike Pegasus for cushioned support and energy return. Join us for Matcha & Miles on October 27th at Deeply. Let’s make every mile count! #MatchaAndMiles #NikeRunning #CFRC",fuel run perfect duo matcha sustained energy nike pegasus cushioned support energy return join u matcha mile october 27th deeply let make every mile count matchaandmiles nikerunning cfrc
Nike getting involved with Powerlifting,"Honestly this is insane for the sport. People have brought it up the possibility before but a brand like Nike getting involved with Powerlifting absolutely shakes up the game in terms of visibility, money, sponsorship, etc.

How do you guys think this will change the sport.  ",185,1g7b7yq,powerlifting,https://www.instagram.com/reel/DBRrLKfyblN/?igsh=MW5wdmVicTJybnFveg==,61,2024-10-19 15:21:29,Reddit,"Honestly this is insane for the sport. People have brought it up the possibility before but a brand like Nike getting involved with Powerlifting absolutely shakes up the game in terms of visibility, money, sponsorship, etc.

How do you guys think this will change the sport.  ",honestly insane sport people brought possibility brand like nike getting involved powerlifting absolutely shake game term visibility money sponsorship etc guy think change sport
Day 13 - nike head,,4,1g7xrky,sketches,https://i.redd.it/cv08ecfapwvd1.jpeg,1,2024-10-20 12:39:38,Reddit,Day 13 - nike head,day 13 nike head
Nike air Vapormax Plus EU47,,2,1g8130o,BigBoiRepFashion,https://shop1149995605.v.weidian.com/item.html?itemID=2730306096&spider_token=9781,1,2024-10-20 15:19:52,Reddit,Nike air Vapormax Plus EU47,nike air vapormax plus eu47
I love my RMs but wtf Nike? I would have all 4 of these if they fit me,,82,1g94eua,Sneakers,https://i.redd.it/fsffg0t457wd1.png,40,2024-10-21 23:46:14,Reddit,I love my RMs but wtf Nike? I would have all 4 of these if they fit me,love rms wtf nike would 4 fit
"[LFA] Nike, the Red Nun of Milani","Nyke is a Red Nun of the Priory of the Unfettered Rose, located in the mountains outside of Cheliax as a place of resistance to the Church of Asmodeus. The Priory promotes the credo ""Without Rules, there can be no Rebellion."" thus they wear habits and practice modesty outwardly, but when the situation calls for it they will remove their habit and do what is necessary to overthrow tyranny. 

1st pic: inspiration for look. Maybe some visible scarring along neck/chin from a childhood injury (but not necessary to be drawn)
2nd pic: inspiration for dress.
3rd pic: holy symbol. Milani is the goddess of rebellions and riots.
4th pic: comedic monster summon a celestial giant rat dressed like a pope.

Why you might want to draw her: i hope you will have fun practicing wild voluminous black curly hair. Also she is able to summon celestial creatures to aid her in battle. So one time, she tried summoning a celestial giant rat to persuade the other giant rats to not attack us. We envisioned a rat pope. It was funny at the time.

Note: This is my first time posting, if more detail is desired, let me know. Thanks!

",8,1g86k3z,characterdrawing,https://www.reddit.com/gallery/1g86k3z,1,2024-10-20 19:16:17,Reddit,"Nyke is a Red Nun of the Priory of the Unfettered Rose, located in the mountains outside of Cheliax as a place of resistance to the Church of Asmodeus. The Priory promotes the credo ""Without Rules, there can be no Rebellion."" thus they wear habits and practice modesty outwardly, but when the situation calls for it they will remove their habit and do what is necessary to overthrow tyranny. 

1st pic: inspiration for look. Maybe some visible scarring along neck/chin from a childhood injury (but not necessary to be drawn)
2nd pic: inspiration for dress.
3rd pic: holy symbol. Milani is the goddess of rebellions and riots.
4th pic: comedic monster summon a celestial giant rat dressed like a pope.

Why you might want to draw her: i hope you will have fun practicing wild voluminous black curly hair. Also she is able to summon celestial creatures to aid her in battle. So one time, she tried summoning a celestial giant rat to persuade the other giant rats to not attack us. We envisioned a rat pope. It was funny at the time.

Note: This is my first time posting, if more detail is desired, let me know. Thanks!

",nyke red nun priory unfettered rose located mountain outside cheliax place resistance church asmodeus priory promotes credo without rule rebellion thus wear habit practice modesty outwardly situation call remove habit necessary overthrow tyranny 1st pic inspiration look maybe visible scarring along neck chin childhood injury necessary drawn 2nd pic inspiration dress 3rd pic holy symbol milani goddess rebellion riot 4th pic comedic monster summon celestial giant rat dressed like pope might want draw hope fun practicing wild voluminous black curly hair also able summon celestial creature aid battle one time tried summoning celestial giant rat persuade giant rat attack u envisioned rat pope funny time note first time posting detail desired let know thanks
BioNike products ,"Hello reddit! Wanted to ask if any of you have any experience with the brand BioNike. Haven't seen much about them, only a few threads about their sunscreen. I am curious.
Context: I went to a dermatology congress and they gave me some samples: cleanser, moisturizer, treatment with azelaic acid. I suffer from acne, therefore I am a bit scared about trying new products. The cleanser looks and smells like toothpaste lol, has some blue exfoliating particles in it.",15,1g7ccog,EuroSkincare,https://www.reddit.com/gallery/1g7ccog,3,2024-10-19 16:13:07,Reddit,"Hello reddit! Wanted to ask if any of you have any experience with the brand BioNike. Haven't seen much about them, only a few threads about their sunscreen. I am curious.
Context: I went to a dermatology congress and they gave me some samples: cleanser, moisturizer, treatment with azelaic acid. I suffer from acne, therefore I am a bit scared about trying new products. The cleanser looks and smells like toothpaste lol, has some blue exfoliating particles in it.",hello reddit wanted ask experience brand bionike seen much thread sunscreen curious context went dermatology congress gave sample cleanser moisturizer treatment azelaic acid suffer acne therefore bit scared trying new product cleanser look smell like toothpaste lol blue exfoliating particle
Nike SB Dunk Low What The Paul From Selena ,"Nike SB Dunk Low What The Paul From Selena 

Welcome to my review of this very good quality Nike Dunk SB Low.

This shoe is crazy, the colors are beautiful and it brings many details.

The upper is made of fabric and leather.

The tongue is thick with well-made logos.

The swoosh have colors and materials similar to the original.

The embroidery of the heels very well achieved.

One toe box is made of fabric the other of suede.

It brings extra laces and I recommend ordering a larger half size.

This Sneaker is an art I love the quality and how well they made it.

I just received it and it’s already my favorite Nike Dunk SB.

It brings many colors so it is easy to combine with any clothing.

I recommend them, I’m sure they’ll love her just like me.

The package sent to me by USPS took 2 weeks.

Seller: Selena, she will provide you with a good service, she is very friendly and accommodating I recommend them.

$139  - $10 discount code Taloloco

$129 shipping included.
 
W2C :
WhatsApp: +8613799652535   
IG: Selena_reps  

[DISCORD](https://discord.gg/UaWRVQtbEh)
",44,1g81gqd,RepSneakerFans,https://www.reddit.com/gallery/1g81gqd,15,2024-10-20 15:37:13,Reddit,"Nike SB Dunk Low What The Paul From Selena 

Welcome to my review of this very good quality Nike Dunk SB Low.

This shoe is crazy, the colors are beautiful and it brings many details.

The upper is made of fabric and leather.

The tongue is thick with well-made logos.

The swoosh have colors and materials similar to the original.

The embroidery of the heels very well achieved.

One toe box is made of fabric the other of suede.

It brings extra laces and I recommend ordering a larger half size.

This Sneaker is an art I love the quality and how well they made it.

I just received it and it’s already my favorite Nike Dunk SB.

It brings many colors so it is easy to combine with any clothing.

I recommend them, I’m sure they’ll love her just like me.

The package sent to me by USPS took 2 weeks.

Seller: Selena, she will provide you with a good service, she is very friendly and accommodating I recommend them.

$139  - $10 discount code Taloloco

$129 shipping included.
 
W2C :
WhatsApp: +8613799652535   
IG: Selena_reps  

[DISCORD](https://discord.gg/UaWRVQtbEh)
",nike sb dunk low paul selena welcome review good quality nike dunk sb low shoe crazy color beautiful brings many detail upper made fabric leather tongue thick well made logo swoosh color material similar original embroidery heel well achieved one toe box made fabric suede brings extra lace recommend ordering larger half size sneaker art love quality well made received already favorite nike dunk sb brings many color easy combine clothing recommend sure love like package sent usps took 2 week seller selena provide good service friendly accommodating recommend 139 10 discount code taloloco 129 shipping included w2c whatsapp 8613799652535 ig discord
W2C to Nike repel tracksuit ,,6,1g7v2u7,DHgate,https://i.redd.it/1o3cxjjptvvd1.jpeg,5,2024-10-20 09:42:35,Reddit,W2C to Nike repel tracksuit ,w2c nike repel tracksuit
qc nike,,9,1g76s67,AllChinabuy,https://www.reddit.com/gallery/1g76s67,3,2024-10-19 11:25:07,Reddit,qc nike,qc nike
"Nike hot step 2 ""black/gun metal"" low-cut casual shoes for men and women with the same black.",,2,1g9ps87,replicasneakers,https://v.redd.it/mxkpu0m0tcwd1,0,2024-10-22 18:49:10,Reddit,"Nike hot step 2 ""black/gun metal"" low-cut casual shoes for men and women with the same black.",nike hot step 2 black gun metal low cut casual shoe men woman black
nike air max,"existe alguma diferença de conforto ou qualidade entre o air max 90 e o air max 1?

basicamente os dois estão na mesma faixa de preço na casa dos 1000

estou realmente em dúvida qual comprar.

https://preview.redd.it/e53tgqqhgsvd1.png?width=1230&format=png&auto=webp&s=fa46b7c43d16260493de960111de3fd0611f4f91",3,1g7kaft,SneakersBrasil,https://www.reddit.com/r/SneakersBrasil/comments/1g7kaft/nike_air_max/,5,2024-10-19 22:23:27,Reddit,"existe alguma diferença de conforto ou qualidade entre o air max 90 e o air max 1?

basicamente os dois estão na mesma faixa de preço na casa dos 1000

estou realmente em dúvida qual comprar.

https://preview.redd.it/e53tgqqhgsvd1.png?width=1230&format=png&auto=webp&s=fa46b7c43d16260493de960111de3fd0611f4f91",existe alguma diferença de conforto ou qualidade entre air max 90 e air max 1 basicamente o doi estão na mesma faixa de preço na casa do 1000 estou realmente em dúvida qual comprar
New nike commercial uses Wash.!,https://www.youtube.com/watch?v=Kapm0-S_PXs,31,1g7icbb,boniver,https://www.reddit.com/r/boniver/comments/1g7icbb/new_nike_commercial_uses_wash/,6,2024-10-19 20:48:49,Reddit,https://www.youtube.com/watch?v=Kapm0-S_PXs,
"“I'll say this. In 2028 if I have to sign with Nike to increase my likelihood to play USA basketball, I think I'll pass.” - Jaylen Brown",,280,1g9i5js,bostonceltics,https://clutchpoints.com/celtics-jaylen-brown-makes-strong-claim-about-nike-team-usa,93,2024-10-22 13:29:07,Reddit,"“I'll say this. In 2028 if I have to sign with Nike to increase my likelihood to play USA basketball, I think I'll pass.” - Jaylen Brown",say 2028 sign nike increase likelihood play usa basketball think pas jaylen brown
Nike p6000,"Was planning since days to buy this one....
Today As soon as I clicked on it they went out of stock
Please help me out guys
When will the be back 🙏🏽",4,1g7cuje,Nike,https://i.redd.it/0971nq7jqqvd1.jpeg,0,2024-10-19 16:35:55,Reddit,"Was planning since days to buy this one....
Today As soon as I clicked on it they went out of stock
Please help me out guys
When will the be back 🙏🏽",planning since day buy one today soon clicked went stock please help guy back
Nike SB Low Dunk What The Paul From Selena ,"W2C and Review: https://imgur.com/a/uUhNNl6

$139  - $10 discount code Taloloco

$129 shipping included.
 
W2C :
WhatsApp: +8613799652535   
IG: Selena_reps  

[DISCORD](https://discord.gg/UaWRVQtbEh)
",34,1g81fn8,sneakerreps,https://www.reddit.com/gallery/1g81fn8,1,2024-10-20 15:35:48,Reddit,"W2C and Review: https://imgur.com/a/uUhNNl6

$139  - $10 discount code Taloloco

$129 shipping included.
 
W2C :
WhatsApp: +8613799652535   
IG: Selena_reps  

[DISCORD](https://discord.gg/UaWRVQtbEh)
",w2c review 139 10 discount code taloloco 129 shipping included w2c whatsapp 8613799652535 ig discord
Zoom Fly 6 in depth first impression,"How I got them early
My local running shop always gets Nikes new drops in early and has always sold them to me if I ask to see them. Got lucky they even had the Kipchoge colorway!

Sizing
I wear a US men’s 11. Bought TTS and they fit similarly to my Nike Pegasus Plus and Vomero 17 which are also both size 11. I am a 6’1” male that weighs 185. Training for local 5ks 10ks and half marathons using the Norwegian Singkes approach of threshold training from letsrun.com

First run

Total 6 miles
Warmup + 15x400m at 10k pace with 30 sec rest.

Initial impressions.

Upper
Looks better in person than on pictures. A nice mesh material, that feels like it’s made for no nonsense performance. I can’t think of any Nike trainers I’ve had that this material reminds me of. It fits really well for me and I had no rubbing, slipping or upper issues of any kind on this run. Laces stayed tied for me with a single knot which is a great sign.

Stability

Initially walking in them the rocker feels maybe a touch unstable but I had no stability concerns at all once running. Neutral for sure, but unless you really wobble I think you’ll be alright in these for the most part

Midsole

Zoom X tool layer feels like the good stuff from Vaporfly and not like the denser variant found in Pegasus Plus. It’s nice but just about half the thickness of the total midsole. Bottom layer is Cushlon 3.0 but definitely feels softer than the Cushlon in Vomero 17. Ride feels nice and protective to me, and picks up the pace well but isn’t a super spongy soft or bouncy ride. More protective, smooth and efficient. The midsole shape definitely plays into a very smooth ride here I think. This rocker just works for me.

Outsole
One of my favorite features of Nike is the waffle grip outsoles and this is no different. The sound of the waffles ripping off the surface of a rubber track or gravel trail is so satisfying to me and it really improves my confidence on some of the surfaces I run on. Haven’t ran in the wet yet, but the compound maybe feels a little tackier then what’s on peg plus. They did a really good job here of giving good grip without going insane on the amount of rubber. Well done Nike.

How I’ll use.
These will be used for all my threshold work going forward and might consider them for 10k and half marathon races. Time will tell. I wouldn’t pick them for any easy day shoe but if you run easy in Boston 12 or something similar I think you might like these just fine.

Overall

Ver positive first impression. Shoes look and feel great. I can already see reviewers not giving these a fair shot because it’s cool to rip on Nike lately but I think these should definitely be considered. No ridiculous stand out feature that will catch reviewers attention but very well thought out in each category of the shoe and the new rocker design is really special in my opinion. I think people need to give these a chance.

",315,1gagnnr,RunningShoeGeeks,https://www.reddit.com/gallery/1gagnnr,122,2024-10-23 17:44:12,Reddit,"How I got them early
My local running shop always gets Nikes new drops in early and has always sold them to me if I ask to see them. Got lucky they even had the Kipchoge colorway!

Sizing
I wear a US men’s 11. Bought TTS and they fit similarly to my Nike Pegasus Plus and Vomero 17 which are also both size 11. I am a 6’1” male that weighs 185. Training for local 5ks 10ks and half marathons using the Norwegian Singkes approach of threshold training from letsrun.com

First run

Total 6 miles
Warmup + 15x400m at 10k pace with 30 sec rest.

Initial impressions.

Upper
Looks better in person than on pictures. A nice mesh material, that feels like it’s made for no nonsense performance. I can’t think of any Nike trainers I’ve had that this material reminds me of. It fits really well for me and I had no rubbing, slipping or upper issues of any kind on this run. Laces stayed tied for me with a single knot which is a great sign.

Stability

Initially walking in them the rocker feels maybe a touch unstable but I had no stability concerns at all once running. Neutral for sure, but unless you really wobble I think you’ll be alright in these for the most part

Midsole

Zoom X tool layer feels like the good stuff from Vaporfly and not like the denser variant found in Pegasus Plus. It’s nice but just about half the thickness of the total midsole. Bottom layer is Cushlon 3.0 but definitely feels softer than the Cushlon in Vomero 17. Ride feels nice and protective to me, and picks up the pace well but isn’t a super spongy soft or bouncy ride. More protective, smooth and efficient. The midsole shape definitely plays into a very smooth ride here I think. This rocker just works for me.

Outsole
One of my favorite features of Nike is the waffle grip outsoles and this is no different. The sound of the waffles ripping off the surface of a rubber track or gravel trail is so satisfying to me and it really improves my confidence on some of the surfaces I run on. Haven’t ran in the wet yet, but the compound maybe feels a little tackier then what’s on peg plus. They did a really good job here of giving good grip without going insane on the amount of rubber. Well done Nike.

How I’ll use.
These will be used for all my threshold work going forward and might consider them for 10k and half marathon races. Time will tell. I wouldn’t pick them for any easy day shoe but if you run easy in Boston 12 or something similar I think you might like these just fine.

Overall

Ver positive first impression. Shoes look and feel great. I can already see reviewers not giving these a fair shot because it’s cool to rip on Nike lately but I think these should definitely be considered. No ridiculous stand out feature that will catch reviewers attention but very well thought out in each category of the shoe and the new rocker design is really special in my opinion. I think people need to give these a chance.

",got early local running shop always get nike new drop early always sold ask see got lucky even kipchoge colorway sizing wear u men 11 bought tt fit similarly nike pegasus plus vomero 17 also size 11 6 1 male weighs 185 training local 5ks 10ks half marathon using norwegian singkes approach threshold training letsrun com first run total 6 mile warmup 15x400m 10k pace 30 sec rest initial impression upper look better person picture nice mesh material feel like made nonsense performance think nike trainer material reminds fit really well rubbing slipping upper issue kind run lace stayed tied single knot great sign stability initially walking rocker feel maybe touch unstable stability concern running neutral sure unless really wobble think alright part midsole zoom x tool layer feel like good stuff vaporfly like denser variant found pegasus plus nice half thickness total midsole bottom layer cushlon 3 0 definitely feel softer cushlon vomero 17 ride feel nice protective pick pace well super spongy soft bouncy ride protective smooth efficient midsole shape definitely play smooth ride think rocker work outsole one favorite feature nike waffle grip outsole different sound waffle ripping surface rubber track gravel trail satisfying really improves confidence surface run ran wet yet compound maybe feel little tackier peg plus really good job giving good grip without going insane amount rubber well done nike use used threshold work going forward might consider 10k half marathon race time tell pick easy day shoe run easy boston 12 something similar think might like fine overall ver positive first impression shoe look feel great already see reviewer giving fair shot cool rip nike lately think definitely considered ridiculous stand feature catch reviewer attention well thought category shoe new rocker design really special opinion think people need give chance
Nike cpfm jersey?,wtc? please been looking for it no luck,11,1g79bc2,FashionReps,https://i.redd.it/g1lbc92pwpvd1.jpeg,1,2024-10-19 13:48:38,Reddit,wtc? please been looking for it no luck,wtc please looking luck
Found Nike tn for < 30 bucks ,https://f0r.co/2MiEgM,10,1g7wagk,hacoo,https://i.redd.it/80wtcqj69wvd1.png,4,2024-10-20 11:09:19,Reddit,https://f0r.co/2MiEgM,
"Nike socks, inexpensive & nice",,9,1g7mnfg,Hoobuy,https://i.redd.it/b5w83nup1tvd1.jpeg,1,2024-10-20 00:23:16,Reddit,"Nike socks, inexpensive & nice",nike sock inexpensive nice
Nike SB Dunk Low Pro WC Sesame/Metallic Silver/Pear/Fir ON SALE FOR $87.50 (Reg. $125.00),,5,1g9fdsb,midsoledeals,https://midsoledeals.com/nike-sb-dunk-low-pro-wc-sesame-metallic-silver-pear-fir-on-sale-87-50/,4,2024-10-22 11:01:20,Reddit,Nike SB Dunk Low Pro WC Sesame/Metallic Silver/Pear/Fir ON SALE FOR $87.50 (Reg. $125.00),nike sb dunk low pro wc sesame metallic silver pear fir sale 87 50 reg 125 00
Nike Ja 2 “Night Vision” 👁️,"Releasing on November 1st, 2024! Thoughts?👀",38,1g7lgmr,memphisgrizzlies,https://www.reddit.com/gallery/1g7lgmr,7,2024-10-19 23:22:02,Reddit,"Releasing on November 1st, 2024! Thoughts?👀",releasing november 1st 2024 thought
Nike SB Dunk Low What The Paul From Selena ,"$139  - $10 discount code Taloloco

Price $129 shipping included.
 
W2C :
WhatsApp: +8613799652535   
IG: Selena_reps  
",23,1g81mh6,Repsneakers,https://www.reddit.com/gallery/1g81mh6,1,2024-10-20 15:44:23,Reddit,"$139  - $10 discount code Taloloco

Price $129 shipping included.
 
W2C :
WhatsApp: +8613799652535   
IG: Selena_reps  
",139 10 discount code taloloco price 129 shipping included w2c whatsapp 8613799652535 ig
[Question] Nike Hyperko 2 or Everlast Elite 2.0? ,I've been needing a shoe to spar but I'm stuck with these two options.,3,1g8dyd9,fightgear,https://www.reddit.com/r/fightgear/comments/1g8dyd9/question_nike_hyperko_2_or_everlast_elite_20/,6,2024-10-21 01:03:32,Reddit,I've been needing a shoe to spar but I'm stuck with these two options.,needing shoe spar stuck two option
