Title,content,Score,ID,Subreddit,URL,Comments,Created,Source,content_to_process,processed_content
Lamborghini Adidas ,Hope you like it,30,1gapo76,GranTurismo7,https://www.reddit.com/gallery/1gapo76,12,2024-10-24 00:19:21,Reddit,Hope you like it,hope like
adidas spezials,where can i buy them HUHUHU,3,1gapg1x,Iloilo,https://www.reddit.com/r/Iloilo/comments/1gapg1x/adidas_spezials/,5,2024-10-24 00:08:20,Reddit,where can i buy them HUHUHU,buy huhuhu
Adidas VS Pace,"Eu tenho usado o meu guerreiro tênis Adidas VS Pace para fazer exercícios em casa, mas ele aperta o meu 5° metatarso, incomoda bastante. Sei bem que minha mãe me deu quando eu tinha uns 17-18  anos e hoje eu tenho 20. 
Tem alguma opção melhor que ele sem ser aqueles tênis que parecem uma lancha ?",2,1gaup9o,SneakersBrasil,https://www.reddit.com/gallery/1gaup9o,1,2024-10-24 04:46:51,Reddit,"Eu tenho usado o meu guerreiro tênis Adidas VS Pace para fazer exercícios em casa, mas ele aperta o meu 5° metatarso, incomoda bastante. Sei bem que minha mãe me deu quando eu tinha uns 17-18  anos e hoje eu tenho 20. 
Tem alguma opção melhor que ele sem ser aqueles tênis que parecem uma lancha ?",eu tenho usado meu guerreiro tênis adidas v pace para fazer exercícios em casa ma ele aperta meu 5 metatarso incomoda bastante sei bem que minha mãe deu quando eu tinha un 17 18 ano e hoje eu tenho 20 tem alguma opção melhor que ele sem ser aqueles tênis que parecem uma lancha
Adidas Superstars ,Got these in the recent Flipkart BBD for 3.5k. I could have got it for 2.7k if i had bought them a day earlier 🥲. Anyways im happy with the price and yes they are authentic!,3,1gainqg,SneakersIndia,https://www.reddit.com/gallery/1gainqg,0,2024-10-23 19:11:36,Reddit,Got these in the recent Flipkart BBD for 3.5k. I could have got it for 2.7k if i had bought them a day earlier 🥲. Anyways im happy with the price and yes they are authentic!,got recent flipkart bbd 3 5k could got 2 7k bought day earlier anyways im happy price yes authentic
Adidas drop no longer needed ,,97,1gadeza,yeezys,https://i.redd.it/iyivgikpyiwd1.jpeg,23,2024-10-23 15:31:35,Reddit,Adidas drop no longer needed ,adidas drop longer needed
FS: Adidas big boy sale,Prices in comments! All must go!!!,10,1gaogsb,hockeyjerseys,https://i.redd.it/a7jd217ialwd1.jpeg,7,2024-10-23 23:21:59,Reddit,Prices in comments! All must go!!!,price comment must go
Mo Chatra's thread on Liverpool -Adidas Deal,https://x.com/MoChatra/status/1848797269631606818?t=cEl-4fMX2Lv-bvaDA9Vppw&s=19,88,1gadx3q,LiverpoolFC,https://www.reddit.com/r/LiverpoolFC/comments/1gadx3q/mo_chatras_thread_on_liverpool_adidas_deal/,48,2024-10-23 15:52:43,Reddit,https://x.com/MoChatra/status/1848797269631606818?t=cEl-4fMX2Lv-bvaDA9Vppw&s=19,
Black Adidas Bodysuit,,2,1ga5vzv,SwimsuitUnderClothes,https://www.reddit.com/gallery/1ga5vzv,0,2024-10-23 08:53:10,Reddit,Black Adidas Bodysuit,black adidas bodysuit
Blue Adidas Bodysuit,,2,1ga5nv7,SwimsuitUnderClothes,https://www.reddit.com/gallery/1ga5nv7,0,2024-10-23 08:35:46,Reddit,Blue Adidas Bodysuit,blue adidas bodysuit
ADIDAS ORIGINALS - GAZELLE ,On my last birthday got these as gift from my girlfriend. So happy to have them being an oldschool Originals Fanboy and this just got me kicking the Air. What is your fav Originals kicks? ,29,1g9vjlt,adidas,https://i.redd.it/7lgz9vns0ewd1.png,1,2024-10-22 22:54:24,Reddit,On my last birthday got these as gift from my girlfriend. So happy to have them being an oldschool Originals Fanboy and this just got me kicking the Air. What is your fav Originals kicks? ,last birthday got gift girlfriend happy oldschool original fanboy got kicking air fav original kick
Miami QB Cam Ward inks NIL deal with Adidas,,172,1gadp85,CFB,https://www.on3.com/nil/news/miami-hurricanes-football-quarterback-cam-ward-inks-nil-deal-with-adidas/,91,2024-10-23 15:43:32,Reddit,Miami QB Cam Ward inks NIL deal with Adidas,miami qb cam ward ink nil deal adidas
Adidas Samba,Donde puedo comprar de estos?,2,1g9v22k,Paraguay,https://i.redd.it/9i7ok5gowdwd1.jpeg,3,2024-10-22 22:31:18,Reddit,Donde puedo comprar de estos?,donde puedo comprar de estos
Warum Drop Adidas so stark?,,2,1gafzch,wallstreetbetsGER,https://www.reddit.com/r/wallstreetbetsGER/comments/1gafzch/warum_drop_adidas_so_stark/,3,2024-10-23 17:16:02,Reddit,Warum Drop Adidas so stark?,warum drop adidas stark
Footdistrict - Adidas Samba OG Floral,"Hello everyone!

I need some help here, i'm looking forward to buy this Sneakers for my girlfriend but it's sold out everywhere

[https://www.adidas.com/us/samba-og-shoes/IF4398.html](https://www.adidas.com/us/samba-og-shoes/IF4398.html)

Except in Footdistrict:

[https://footdistrict.com/en/adidas-originals-womens-samba-og-if4398.html](https://footdistrict.com/en/adidas-originals-womens-samba-og-if4398.html)

But there's a problem: They say the sneakers are in ""beige"" color, but following Adidas there's only white and black color for this model.

Has anyone bought this model from them, that can provide me feedback about it, if they have the wrong photos/description and the sneakers are indeed white or not?

Thank you!

P.S. I'm in Europe!",2,1gaiztq,Sneakers,https://www.reddit.com/r/Sneakers/comments/1gaiztq/footdistrict_adidas_samba_og_floral/,0,2024-10-23 19:25:57,Reddit,"Hello everyone!

I need some help here, i'm looking forward to buy this Sneakers for my girlfriend but it's sold out everywhere

[https://www.adidas.com/us/samba-og-shoes/IF4398.html](https://www.adidas.com/us/samba-og-shoes/IF4398.html)

Except in Footdistrict:

[https://footdistrict.com/en/adidas-originals-womens-samba-og-if4398.html](https://footdistrict.com/en/adidas-originals-womens-samba-og-if4398.html)

But there's a problem: They say the sneakers are in ""beige"" color, but following Adidas there's only white and black color for this model.

Has anyone bought this model from them, that can provide me feedback about it, if they have the wrong photos/description and the sneakers are indeed white or not?

Thank you!

P.S. I'm in Europe!",hello everyone need help looking forward buy sneaker girlfriend sold everywhere except footdistrict problem say sneaker beige color following adidas white black color model anyone bought model provide feedback wrong photo description sneaker indeed white thank p europe
241022 Can someone plsplspls tell me what adidas hoodie was rora wearing during the adidas fan meeting? I NEED it,,66,1g9jgbt,BABYMONSTER,https://www.reddit.com/gallery/1g9jgbt,2,2024-10-22 14:27:28,Reddit,241022 Can someone plsplspls tell me what adidas hoodie was rora wearing during the adidas fan meeting? I NEED it,241022 someone plsplspls tell adidas hoodie rora wearing adidas fan meeting need
Footdistrict - Adidas Samba OG,"Bom dia a todos, 

Estou à procura de comprar estas sapatilhas para oferecer à minha namorada e não está a ser um trabalho num fácil que isto está constantemente esgotado:

https://www.adidas.pt/sapatilhas-samba-og/IF4398.html

Encontrei o mesmo modelo com stock nos tamanhos todos na loja Footdistrict

https://footdistrict.pt/adidas-originals-womens-samba-og-if4398.html

Alguém aqui já comprou estas sapatilhas nesta loja para confirmar se elas são realmente beges e não brancas como é suposto? É que é o único local onde elas têm uma cor diferente, porque é suposto este modelo existir apenas em branco e preto. 

Isto resolvia fácil se a loja tivesse devoluções grátis, mas não tem, é preciso pagar para devolver, então um testemunho real ajudava imenso.

Obrigado! ",2,1ga6l84,CasualPT,https://www.reddit.com/r/CasualPT/comments/1ga6l84/footdistrict_adidas_samba_og/,2,2024-10-23 09:45:30,Reddit,"Bom dia a todos, 

Estou à procura de comprar estas sapatilhas para oferecer à minha namorada e não está a ser um trabalho num fácil que isto está constantemente esgotado:

https://www.adidas.pt/sapatilhas-samba-og/IF4398.html

Encontrei o mesmo modelo com stock nos tamanhos todos na loja Footdistrict

https://footdistrict.pt/adidas-originals-womens-samba-og-if4398.html

Alguém aqui já comprou estas sapatilhas nesta loja para confirmar se elas são realmente beges e não brancas como é suposto? É que é o único local onde elas têm uma cor diferente, porque é suposto este modelo existir apenas em branco e preto. 

Isto resolvia fácil se a loja tivesse devoluções grátis, mas não tem, é preciso pagar para devolver, então um testemunho real ajudava imenso.

Obrigado! ",bom dia todos estou à procura de comprar estas sapatilhas para oferecer à minha namorada e não está ser um trabalho num fácil que isto está constantemente esgotado encontrei mesmo modelo com stock no tamanhos todos na loja footdistrict alguém aqui já comprou estas sapatilhas nesta loja para confirmar se ela são realmente beges e não brancas como é suposto é que é único local onde ela têm uma cor diferente porque é suposto este modelo existir apenas em branco e preto isto resolvia fácil se loja tivesse devoluções grátis ma não tem é preciso pagar para devolver então um testemunho real ajudava imenso obrigado
Kith Clarks Adidas Samba with vibram update. Worn for two months.,"$18 VIBRAM Sole Protective Sheet 1mm Etsy
$10 Barge cement glue Amazon

1 hour install plus occasionally standing in them to adhere vibram flat. (It bubbles a little bit) Glue does not damage crepe and can be easily peeled off when dry. 

Worn for a month straight then few times weekly the next month. 

Initial thoughts were how comfortable this shoe actually is. Upper suede molds to my foot like a glove. Crepe sole and vibram feel soft when walking. I regret not wearing them sooner but am glad I waited for the vibram add on. 

In conclusion, it was well worth the effort to add the vibram. The soles are only dirty around the heels and front toe areas. The sides are still pretty clean. Im surprised that thin sheet is keeping a lot of dirt off the crepe soles. Im gonna add it to the gazelles and A350 for sure. Maybe some grey wallabees Ive been wanting for years too. 

Thanks yall. ",40,1gao61n,KithNYC,https://www.reddit.com/gallery/1gao61n,8,2024-10-23 23:09:20,Reddit,"$18 VIBRAM Sole Protective Sheet 1mm Etsy
$10 Barge cement glue Amazon

1 hour install plus occasionally standing in them to adhere vibram flat. (It bubbles a little bit) Glue does not damage crepe and can be easily peeled off when dry. 

Worn for a month straight then few times weekly the next month. 

Initial thoughts were how comfortable this shoe actually is. Upper suede molds to my foot like a glove. Crepe sole and vibram feel soft when walking. I regret not wearing them sooner but am glad I waited for the vibram add on. 

In conclusion, it was well worth the effort to add the vibram. The soles are only dirty around the heels and front toe areas. The sides are still pretty clean. Im surprised that thin sheet is keeping a lot of dirt off the crepe soles. Im gonna add it to the gazelles and A350 for sure. Maybe some grey wallabees Ive been wanting for years too. 

Thanks yall. ",18 vibram sole protective sheet 1mm etsy 10 barge cement glue amazon 1 hour install plus occasionally standing adhere vibram flat bubble little bit glue damage crepe easily peeled dry worn month straight time weekly next month initial thought comfortable shoe actually upper suede mold foot like glove crepe sole vibram feel soft walking regret wearing sooner glad waited vibram add conclusion well worth effort add vibram sol dirty around heel front toe area side still pretty clean im surprised thin sheet keeping lot dirt crepe sol im gonna add gazelle a350 sure maybe grey wallabees ive wanting year thanks yall
Adidas,Algún cupón para Adidas? O cuotas sin interés ,2,1g9ctpy,DescuentosArgentina,https://www.reddit.com/r/DescuentosArgentina/comments/1g9ctpy/adidas/,5,2024-10-22 07:54:45,Reddit,Algún cupón para Adidas? O cuotas sin interés ,algún cupón para adidas cuotas sin interés
"WAR, Yeezy Adidas and Yzy Gap all lost ",,622,1g9ii7v,GoodAssSub,https://i.redd.it/vub3hhwwabwd1.jpeg,96,2024-10-22 13:45:45,Reddit,"WAR, Yeezy Adidas and Yzy Gap all lost ",war yeezy adidas yzy gap lost
Adidas Samba Wales Bonner silver from nana_sneaker77,,9,1gab0n5,fashionreps2,https://www.reddit.com/gallery/1gab0n5,2,2024-10-23 13:49:18,Reddit,Adidas Samba Wales Bonner silver from nana_sneaker77,adidas samba wale bonner silver
Vento XLG Deluxe adidas...,,2,1g9wbxv,replicasneakers,https://v.redd.it/menxxi677ewd1,0,2024-10-22 23:30:52,Reddit,Vento XLG Deluxe adidas...,vento xlg deluxe adidas
Adidas backpack - 25 years old!,"I remember buying this Adidas backpack back in the early 2000s. It's been 25 years and this bag is still alive! 

I use it almost everyday. Got it's front bag zipper replaced 3 or 4 times, the inner waterproof layer near the top area is a bit torn and that's all. 

The tag says;

Production date: 9905 (I assume this means MAY 1999)

Art no. 653830

https://preview.redd.it/359z9u9b2hwd1.jpg?width=900&format=pjpg&auto=webp&s=8db4ef3537750034697b9c7587d86699e7ac34c9

https://preview.redd.it/okcglz9c2hwd1.jpg?width=900&format=pjpg&auto=webp&s=b80110f508fe265a1e323eaab5c4ccf917e569e5

",2,1ga64yb,adidas,https://www.reddit.com/r/adidas/comments/1ga64yb/adidas_backpack_25_years_old/,0,2024-10-23 09:11:58,Reddit,"I remember buying this Adidas backpack back in the early 2000s. It's been 25 years and this bag is still alive! 

I use it almost everyday. Got it's front bag zipper replaced 3 or 4 times, the inner waterproof layer near the top area is a bit torn and that's all. 

The tag says;

Production date: 9905 (I assume this means MAY 1999)

Art no. 653830

https://preview.redd.it/359z9u9b2hwd1.jpg?width=900&format=pjpg&auto=webp&s=8db4ef3537750034697b9c7587d86699e7ac34c9

https://preview.redd.it/okcglz9c2hwd1.jpg?width=900&format=pjpg&auto=webp&s=b80110f508fe265a1e323eaab5c4ccf917e569e5

",remember buying adidas backpack back early 2000s 25 year bag still alive use almost everyday got front bag zipper replaced 3 4 time inner waterproof layer near top area bit torn tag say production date 9905 assume mean may 1999 art 653830
Mr.Porter just dropped the Wales Bonner x Adidas ‘Superstar’,I thought i would give yall the heads up 📢 ,2,1gauws1,Sneakers,https://www.reddit.com/gallery/1gauws1,3,2024-10-24 04:59:39,Reddit,I thought i would give yall the heads up 📢 ,thought would give yall head
My pair of Adidas Busenitz pro 🤎,"Black with brown stripes, love these shoes ",19,1g9ykby,adidas,https://i.redd.it/xjnl3iqoqewd1.jpeg,5,2024-10-23 01:19:30,Reddit,"Black with brown stripes, love these shoes ",black brown stripe love shoe
Crosby and Tavares wearing Adidas jerseys without the logo promoting CCM Tacks 652 ,,174,1gagiy0,hockeyjerseys,https://www.reddit.com/gallery/1gagiy0,31,2024-10-23 17:38:46,Reddit,Crosby and Tavares wearing Adidas jerseys without the logo promoting CCM Tacks 652 ,crosby tavares wearing adidas jersey without logo promoting ccm tack 652
New Adidas slides 🛝 for my trippy hippie stoner feet! ✌️ ☮️ ,,18,1garoh1,flipflopfeet,https://www.reddit.com/gallery/1garoh1,0,2024-10-24 01:59:21,Reddit,New Adidas slides 🛝 for my trippy hippie stoner feet! ✌️ ☮️ ,new adidas slide trippy hippie stoner foot
"Adidas VL Court 3.0 white, leather or synthetic upper?","Does the Adidas VL Court 3.0 white, mens trainers have leather or synthetic uppers? Finding conflicting information online. Thanks.",6,1gao28r,adidas,https://i.redd.it/98rcrvnh7lwd1.png,3,2024-10-23 23:04:22,Reddit,"Does the Adidas VL Court 3.0 white, mens trainers have leather or synthetic uppers? Finding conflicting information online. Thanks.",adidas vl court 3 0 white men trainer leather synthetic upper finding conflicting information online thanks
Which one is better adidas ultraboost vs 4dfwd,I want sports shoes for gym and normal daily wear which one should I prefer ?,16,1ga381c,SneakersIndia,https://www.reddit.com/gallery/1ga381c,6,2024-10-23 05:40:58,Reddit,I want sports shoes for gym and normal daily wear which one should I prefer ?,want sport shoe gym normal daily wear one prefer
Could anyone help ID these adidas football boots?,"https://preview.redd.it/mh7jfxey8iwd1.jpg?width=2268&format=pjpg&auto=webp&s=04d7f7f3b0d137324fd4fdf199efb1dfc95aa427

I vaguely remember having them at school but as you can see they're barely worn and was wondering if they are worth selling or donating?",3,1gaa5s0,bootroom,https://www.reddit.com/r/bootroom/comments/1gaa5s0/could_anyone_help_id_these_adidas_football_boots/,3,2024-10-23 13:09:22,Reddit,"https://preview.redd.it/mh7jfxey8iwd1.jpg?width=2268&format=pjpg&auto=webp&s=04d7f7f3b0d137324fd4fdf199efb1dfc95aa427

I vaguely remember having them at school but as you can see they're barely worn and was wondering if they are worth selling or donating?",vaguely remember school see barely worn wondering worth selling donating
40% off adidas Blue Jackets Home Primegreen Authentic Jerseys at Fanatics ,,1,1gavj8u,BlueJackets,https://fanatics.com.im/columbus-blue-jackets-adidas-home-primegreen,0,2024-10-24 05:40:27,Reddit,40% off adidas Blue Jackets Home Primegreen Authentic Jerseys at Fanatics ,40 adidas blue jacket home primegreen authentic jersey fanatic
F50 adidas boots 300CNY,"Do these look legit or should I just return them 

stylerr.x.yupoo.com",5,1g9gc82,FashionReps,https://v.redd.it/mfle4vcorawd1,3,2024-10-22 11:57:57,Reddit,"Do these look legit or should I just return them 

stylerr.x.yupoo.com",look legit return stylerr x yupoo com
[Collection] Adidas Samba Wales Bonner silver from nana_sneaker77,,7,1gaazal,repplugs,https://www.reddit.com/gallery/1gaazal,1,2024-10-23 13:47:37,Reddit,[Collection] Adidas Samba Wales Bonner silver from nana_sneaker77,collection adidas samba wale bonner silver
[Collection] Adidas Samba Wales Bonner silver from nana_sneaker77,,6,1gaazwb,RepHeads,https://www.reddit.com/gallery/1gaazwb,2,2024-10-23 13:48:22,Reddit,[Collection] Adidas Samba Wales Bonner silver from nana_sneaker77,collection adidas samba wale bonner silver
[Collection] Adidas Samba Wales Bonner silver from nana_sneaker77,,7,1gaayre,RepSneakerFans,https://www.reddit.com/gallery/1gaayre,3,2024-10-23 13:46:55,Reddit,[Collection] Adidas Samba Wales Bonner silver from nana_sneaker77,collection adidas samba wale bonner silver
[Collection] Adidas Samba Wales Bonner silver from nana_sneaker77,,6,1gaay3q,sneakerreps,https://www.reddit.com/gallery/1gaay3q,2,2024-10-23 13:46:00,Reddit,[Collection] Adidas Samba Wales Bonner silver from nana_sneaker77,collection adidas samba wale bonner silver
Close prediction of the Adidas Liverpool 25-26 home kit from Footy Headlines and lfcdzn11,,556,1ga9b7j,LiverpoolFC,https://i.redd.it/ekgzvvjoyhwd1.jpeg,243,2024-10-23 12:28:05,Reddit,Close prediction of the Adidas Liverpool 25-26 home kit from Footy Headlines and lfcdzn11,close prediction adidas liverpool 25 26 home kit footy headline lfcdzn11
Vegetarian Phryge sign at Adidas Arena ,,202,1g95pbp,phryge,https://i.redd.it/j9web6ltf7wd1.jpeg,11,2024-10-22 00:46:40,Reddit,Vegetarian Phryge sign at Adidas Arena ,vegetarian phryge sign adidas arena
First Adidas pair ! ❤️ ,,43,1g9958a,SneakersIndia,https://i.redd.it/nryf7aixb8wd1.jpeg,1,2024-10-22 03:46:07,Reddit,First Adidas pair ! ❤️ ,first adidas pair
54% off Nashville SC adidas Man in Black Authentic Kits at Fanatics ,,3,1gavoii,NashvilleSC,https://fanatics.com.im/nashville-sc-adidas-2023-man-in-black-mls,0,2024-10-24 05:50:39,Reddit,54% off Nashville SC adidas Man in Black Authentic Kits at Fanatics ,54 nashville sc adidas man black authentic kit fanatic
Anthony Edwards takes a lie detector test in new ad with Adidas,,450,1g9vkgz,nba,https://streamable.com/xqccr0,94,2024-10-22 22:55:33,Reddit,Anthony Edwards takes a lie detector test in new ad with Adidas,anthony edward take lie detector test new ad adidas
Wales Bonner’s Next adidas Capsule Goes Heavy On Crocskin,,3,1gaf4pg,Sneakers,https://adidas.com.lc/wales-bonner-superstar-shoes,0,2024-10-23 16:42:03,Reddit,Wales Bonner’s Next adidas Capsule Goes Heavy On Crocskin,wale bonner next adidas capsule go heavy crocskin
Bad Bunny Gazelles and Jabber Low sizing comparisons to other popular Adidas models. ,"I was asked how the Bad Bunny Gazelles and the Jabber Lows fit especially in comparison to other adidas models in my past posts. All shoes are size 9 as that’s my usual size beside from Yeezys, Converse, Puma Suede. Pictured from the Bad Bunnys to the left are: 

Superstars - Fv2831 US 9/ UK 8.5 / FR 42 2/3
Jabber Low
Adilette Clogs -FY8970 US 9 / FR 43
Adilette 22
Stan Smiths 
Ultraboost DNA x Lego Colo - H67955
Samba Vegans - H01877
Gazelles 

Overall, I feel like they fit similarly to Stan Smiths (in terms of length), but the Bad Bunny Gazelles fit wider. For both models, I had to lace up the right shoe completely to get a tighter fit because my right foot fits more of a 8.5-9 as supposed to my left foot that fits 9-9.5. I’d personally recommend going with your usual size. ",17,1gal58a,adidas,https://www.reddit.com/gallery/1gal58a,6,2024-10-23 20:56:05,Reddit,"I was asked how the Bad Bunny Gazelles and the Jabber Lows fit especially in comparison to other adidas models in my past posts. All shoes are size 9 as that’s my usual size beside from Yeezys, Converse, Puma Suede. Pictured from the Bad Bunnys to the left are: 

Superstars - Fv2831 US 9/ UK 8.5 / FR 42 2/3
Jabber Low
Adilette Clogs -FY8970 US 9 / FR 43
Adilette 22
Stan Smiths 
Ultraboost DNA x Lego Colo - H67955
Samba Vegans - H01877
Gazelles 

Overall, I feel like they fit similarly to Stan Smiths (in terms of length), but the Bad Bunny Gazelles fit wider. For both models, I had to lace up the right shoe completely to get a tighter fit because my right foot fits more of a 8.5-9 as supposed to my left foot that fits 9-9.5. I’d personally recommend going with your usual size. ",asked bad bunny gazelle jabber low fit especially comparison adidas model past post shoe size 9 usual size beside yeezys converse puma suede pictured bad bunny left superstar fv2831 u 9 uk 8 5 fr 42 2 3 jabber low adilette clog fy8970 u 9 fr 43 adilette 22 stan smith ultraboost dna x lego colo h67955 samba vegan h01877 gazelle overall feel like fit similarly stan smith term length bad bunny gazelle fit wider model lace right shoe completely get tighter fit right foot fit 8 5 9 supposed left foot fit 9 9 5 personally recommend going usual size
Giveaway de cupom Adidas!,"Vou lançar 3 cupons de 15% de desconto na adidas aqui para vocês!

Como eles funcionam: não é cumulativo, se uma peça tá 25% vc add o cupom, fica apenas o desconto do cupom, e se aplica ao carrinho inteiro ao invés de 1 peça (então reúne os parceiro e faz um haul pra todo mundo pegar desconto kkkkkk)

Como você pode ganhar: me siga comenta compartilha me add no discord me lança 5 no pix me passa teu cpf número do cartao com os 3 dígitos deliciosos da parte de trás!

PORRA NENHUMA!!!!! Só comenta o que você pretende comprar com o cupomzera!",12,1g91v35,SneakersBrasil,https://i.redd.it/fq4vn56ck6wd1.jpeg,16,2024-10-21 21:49:40,Reddit,"Vou lançar 3 cupons de 15% de desconto na adidas aqui para vocês!

Como eles funcionam: não é cumulativo, se uma peça tá 25% vc add o cupom, fica apenas o desconto do cupom, e se aplica ao carrinho inteiro ao invés de 1 peça (então reúne os parceiro e faz um haul pra todo mundo pegar desconto kkkkkk)

Como você pode ganhar: me siga comenta compartilha me add no discord me lança 5 no pix me passa teu cpf número do cartao com os 3 dígitos deliciosos da parte de trás!

PORRA NENHUMA!!!!! Só comenta o que você pretende comprar com o cupomzera!",vou lançar 3 cupons de 15 de desconto na adidas aqui para vocês como eles funcionam não é cumulativo se uma peça tá 25 vc add cupom fica apenas desconto cupom e se aplica ao carrinho inteiro ao invés de 1 peça então reúne o parceiro e faz um haul pra todo mundo pegar desconto kkkkkk como você pode ganhar siga comenta compartilha add discord lança 5 pix passa teu cpf número cartao com o 3 dígitos deliciosos da parte de trás porra nenhuma só comenta que você pretende comprar com cupomzera
Adidas Boston 12 ou vomero 17?,"Olá boa tarde eu estou na dúvida de qual tênis usar para corrida, eu havia comprado o Boston 12 mas recentemente um amigo me presenteou com um vomero 17 alguém sabe qual seria a melhor opção? Intercalar seria uma boa?",3,1g9m3nw,Corrida,https://www.reddit.com/r/Corrida/comments/1g9m3nw/adidas_boston_12_ou_vomero_17/,5,2024-10-22 16:18:25,Reddit,"Olá boa tarde eu estou na dúvida de qual tênis usar para corrida, eu havia comprado o Boston 12 mas recentemente um amigo me presenteou com um vomero 17 alguém sabe qual seria a melhor opção? Intercalar seria uma boa?",olá boa tarde eu estou na dúvida de qual tênis usar para corrida eu havia comprado boston 12 ma recentemente um amigo presenteou com um vomero 17 alguém sabe qual seria melhor opção intercalar seria uma boa
PT Batch - 159¥ - Adidas Campus 00S - 11colour,,2,1ga86yj,1to1reps,https://weidian.com/item.html?itemID=7239021769&spider_token=ae19,1,2024-10-23 11:29:08,Reddit,PT Batch - 159¥ - Adidas Campus 00S - 11colour,pt batch 159 adidas campus 00s 11colour
When was the last time adidas had a stacked month of lineups?,,19,1ga45jv,adidas,https://www.reddit.com/gallery/1ga45jv,7,2024-10-23 06:46:25,Reddit,When was the last time adidas had a stacked month of lineups?,last time adidas stacked month lineup
I've only bought Adidas for about 8 years,Found these on sale for 55 bucks after watching a Rose Anvil video gonna try them out at work tonight!,11,1g9kj1l,Newbalance,https://i.redd.it/sl3p2lqfqbwd1.png,3,2024-10-22 15:12:45,Reddit,Found these on sale for 55 bucks after watching a Rose Anvil video gonna try them out at work tonight!,found sale 55 buck watching rose anvil video gonna try work tonight
"Get Extra 40% Off at Adidas with code ""ADIDAS40""",,2,1ga2ng5,Extradeals,https://link.mypremiumoutlet.com/nd3f,0,2024-10-23 05:05:10,Reddit,"Get Extra 40% Off at Adidas with code ""ADIDAS40""",get extra 40 adidas code adidas40
David De Gea with Adidas Prototypes?,"Saw some photos of david de gea not wearing his typical predators. It could be a new sponsorship, or the expiry of one with adidas, but the close-up photo shows the fabric with the typical texture that adidas used in the last 2 models of their gloves. ",21,1g95658,GoalKeepers,https://www.reddit.com/gallery/1g95658,10,2024-10-22 00:23:22,Reddit,"Saw some photos of david de gea not wearing his typical predators. It could be a new sponsorship, or the expiry of one with adidas, but the close-up photo shows the fabric with the typical texture that adidas used in the last 2 models of their gloves. ",saw photo david de gea wearing typical predator could new sponsorship expiry one adidas close photo show fabric typical texture adidas used last 2 model glove
Adidas will still be selling Yeezys smh but not a discounted price 😭😭,,2,1gamipy,yeezy,https://youtu.be/WriE-EKSI1U?si=2BzcowIhnQmEQ0jn,8,2024-10-23 21:54:27,Reddit,Adidas will still be selling Yeezys smh but not a discounted price 😭😭,adidas still selling yeezys smh discounted price
"[WTS-AR] Adidas Adios Pro 3, 11.5","Shipping from Northwest Arkansas, asking $150 via Venmo, PayPal F&F, or cashapp!

Only 25 miles on these, still a ton of life left!

Men’s size 11.5- PM me any questions! ",3,1g9swi3,therunningrack,https://www.reddit.com/gallery/1g9swi3,3,2024-10-22 20:57:53,Reddit,"Shipping from Northwest Arkansas, asking $150 via Venmo, PayPal F&F, or cashapp!

Only 25 miles on these, still a ton of life left!

Men’s size 11.5- PM me any questions! ",shipping northwest arkansas asking 150 via venmo paypal f f cashapp 25 mile still ton life left men size 11 5 pm question
Rutgers sports no longer under contract with Adidas; is Nike deal next?,,51,1g9xt1u,CollegeBasketball,https://www.app.com/story/sports/college/rutgers/2024/10/22/rutgers-sports-no-longer-under-contract-with-adidas-nike-deal-next/75563806007/,21,2024-10-23 00:42:15,Reddit,Rutgers sports no longer under contract with Adidas; is Nike deal next?,rutgers sport longer contract adidas nike deal next
Adidas 2-Pack Men's Full-Zip Jacket $63,,5,1g9m7pz,DailyRedditDeals,https://www.adidas.com/us/provisional-full-zip-jacket/HF9187.html,1,2024-10-22 16:22:57,Reddit,Adidas 2-Pack Men's Full-Zip Jacket $63,adidas 2 pack men full zip jacket 63
Gum Bottom Trainers - New Balance 1010 vs. Kangaroos Ultralite 2 vs. Adidas Predator Mundial ,,10,1gagx7g,moresneakers,https://i.redd.it/h33phmg9ojwd1.jpeg,1,2024-10-23 17:54:51,Reddit,Gum Bottom Trainers - New Balance 1010 vs. Kangaroos Ultralite 2 vs. Adidas Predator Mundial ,gum bottom trainer new balance 1010 v kangaroo ultralite 2 v adidas predator mundial
Adidas Spzl FC Aberdeen Collab,"Also Leeds and Notts Forest, but look how sexy that Aberdeen set is. Phwoar!

Perfect for horny cumball ",18,1g8vdzh,ScottishFootball,https://www.soccerbible.com/lifestyle/clothing/2024/10/adidas-spzl-fc-presents-club-specific-capsules-for-aberdeen-nottingham-forest-leeds-united/,20,2024-10-21 17:27:06,Reddit,"Also Leeds and Notts Forest, but look how sexy that Aberdeen set is. Phwoar!

Perfect for horny cumball ",also leeds notts forest look sexy aberdeen set phwoar perfect horny cumball
"Get Extra 40% Off at Adidas with code ""ADIDAS40""",,2,1g9x1kl,Extradeals,https://link.mypremiumoutlet.com/nd3f,0,2024-10-23 00:05:10,Reddit,"Get Extra 40% Off at Adidas with code ""ADIDAS40""",get extra 40 adidas code adidas40
Liverpool expect to make more than £60m a year from new Adidas kit deal | Liverpool,,770,1g9mt8c,LiverpoolFC,https://www.theguardian.com/football/2024/oct/22/liverpool-leipzig-slot-adidas-kit-deal,187,2024-10-22 16:47:36,Reddit,Liverpool expect to make more than £60m a year from new Adidas kit deal | Liverpool,liverpool expect make 60m year new adidas kit deal liverpool
7 pairs of adidas Handball Spezial change daily a week!,,13,1g9gnx0,Repsneakers,https://www.reddit.com/gallery/1g9gnx0,6,2024-10-22 12:14:43,Reddit,7 pairs of adidas Handball Spezial change daily a week!,7 pair adidas handball spezial change daily week
Selling my sister's barely used Adidas NMD,"Hellooo! Helping my little sister declutter and posting this barely used Adidas NMD of hers for 900 nalang! No more box, but was bought in Malaysia pa, and less than 10x niya lang nagamit to huhu. 

Size 5 and a half US (see pic)

MOP: Gcash 

Shipping by Lalamove from Q.C",2,1g9deic,classifiedsph,https://www.reddit.com/gallery/1g9deic,1,2024-10-22 08:38:49,Reddit,"Hellooo! Helping my little sister declutter and posting this barely used Adidas NMD of hers for 900 nalang! No more box, but was bought in Malaysia pa, and less than 10x niya lang nagamit to huhu. 

Size 5 and a half US (see pic)

MOP: Gcash 

Shipping by Lalamove from Q.C",hellooo helping little sister declutter posting barely used adidas nmd 900 nalang box bought malaysia pa less 10x niya lang nagamit huhu size 5 half u see pic mop gcash shipping lalamove q c
adidas x Wales Bonner FW24: Street Style & Hip Hop - sneakerize.gr,,2,1ga7fu2,SneakerizeGR,https://sneakerize.gr/adidas-x-wales-bonner-fw24-street-style-hip-hop/,0,2024-10-23 10:42:29,Reddit,adidas x Wales Bonner FW24: Street Style & Hip Hop - sneakerize.gr,adidas x wale bonner fw24 street style hip hop sneakerize gr
Novo acordo do Liverpool com a Adidas deve render mais de £60 milhões por temporada,,6,1gab045,futebol,https://liverpool-brasil.com/novo-acordo-do-liverpool-com-a-adidas-deve-render-mais-de-60-milhoes-por-temporada,3,2024-10-23 13:48:38,Reddit,Novo acordo do Liverpool com a Adidas deve render mais de £60 milhões por temporada,novo acordo liverpool com adidas deve render mais de 60 milhões por temporada
Retro Adidas?,"Hello. I have this Adidas windbreaker in my closet that I bought 6 years ago at a Vintage store. It often sells non-vintage things too. Considering reselling it but I can't find good examples of what decade it is from and what the approximate value would be. Maybe theres any Adidas Vintage experts here? My only GoogleLense search result suggested it's from the 90's.

Thanx a lot",11,1g84afd,adidas,https://www.reddit.com/gallery/1g84afd,4,2024-10-20 17:39:57,Reddit,"Hello. I have this Adidas windbreaker in my closet that I bought 6 years ago at a Vintage store. It often sells non-vintage things too. Considering reselling it but I can't find good examples of what decade it is from and what the approximate value would be. Maybe theres any Adidas Vintage experts here? My only GoogleLense search result suggested it's from the 90's.

Thanx a lot",hello adidas windbreaker closet bought 6 year ago vintage store often sell non vintage thing considering reselling find good example decade approximate value would maybe there adidas vintage expert googlelense search result suggested 90 thanx lot
Adidas Fingersaves Predator Pro ever loosen up?,I went on keeper glove buying frenzy and Predator Pro Fingersaves half off were at a bare minimum something I wanted to try. Mainly because of the strapless fit and the sick look. I’ve also been a player who prefers some level of finger protection. Not so much for stubs but for being stepped on in indoor. The Predator Fingersaves take it to another level. They are crazy hard and don’t flex nearly as well as other ones. To close the glove all the way is legit tiring. You could knock someone out with these. Anyway…will they eventually break in and loosen up or are they designed to really keep your hands open?,14,1g8zmsu,GoalKeepers,https://i.redd.it/l4tq9bfv36wd1.jpeg,14,2024-10-21 20:17:23,Reddit,I went on keeper glove buying frenzy and Predator Pro Fingersaves half off were at a bare minimum something I wanted to try. Mainly because of the strapless fit and the sick look. I’ve also been a player who prefers some level of finger protection. Not so much for stubs but for being stepped on in indoor. The Predator Fingersaves take it to another level. They are crazy hard and don’t flex nearly as well as other ones. To close the glove all the way is legit tiring. You could knock someone out with these. Anyway…will they eventually break in and loosen up or are they designed to really keep your hands open?,went keeper glove buying frenzy predator pro fingersaves half bare minimum something wanted try mainly strapless fit sick look also player prefers level finger protection much stub stepped indoor predator fingersaves take another level crazy hard flex nearly well one close glove way legit tiring could knock someone anyway eventually break loosen designed really keep hand open
I made the Korn x ADIDAS Red Striped Tracksuit in Roblox,"[https:\/\/www.roblox.com\/catalog\/80060409429750\/Korn-x-ADIDAS-Red-Striped-Tracksuit](https://preview.redd.it/a9sjsfippdwd1.png?width=420&format=png&auto=webp&s=8dbc8d2bcd09c9d9b741edb078467e56bdfdcb51)

[Reference](https://preview.redd.it/77p0sdhrpdwd1.png?width=640&format=png&auto=webp&s=5b7115e54988e425ba61f90ce7aaf968acb5bd38)

[https://www.roblox.com/catalog/80060409429750/Korn-x-ADIDAS-Red-Striped-Tracksuit](https://www.roblox.com/catalog/80060409429750/Korn-x-ADIDAS-Red-Striped-Tracksuit)",3,1g9u6ov,Korn,https://www.reddit.com/r/Korn/comments/1g9u6ov/i_made_the_korn_x_adidas_red_striped_tracksuit_in/,0,2024-10-22 21:52:50,Reddit,"[https:\/\/www.roblox.com\/catalog\/80060409429750\/Korn-x-ADIDAS-Red-Striped-Tracksuit](https://preview.redd.it/a9sjsfippdwd1.png?width=420&format=png&auto=webp&s=8dbc8d2bcd09c9d9b741edb078467e56bdfdcb51)

[Reference](https://preview.redd.it/77p0sdhrpdwd1.png?width=640&format=png&auto=webp&s=5b7115e54988e425ba61f90ce7aaf968acb5bd38)

[https://www.roblox.com/catalog/80060409429750/Korn-x-ADIDAS-Red-Striped-Tracksuit](https://www.roblox.com/catalog/80060409429750/Korn-x-ADIDAS-Red-Striped-Tracksuit)",reference
Adidas x Korn,Does anyone have a rough estimate on how much the new korn superstar shoes are gonna cost CAD?,7,1g8azmn,Korn,https://www.reddit.com/r/Korn/comments/1g8azmn/adidas_x_korn/,6,2024-10-20 22:33:00,Reddit,Does anyone have a rough estimate on how much the new korn superstar shoes are gonna cost CAD?,anyone rough estimate much new korn superstar shoe gonna cost cad
"Adidas Tubular Instinct Boost, comfortable casual beaters 👟",,28,1g8x226,Sneakers,https://i.redd.it/rbmqb143l5wd1.jpeg,6,2024-10-21 18:34:01,Reddit,"Adidas Tubular Instinct Boost, comfortable casual beaters 👟",adidas tubular instinct boost comfortable casual beater
Adidas vs Top Ten ITF sparring gear,"I'm looking to buy a new pair of gloves and boots for ITF sparring. I definitely want higher quality gear to upgrade from my previous cheap foam gear.

I have narrowed it down to the Adidas pro semi-contact kickboxing gloves/boots or the Top Ten superfight gloves/boots. I know Top Ten is the more well known brand in ITF but the adidas gear just stands out in terms of design and style.

I haven't found many reviews on either so any input is much appreciated, or any other gear recommendations. ",5,1g9336c,taekwondo,https://www.reddit.com/r/taekwondo/comments/1g9336c/adidas_vs_top_ten_itf_sparring_gear/,5,2024-10-21 22:43:48,Reddit,"I'm looking to buy a new pair of gloves and boots for ITF sparring. I definitely want higher quality gear to upgrade from my previous cheap foam gear.

I have narrowed it down to the Adidas pro semi-contact kickboxing gloves/boots or the Top Ten superfight gloves/boots. I know Top Ten is the more well known brand in ITF but the adidas gear just stands out in terms of design and style.

I haven't found many reviews on either so any input is much appreciated, or any other gear recommendations. ",looking buy new pair glove boot itf sparring definitely want higher quality gear upgrade previous cheap foam gear narrowed adidas pro semi contact kickboxing glove boot top ten superfight glove boot know top ten well known brand itf adidas gear stand term design style found many review either input much appreciated gear recommendation
40% off Ducks adidas Home Authentic Jerseys at Fanatics,,7,1g99p0g,AnaheimDucks,https://fanatics.com.im/anaheim-ducks-adidas-mens-home-authentic-jersey,2,2024-10-22 04:17:15,Reddit,40% off Ducks adidas Home Authentic Jerseys at Fanatics,40 duck adidas home authentic jersey fanatic
Bad Bunny x Messi x Adidas Gazelle Indoor,,3,1g9a32u,Sneakers,https://adidas.com.lc/bad-bunny-x-messi-gazelle-indoor-shoes,1,2024-10-22 04:41:00,Reddit,Bad Bunny x Messi x Adidas Gazelle Indoor,bad bunny x messi x adidas gazelle indoor
Adidas Men's Tapered Pants $18,,4,1g8lh7g,DailyRedditDeals,https://www.adidas.com/us/team-issue-tapered-pants/HI0707.html,1,2024-10-21 09:20:41,Reddit,Adidas Men's Tapered Pants $18,adidas men tapered pant 18
Liverpool expect to make more than £60m a year from new Adidas kit deal | Liverpool,,133,1g9mtvh,PremierLeague,https://www.theguardian.com/football/2024/oct/22/liverpool-leipzig-slot-adidas-kit-deal,97,2024-10-22 16:48:20,Reddit,Liverpool expect to make more than £60m a year from new Adidas kit deal | Liverpool,liverpool expect make 60m year new adidas kit deal liverpool
Hamcus x Adidas,,82,1g7s14k,TechWear,https://www.reddit.com/gallery/1g7s14k,15,2024-10-20 05:51:46,Reddit,Hamcus x Adidas,hamcus x adidas
W2C Adidas Wales Bonner,,19,1g839mp,FashionReps,https://i.redd.it/5zuodrzwyxvd1.jpeg,2,2024-10-20 16:55:21,Reddit,W2C Adidas Wales Bonner,w2c adidas wale bonner
40% off Golden Knights adidas Home Primegreen Authentic Jerseys at Fanatics ,,20,1g99yi0,goldenknights,https://fanatics.com.im/vegas-golden-knights-adidas-home-primegreen-nhl,0,2024-10-22 04:32:57,Reddit,40% off Golden Knights adidas Home Primegreen Authentic Jerseys at Fanatics ,40 golden knight adidas home primegreen authentic jersey fanatic
"Liverpool expect to make more than £60m a year from a new kit deal with Adidas. Club believe it will bring their kit earnings into line with Arsenal, Manchester City and Chelsea. Man Utd's deal with Adidas remains far ahead at £90m a year.",,110,1g9ntnr,soccer,https://www.theguardian.com/football/2024/oct/22/liverpool-leipzig-slot-adidas-kit-deal,30,2024-10-22 17:28:45,Reddit,"Liverpool expect to make more than £60m a year from a new kit deal with Adidas. Club believe it will bring their kit earnings into line with Arsenal, Manchester City and Chelsea. Man Utd's deal with Adidas remains far ahead at £90m a year.",liverpool expect make 60m year new kit deal adidas club believe bring kit earnings line arsenal manchester city chelsea man utd deal adidas remains far ahead 90m year
"Adidas Spezial range, coming soon in probably very small numbers.",,71,1g8r6w3,LeedsUnited,https://i.redd.it/6tah23uze4wd1.jpeg,40,2024-10-21 14:36:10,Reddit,"Adidas Spezial range, coming soon in probably very small numbers.",adidas spezial range coming soon probably small number
Korn x Adidas,"Hey guys! I just bought the black/red track pants from aboutyou.com and the long/short sleeve tshirt from farfetch.com

I dont know why some of the things are already for sale.

Happy hunting 🖤",2,1g87iul,Korn,https://www.reddit.com/r/Korn/comments/1g87iul/korn_x_adidas/,4,2024-10-20 19:58:13,Reddit,"Hey guys! I just bought the black/red track pants from aboutyou.com and the long/short sleeve tshirt from farfetch.com

I dont know why some of the things are already for sale.

Happy hunting 🖤",hey guy bought black red track pant aboutyou com long short sleeve tshirt farfetch com dont know thing already sale happy hunting
Are adidas the best sponsors or do they actually do the best sticks,"Weird cause so many pros have them , which I assumed meant they were good, but my friends say adidas are not actually good at making sticks (its not what they primarily do, as opposed to someone like grays, Y1, etc, who specialise in it) they just pay the best sponsor money cause they are super rich 

Thoughts?",6,1g9lh09,Fieldhockey,https://www.reddit.com/r/Fieldhockey/comments/1g9lh09/are_adidas_the_best_sponsors_or_do_they_actually/,8,2024-10-22 15:52:19,Reddit,"Weird cause so many pros have them , which I assumed meant they were good, but my friends say adidas are not actually good at making sticks (its not what they primarily do, as opposed to someone like grays, Y1, etc, who specialise in it) they just pay the best sponsor money cause they are super rich 

Thoughts?",weird cause many pro assumed meant good friend say adidas actually good making stick primarily opposed someone like gray y1 etc specialise pay best sponsor money cause super rich thought
Choose one ! Buying Adidas for running.,,3,1g8m38d,SneakersIndia,https://i.redd.it/edt9ylsp23wd1.png,10,2024-10-21 10:05:34,Reddit,Choose one ! Buying Adidas for running.,choose one buying adidas running
"Adidas had to remove their ‘44’ jerseys because they looked like the SS logo, now this. ",,31,1g9gusu,AccidentalRacism,https://i.redd.it/ly00h5j6eawd1.jpeg,8,2024-10-22 12:24:53,Reddit,"Adidas had to remove their ‘44’ jerseys because they looked like the SS logo, now this. ",adidas remove 44 jersey looked like s logo
"[FS] [UK] [EU] [US] [WW] B*lenciaga x Adidas Shorts, A*troworld Cap","PAYPAL INVOICE ONLY

 

TAGGED and TIMESTAMP PIC - [https://imgur.com/a/JLUHvIP](https://imgur.com/a/JLUHvIP)

 

Note - prices do not include shipping, please PM me for a shipping quote and I will calculate the cost, all items will be send fully tracked and insured within 1 working day.

B\*lenciaga x Ad\*das Distressed Denim Shorts – M (32” Waist) - £38 - Great denim blank, complete with branded hardware and back tab and signature stripes either side, raw hem at the leg - [https://imgur.com/a/vXy9G0m](https://imgur.com/a/vXy9G0m)

A\*troworld Cap – One Size - £5 – Nice quality hat, good embroidery - [https://imgur.com/a/iuWLXBC](https://imgur.com/a/iuWLXBC)

Bundle deals welcome, feel free to drop a pm if you have any questions/offers i'll reply asap :)",2,1g9hj7h,FashionRepsBST,https://www.reddit.com/r/FashionRepsBST/comments/1g9hj7h/fs_uk_eu_us_ww_blenciaga_x_adidas_shorts/,1,2024-10-22 12:59:50,Reddit,"PAYPAL INVOICE ONLY

 

TAGGED and TIMESTAMP PIC - [https://imgur.com/a/JLUHvIP](https://imgur.com/a/JLUHvIP)

 

Note - prices do not include shipping, please PM me for a shipping quote and I will calculate the cost, all items will be send fully tracked and insured within 1 working day.

B\*lenciaga x Ad\*das Distressed Denim Shorts – M (32” Waist) - £38 - Great denim blank, complete with branded hardware and back tab and signature stripes either side, raw hem at the leg - [https://imgur.com/a/vXy9G0m](https://imgur.com/a/vXy9G0m)

A\*troworld Cap – One Size - £5 – Nice quality hat, good embroidery - [https://imgur.com/a/iuWLXBC](https://imgur.com/a/iuWLXBC)

Bundle deals welcome, feel free to drop a pm if you have any questions/offers i'll reply asap :)",paypal invoice tagged timestamp pic note price include shipping please pm shipping quote calculate cost item send fully tracked insured within 1 working day b lenciaga x ad da distressed denim short 32 waist 38 great denim blank complete branded hardware back tab signature stripe either side raw hem leg troworld cap one size 5 nice quality hat good embroidery bundle deal welcome feel free drop pm question offer reply asap
adidas Samba Nylon Wales Bonner Dark Brown from IG riastore.wear,,48,1g8rasr,sneakerreps,https://www.reddit.com/gallery/1g8rasr,1,2024-10-21 14:40:54,Reddit,adidas Samba Nylon Wales Bonner Dark Brown from IG riastore.wear,adidas samba nylon wale bonner dark brown ig riastore wear
[Question] How good are the Everlast Protex and/or the Adidas Hybrid 350 gloves?,"Hello All,

I've recently seen these two hybrid gloves that use both laces and velcro. 

Hoe tight can they make your wrist? Do they meet or exceed the Hayabusa T3?

Thanks in advance!",2,1g9opxt,fightgear,https://www.reddit.com/r/fightgear/comments/1g9opxt/question_how_good_are_the_everlast_protex_andor/,3,2024-10-22 18:05:57,Reddit,"Hello All,

I've recently seen these two hybrid gloves that use both laces and velcro. 

Hoe tight can they make your wrist? Do they meet or exceed the Hayabusa T3?

Thanks in advance!",hello recently seen two hybrid glove use lace velcro hoe tight make wrist meet exceed hayabusa t3 thanks advance
Adidas Predator Manias FT,,3,1g81mnk,FashionReps,https://v.redd.it/bixyj9damxvd1,5,2024-10-20 15:44:36,Reddit,Adidas Predator Manias FT,adidas predator mania ft
Bad Bunny & Lionel Messi Team Up for New adidas Collection - sneakerize.gr,,2,1g9mn4p,SneakerizeGR,https://sneakerize.gr/bad-bunny-lionel-messi-team-up-for-new-adidas-collection/,0,2024-10-22 16:40:38,Reddit,Bad Bunny & Lionel Messi Team Up for New adidas Collection - sneakerize.gr,bad bunny lionel messi team new adidas collection sneakerize gr
Liverpool expect to make more than £60m a year from new Adidas kit deal | Liverpool,,7,1g9mt8x,Footballclubfinance,https://www.theguardian.com/football/2024/oct/22/liverpool-leipzig-slot-adidas-kit-deal,1,2024-10-22 16:47:37,Reddit,Liverpool expect to make more than £60m a year from new Adidas kit deal | Liverpool,liverpool expect make 60m year new adidas kit deal liverpool
Bought Adidas Yeezy 500 ,"Bought these recently, they look fantastic. How do you pick the right size for Yeezys? Specifically for foam runners and 450s which I am looking to buy next",6,1g7v80g,SneakersIndia,https://i.redd.it/6vjejx6mvvvd1.jpeg,0,2024-10-20 09:53:18,Reddit,"Bought these recently, they look fantastic. How do you pick the right size for Yeezys? Specifically for foam runners and 450s which I am looking to buy next",bought recently look fantastic pick right size yeezys specifically foam runner 450s looking buy next
35% OFF adidas Men's Run Falcon 5 Sneaker-$42.00,,5,1g8u827,midsoledeals,https://www.amazon.com/shop/keralainfo/photo/amzn1.shoppablemedia.v1.d84fd3c7-8228-406b-8db9-1a3ec66d2569?ref_=aip_sf_photo_spv_ons_mixed_d,1,2024-10-21 16:40:29,Reddit,35% OFF adidas Men's Run Falcon 5 Sneaker-$42.00,35 adidas men run falcon 5 sneaker 42 00
Disappointed with my Adidas Campus !!,I got these from Adidas site during the sale. There are not comfortable as there is a side bump on the shoe silhouette. Even the insole is not cut according to it and bumps at that point. Going to return these. Is this common in the campus shoes ? Or did I somehow get a defective piece ? ,7,1g84k0d,SneakersIndia,https://www.reddit.com/gallery/1g84k0d,7,2024-10-20 17:51:11,Reddit,I got these from Adidas site during the sale. There are not comfortable as there is a side bump on the shoe silhouette. Even the insole is not cut according to it and bumps at that point. Going to return these. Is this common in the campus shoes ? Or did I somehow get a defective piece ? ,got adidas site sale comfortable side bump shoe silhouette even insole cut according bump point going return common campus shoe somehow get defective piece
¥139- 【Special Sale】 - Adidas Original Gazelle -PB Batch,,5,1g8lpdk,1to1reps,https://weidian.com/item.html?itemID=7289206083,1,2024-10-21 09:37:56,Reddit,¥139- 【Special Sale】 - Adidas Original Gazelle -PB Batch,139 special sale adidas original gazelle pb batch
"Turns out this leather jacket is a special one, It got featured in an adidas ph event in my country",,57,1g9k1dc,adidas,https://www.reddit.com/gallery/1g9k1dc,7,2024-10-22 14:52:36,Reddit,"Turns out this leather jacket is a special one, It got featured in an adidas ph event in my country",turn leather jacket special one got featured adidas ph event country
"Athleisure for Men & Women from Nike, Adidas, Oakley & More $16.99 - $44.99",,2,1g9m4vo,DailyRedditDeals,https://sport.woot.com/plus/allbirds-oakley-more-athleisure,0,2024-10-22 16:19:50,Reddit,"Athleisure for Men & Women from Nike, Adidas, Oakley & More $16.99 - $44.99",athleisure men woman nike adidas oakley 16 99 44 99
"END. x ADIDAS ""LAUNDROMAT"" Collection",,14,1g7q2gu,adidas,https://endclothing.com.im/end-x-adidas-laundromat,0,2024-10-20 03:40:24,Reddit,"END. x ADIDAS ""LAUNDROMAT"" Collection",end x adidas laundromat collection
40% off Sabres adidas Home Authentic Jerseys at Fanatics,,36,1g85ydo,sabres,https://fanatics.com.im/buffalo-sabres-adidas-home-authentic-jersey-royal,15,2024-10-20 18:50:38,Reddit,40% off Sabres adidas Home Authentic Jerseys at Fanatics,40 sabre adidas home authentic jersey fanatic
For Sale - Adidas Devils & Islanders,"I have some jerseys for sale!

- Adidas Climalite Devils home red sz 52, new with tags
- Adidas Climalite Devils heritage white sz 52, new with tags
- Adidas Primegreen Islanders RR2.0 blue sz 54, new with tags (has a very small spot on the N, it delivered to me that way)

Asking $125 each + $10 shipping (US only), payment through PayPal Goods & Services.  ",5,1g84l7c,hockeyjerseys,https://www.reddit.com/gallery/1g84l7c,1,2024-10-20 17:52:35,Reddit,"I have some jerseys for sale!

- Adidas Climalite Devils home red sz 52, new with tags
- Adidas Climalite Devils heritage white sz 52, new with tags
- Adidas Primegreen Islanders RR2.0 blue sz 54, new with tags (has a very small spot on the N, it delivered to me that way)

Asking $125 each + $10 shipping (US only), payment through PayPal Goods & Services.  ",jersey sale adidas climalite devil home red sz 52 new tag adidas climalite devil heritage white sz 52 new tag adidas primegreen islander rr2 0 blue sz 54 new tag small spot n delivered way asking 125 10 shipping u payment paypal good service
Adidas Sweatshirt ,"  Hi all, can I get help with the power of internet teamwork. I have an elderly friend who has this particular sweatshirt that she LOVES and would like to get another one (any color, she is partial to bright colour but in the end doesn’t matter to her).  Please do your thing and help her get this, it would make her SO happy! 

   Happy hunting! 

Adidas Sweatshirt 
Size Medium 

",2,1g7fkga,findfashion,https://www.reddit.com/gallery/1g7fkga,3,2024-10-19 18:39:42,Reddit,"  Hi all, can I get help with the power of internet teamwork. I have an elderly friend who has this particular sweatshirt that she LOVES and would like to get another one (any color, she is partial to bright colour but in the end doesn’t matter to her).  Please do your thing and help her get this, it would make her SO happy! 

   Happy hunting! 

Adidas Sweatshirt 
Size Medium 

",hi get help power internet teamwork elderly friend particular sweatshirt love would like get another one color partial bright colour end matter please thing help get would make happy happy hunting adidas sweatshirt size medium
40% off Andrei Vasilevskiy Lightning adidas Home Primegreen Authentic Jerseys at Fanatics ,,31,1g8jyye,TampaBayLightning,https://fanatics.com.im/andrei-vasilevskiy-tampa-bay-lightning-adidas-home,2,2024-10-21 07:21:15,Reddit,40% off Andrei Vasilevskiy Lightning adidas Home Primegreen Authentic Jerseys at Fanatics ,40 andrei vasilevskiy lightning adidas home primegreen authentic jersey fanatic
"Camisa away França Adidas 1998/99, 10 Zidane",,12,1g84jhj,FScollectorsManto12FC,https://www.reddit.com/gallery/1g84jhj,0,2024-10-20 17:50:32,Reddit,"Camisa away França Adidas 1998/99, 10 Zidane",camisa away frança adidas 1998 99 10 zidane
Any vegan shoe alternatives to adidas gazelles?,"I want a new pair of trainers and I really like the kinda suede shoes like gazelles, spezials and ALOHAS but struggling to find a vegan alternative.

",8,1g7wsuf,veganuk,https://www.reddit.com/r/veganuk/comments/1g7wsuf/any_vegan_shoe_alternatives_to_adidas_gazelles/,8,2024-10-20 11:43:11,Reddit,"I want a new pair of trainers and I really like the kinda suede shoes like gazelles, spezials and ALOHAS but struggling to find a vegan alternative.

",want new pair trainer really like kinda suede shoe like gazelle spezials aloha struggling find vegan alternative
40% off Devils adidas Primegreen Authentic Jerseys at Fanatics ,,17,1g85hrp,devils,https://fanatics.com.im/new-jersey-devils-adidas-home-primegreen-jersey,11,2024-10-20 18:31:09,Reddit,40% off Devils adidas Primegreen Authentic Jerseys at Fanatics ,40 devil adidas primegreen authentic jersey fanatic
"RFA batch Adidas Samb , is this a good batch?",,4,1g8j9k7,RepsneakersDogs,https://www.reddit.com/gallery/1g8j9k7,10,2024-10-21 06:27:10,Reddit,"RFA batch Adidas Samb , is this a good batch?",rfa batch adidas samb good batch
40% off Stars adidas Home Primegreen Authentic Jerseys at Fanatics ,,37,1g85vah,DallasStars,https://fanatics.com.im/dallas-stars-adidas-mens-home-primegreen-authentic,4,2024-10-20 18:46:59,Reddit,40% off Stars adidas Home Primegreen Authentic Jerseys at Fanatics ,40 star adidas home primegreen authentic jersey fanatic
Adidas rivalry low for sale,"Size 9 adidaz rivalry available.
Dm if interested.",19,1g7i2x1,SneakerheadsIndia,https://www.reddit.com/gallery/1g7i2x1,17,2024-10-19 20:36:08,Reddit,"Size 9 adidaz rivalry available.
Dm if interested.",size 9 adidaz rivalry available dm interested
Adidas t-shirt,"Hey, that is the name of the t shirt? 

https://preview.redd.it/asb5q6sg2svd1.png?width=614&format=png&auto=webp&s=4725a87e98d18ad80589c95cee79213517887cf4

https://preview.redd.it/idjnt4tg2svd1.png?width=1141&format=png&auto=webp&s=23fa12e4bf7d92b90ce1a0ff1708c9c63d5c8f80

",2,1g7ioez,findfashion,https://www.reddit.com/r/findfashion/comments/1g7ioez/adidas_tshirt/,1,2024-10-19 21:04:35,Reddit,"Hey, that is the name of the t shirt? 

https://preview.redd.it/asb5q6sg2svd1.png?width=614&format=png&auto=webp&s=4725a87e98d18ad80589c95cee79213517887cf4

https://preview.redd.it/idjnt4tg2svd1.png?width=1141&format=png&auto=webp&s=23fa12e4bf7d92b90ce1a0ff1708c9c63d5c8f80

",hey name shirt
Christmas sorted for the divorced das of Notts as Adidas announce Forest themed Spezials,,14,1g8ugg5,nffc,https://x.com/NFFC/status/1847200980628123851,2,2024-10-21 16:50:00,Reddit,Christmas sorted for the divorced das of Notts as Adidas announce Forest themed Spezials,christmas sorted divorced da notts adidas announce forest themed spezials
"Paris, France.  Adidas Arena. See y’all next week",,15,1g84hqk,PedroPeepos,https://i.redd.it/qxqgs16d8yvd1.jpeg,0,2024-10-20 17:48:22,Reddit,"Paris, France.  Adidas Arena. See y’all next week",paris france adidas arena see next week
Unheardof's Next Adidas Rivalry Collab Drops This Month,,2,1g8bk84,adidas,https://www.complex.com/sneakers/a/victor-deng/unheardof-adidas-rivalry-lo-building-bridges-release-daye,0,2024-10-20 23:00:49,Reddit,Unheardof's Next Adidas Rivalry Collab Drops This Month,unheardof next adidas rivalry collab drop month
adidas OFFCL x SNS core white/off white/alumina ON SALE FOR $44.00 (Reg. $110.00),,2,1g9ges6,midsoledeals,https://midsoledeals.com/adidas-offcl-x-sns-core-white-off-white-alumina-on-sale-44-00/,1,2024-10-22 12:01:32,Reddit,adidas OFFCL x SNS core white/off white/alumina ON SALE FOR $44.00 (Reg. $110.00),adidas offcl x sn core white white alumina sale 44 00 reg 110 00
korn x adidas 3rd drop on GOAT,"is GOAT a legit store? I just saw the korn x adidas superstar on GOAT and I've never bought anything from there so I wanna ask if they sell the real items. Also, how long does it usually take for the package to be shipped and delivered? thanks",6,1g7ykp7,Korn,https://www.reddit.com/r/Korn/comments/1g7ykp7/korn_x_adidas_3rd_drop_on_goat/,3,2024-10-20 13:21:46,Reddit,"is GOAT a legit store? I just saw the korn x adidas superstar on GOAT and I've never bought anything from there so I wanna ask if they sell the real items. Also, how long does it usually take for the package to be shipped and delivered? thanks",goat legit store saw korn x adidas superstar goat never bought anything wanna ask sell real item also long usually take package shipped delivered thanks
adidas Yeezy Boost 350 V2 Beluga 2.0 - riastore,,45,1g80cri,sneakerreps,https://www.reddit.com/gallery/1g80cri,1,2024-10-20 14:47:13,Reddit,adidas Yeezy Boost 350 V2 Beluga 2.0 - riastore,adidas yeezy boost 350 v2 beluga 2 0 riastore
anyone have the id on these specfic adidas shirts bladee wore?,"https://preview.redd.it/3ew8hvz6o2wd1.png?width=320&format=png&auto=webp&s=5098016ea265d57050e3a6fdb9e69344e0b5d130

im trying to recreate this fit for halloween",3,1g8l08k,Draingang,https://www.reddit.com/r/Draingang/comments/1g8l08k/anyone_have_the_id_on_these_specfic_adidas_shirts/,0,2024-10-21 08:44:33,Reddit,"https://preview.redd.it/3ew8hvz6o2wd1.png?width=320&format=png&auto=webp&s=5098016ea265d57050e3a6fdb9e69344e0b5d130

im trying to recreate this fit for halloween",im trying recreate fit halloween
What's the deal with Adidas?,I'm confused about Adidas. Do they support Israel or not? I've been finding a bunch of confusing things about this.,3,1g7oekb,BDS,https://www.reddit.com/r/BDS/comments/1g7oekb/whats_the_deal_with_adidas/,1,2024-10-20 02:01:13,Reddit,I'm confused about Adidas. Do they support Israel or not? I've been finding a bunch of confusing things about this.,confused adidas support israel finding bunch confusing thing
All about ADIDAS,,3,1g77w9d,phclassifieds,https://www.reddit.com/gallery/1g77w9d,1,2024-10-19 12:34:26,Reddit,All about ADIDAS,adidas
Does sorare sell IRL football jerseys like adidas with a sorare logo or smthng?,,3,1g8xxgj,Sorare,https://www.reddit.com/r/Sorare/comments/1g8xxgj/does_sorare_sell_irl_football_jerseys_like_adidas/,1,2024-10-21 19:08:57,Reddit,Does sorare sell IRL football jerseys like adidas with a sorare logo or smthng?,sorare sell irl football jersey like adidas sorare logo smthng
Looking for Adidas Originals,,3,1g7e79v,DHgateVip,https://i.redd.it/g97t8wih1rvd1.jpeg,4,2024-10-19 17:37:17,Reddit,Looking for Adidas Originals,looking adidas original
"Puma suede Xl vs Adidas campus 00, vocês iriam em qual?","Já tava pensando em pegar o adidas campus essa próxima semana mas acabei de ver o puma suede xl e achei lindo, mais barato e da p usar melhor com minhas roupas acho, q tenho mt coisa da jordan, Nike etc e n gosto de misturar Nike com adidas. Aí tô nessa, pego o adidas campus por ser lindao e tá no hype ou vou no puma suede xl que é mais versátil e mais barato, porém meu xodó é o adidas",13,1g8agji,SneakersBrasil,https://www.reddit.com/gallery/1g8agji,21,2024-10-20 22:07:52,Reddit,"Já tava pensando em pegar o adidas campus essa próxima semana mas acabei de ver o puma suede xl e achei lindo, mais barato e da p usar melhor com minhas roupas acho, q tenho mt coisa da jordan, Nike etc e n gosto de misturar Nike com adidas. Aí tô nessa, pego o adidas campus por ser lindao e tá no hype ou vou no puma suede xl que é mais versátil e mais barato, porém meu xodó é o adidas",já tava pensando em pegar adidas campus essa próxima semana ma acabei de ver puma suede xl e achei lindo mais barato e da p usar melhor com minhas roupas acho q tenho mt coisa da jordan nike etc e n gosto de misturar nike com adidas aí tô nessa pego adidas campus por ser lindao e tá hype ou vou puma suede xl que é mais versátil e mais barato porém meu xodó é adidas
Adidas Brooklyn nets shorts,"Hi, my friend has a pair of Brooklyn Nets shorts from around 2010. They're his favorite, and he takes them everywhere. However, time has taken its toll, and they're starting to wear out. Can anyone help him find another pair? He's willing to buy them at any price.  ",3,1g79gim,HelpMeFind,https://www.reddit.com/gallery/1g79gim,2,2024-10-19 13:56:03,Reddit,"Hi, my friend has a pair of Brooklyn Nets shorts from around 2010. They're his favorite, and he takes them everywhere. However, time has taken its toll, and they're starting to wear out. Can anyone help him find another pair? He's willing to buy them at any price.  ",hi friend pair brooklyn net short around 2010 favorite take everywhere however time taken toll starting wear anyone help find another pair willing buy price
Adidas ozweego vs Nike Vomero/v2k vs NB 574,"Choose one among these on the basis of design and comfort only. 

I’m leaning towards ozweego but feel vomero look is unmatchable. HELP!

",2,1g85jg6,SneakersIndia,https://www.reddit.com/r/SneakersIndia/comments/1g85jg6/adidas_ozweego_vs_nike_vomerov2k_vs_nb_574/,1,2024-10-20 18:33:00,Reddit,"Choose one among these on the basis of design and comfort only. 

I’m leaning towards ozweego but feel vomero look is unmatchable. HELP!

",choose one among basis design comfort leaning towards ozweego feel vomero look unmatchable help
Adidas Adizero Adios Pro 3 (12.5 mens usa) $130,These shoes are in excellent condition as seen in photos. Minimal miles. $130 shipped in USA,4,1g86cse,therunningrack,https://www.reddit.com/gallery/1g86cse,0,2024-10-20 19:07:36,Reddit,These shoes are in excellent condition as seen in photos. Minimal miles. $130 shipped in USA,shoe excellent condition seen photo minimal mile 130 shipped usa
Adidas festive offers ,,2,1g741cb,SneakersIndia,https://i.redd.it/lck54sa06ovd1.jpeg,0,2024-10-19 07:57:17,Reddit,Adidas festive offers ,adidas festive offer
"Got new shoe for gym! Behold, Adidas Dropset 3.","Got it on Flipkart sale for 4.5k! Didn’t yet use it for gym, but it is comfortable, and not highly cushioned.",7,1g7u4zc,SneakersIndia,https://i.redd.it/rkmyrmwqgvvd1.jpeg,0,2024-10-20 08:29:58,Reddit,"Got it on Flipkart sale for 4.5k! Didn’t yet use it for gym, but it is comfortable, and not highly cushioned.",got flipkart sale 4 5k yet use gym comfortable highly cushioned
Adidas samba/spezial/gazelle,Anyone has a good spreadsheet with adidas shoes? I’m begging,2,1g79dt0,Sugargoo,https://www.reddit.com/r/Sugargoo/comments/1g79dt0/adidas_sambaspezialgazelle/,0,2024-10-19 13:52:04,Reddit,Anyone has a good spreadsheet with adidas shoes? I’m begging,anyone good spreadsheet adidas shoe begging
Weekend Discussion: Adidas running shoes,"Happy weekend!

This is our weekend post where you can give your reviews, tell us what you hated/loved, comparisons between versions, share photos, or ask questions below for everything Adidas!",11,1g75m0a,RunningShoeGeeks,https://www.reddit.com/r/RunningShoeGeeks/comments/1g75m0a/weekend_discussion_adidas_running_shoes/,61,2024-10-19 10:00:44,Reddit,"Happy weekend!

This is our weekend post where you can give your reviews, tell us what you hated/loved, comparisons between versions, share photos, or ask questions below for everything Adidas!",happy weekend weekend post give review tell u hated loved comparison version share photo ask question everything adidas
New Adidas Grand Court 2.0. Love this classic look. ,,4,1g80gy6,Sneakers,https://www.reddit.com/gallery/1g80gy6,0,2024-10-20 14:52:35,Reddit,New Adidas Grand Court 2.0. Love this classic look. ,new adidas grand court 2 0 love classic look
Asics gel excite 10 or Adidas adizero SL running shoes?,"Hello everyone! I am a 5K (sometimes also 10K) runner and I am planning to buy a new pair of running shoes. Asics gel excite 10 or Adidas adizero SL running shoes, what do you think works best? I need budget friendly option that is good… In my country the Adidas Adizero SL model is 50 euros on sale. Thanks in advance.",3,1g7zov6,AskRunningShoeGeeks,https://www.reddit.com/r/AskRunningShoeGeeks/comments/1g7zov6/asics_gel_excite_10_or_adidas_adizero_sl_running/,17,2024-10-20 14:16:24,Reddit,"Hello everyone! I am a 5K (sometimes also 10K) runner and I am planning to buy a new pair of running shoes. Asics gel excite 10 or Adidas adizero SL running shoes, what do you think works best? I need budget friendly option that is good… In my country the Adidas Adizero SL model is 50 euros on sale. Thanks in advance.",hello everyone 5k sometimes also 10k runner planning buy new pair running shoe asics gel excite 10 adidas adizero sl running shoe think work best need budget friendly option good country adidas adizero sl model 50 euro sale thanks advance
is it a good deal at 2.5k?,Bought this Adidas VS Pace 2.0 for 2.5k from Adidas. Absolutely loved this color and comfort is also okayish i would say. What's your view on these.,36,1ga6oj9,SneakersIndia,https://www.reddit.com/gallery/1ga6oj9,12,2024-10-23 09:52:08,Reddit,Bought this Adidas VS Pace 2.0 for 2.5k from Adidas. Absolutely loved this color and comfort is also okayish i would say. What's your view on these.,bought adidas v pace 2 0 2 5k adidas absolutely loved color comfort also okayish would say view
i do not want your shirt omg,"first picture is the search and second is the seller's shop.

i just counted, she posted the red pullover 13 times and the grey shirt 9 times lol. she only did this with the adidas shirt and red pullover.... girl rly wants to sell them huh 💀 ",542,1gan0cg,depoop,https://www.reddit.com/gallery/1gan0cg,21,2024-10-23 22:16:03,Reddit,"first picture is the search and second is the seller's shop.

i just counted, she posted the red pullover 13 times and the grey shirt 9 times lol. she only did this with the adidas shirt and red pullover.... girl rly wants to sell them huh 💀 ",first picture search second seller shop counted posted red pullover 13 time grey shirt 9 time lol adidas shirt red pullover girl rly want sell huh
adidas Yeezy Boost 350 V2 Zebra - WA 8617324276858,,41,1g7e6zq,sneakerreps,https://www.reddit.com/gallery/1g7e6zq,1,2024-10-19 17:36:54,Reddit,adidas Yeezy Boost 350 V2 Zebra - WA 8617324276858,adidas yeezy boost 350 v2 zebra wa 8617324276858
[WTS] Jordan 1 High and Adidas Busenitz size 9.5 $80 each,"Everything obo **low balls will be ignored**

$5 shipping for Con US 

add 4% for invoice

If no condition is listed, it’s worn once. 

DS = dead stock = brand new

NDS = near DS

OG all = includes original box and additional items like laces or hang tags etc. 

Just ask for more pics. Happy to oblige. 

**Please comment before sending a chat.**

**SIZE 9.5**

Adidas Busenitz Crystal White / Shaolin / Gun DS OG all

Jordan 1 Ochre Used 8.9/10 OG all",2,1g8bmv2,sneakermarket,https://www.reddit.com/gallery/1g8bmv2,1,2024-10-20 23:04:15,Reddit,"Everything obo **low balls will be ignored**

$5 shipping for Con US 

add 4% for invoice

If no condition is listed, it’s worn once. 

DS = dead stock = brand new

NDS = near DS

OG all = includes original box and additional items like laces or hang tags etc. 

Just ask for more pics. Happy to oblige. 

**Please comment before sending a chat.**

**SIZE 9.5**

Adidas Busenitz Crystal White / Shaolin / Gun DS OG all

Jordan 1 Ochre Used 8.9/10 OG all",everything obo low ball ignored 5 shipping con u add 4 invoice condition listed worn d dead stock brand new nd near d og includes original box additional item like lace hang tag etc ask pic happy oblige please comment sending chat size 9 5 adidas busenitz crystal white shaolin gun d og jordan 1 ochre used 8 9 10 og
Are these too big? (Adidas Gazelle Bold) ,"I feel like they probably are but i’m torn because this color is sold out EVERYWHERE so it’s not even possible to get a smaller size. 
",2,1g7kko2,adidas,https://i.redd.it/qf7xvsh5jsvd1.jpeg,26,2024-10-19 22:38:05,Reddit,"I feel like they probably are but i’m torn because this color is sold out EVERYWHERE so it’s not even possible to get a smaller size. 
",feel like probably torn color sold everywhere even possible get smaller size
Looking for the Korn Adidas campus 00s in us size 12,,2,1g823iz,DHgateVip,https://www.reddit.com/r/DHgateVip/comments/1g823iz/looking_for_the_korn_adidas_campus_00s_in_us_size/,3,2024-10-20 16:04:58,Reddit,Looking for the Korn Adidas campus 00s in us size 12,looking korn adidas campus 00s u size 12
Does the Lair still have Adidas jerseys?,I'm wondering if the Lair still stocks some Adidas jerseys. See some MiC online that I'd like to pick up in person if possible and one or two customized ones also. ,3,1g7ehkw,SeattleKraken,https://www.reddit.com/r/SeattleKraken/comments/1g7ehkw/does_the_lair_still_have_adidas_jerseys/,6,2024-10-19 17:50:12,Reddit,I'm wondering if the Lair still stocks some Adidas jerseys. See some MiC online that I'd like to pick up in person if possible and one or two customized ones also. ,wondering lair still stock adidas jersey see mic online like pick person possible one two customized one also
Any change Adidas restocks certain Spezial colorways? ,Been eying this pair for the longest but noticed it’s out of stock everywhere for the more “common” sizes. ,3,1g7dxel,Sneakers,https://i.redd.it/1n2qg9z8zqvd1.jpeg,1,2024-10-19 17:24:44,Reddit,Been eying this pair for the longest but noticed it’s out of stock everywhere for the more “common” sizes. ,eying pair longest noticed stock everywhere common size
"[ShopSimon] adidas Men's Mls Travel Pants (Utility Black) $12 + Free Shipping [Deal: $12.00, Actual: $65.00]",,2,1g93rck,RedditShoppingDeals,https://i.redd.it/3qqhm1wkz6wd1.jpeg,1,2024-10-21 23:15:06,Reddit,"[ShopSimon] adidas Men's Mls Travel Pants (Utility Black) $12 + Free Shipping [Deal: $12.00, Actual: $65.00]",shopsimon adidas men ml travel pant utility black 12 free shipping deal 12 00 actual 65 00
"Yall ever think one day Ye will go back to Adidas, rekindle a collaboration with Yeezy and another brand like Gap, rehire Steven Smith, go back with Kim and make nonsecular music again?","Its been on my mind and we know how Ye is when it comes to hating something then coming around to liking it (he used to hate blue than love the blue color for example), do you think he'll ever go back to anything like how it was before 2022?",8,1ga1vit,GoodAssSub,https://www.reddit.com/r/GoodAssSub/comments/1ga1vit/yall_ever_think_one_day_ye_will_go_back_to_adidas/,16,2024-10-23 04:17:19,Reddit,"Its been on my mind and we know how Ye is when it comes to hating something then coming around to liking it (he used to hate blue than love the blue color for example), do you think he'll ever go back to anything like how it was before 2022?",mind know ye come hating something coming around liking used hate blue love blue color example think ever go back anything like 2022
Got these adidas forum lows for 4k from the website...KEEP or PASS??,"What do you think guys ??
",29,1g7vzgs,SneakersIndia,https://i.redd.it/yx17q8zg5wvd1.jpeg,12,2024-10-20 10:48:33,Reddit,"What do you think guys ??
",think guy
25% off adidas Real Madrid Kylian Mbappé 24/25 Home Jerseys (use code OCTOBER),,2,1g8gih2,SoccerJerseys,https://adidas.com.lc/real-madrid-kylian-mbappe-24-25-home-jersey,1,2024-10-21 03:25:10,Reddit,25% off adidas Real Madrid Kylian Mbappé 24/25 Home Jerseys (use code OCTOBER),25 adidas real madrid kylian mbappé 24 25 home jersey use code october
The girlies have spoken - here's our comfiest travel shoes,"A few weeks back I asked for your [recommendations on the comfiest travel shoes you own](https://www.reddit.com/r/beautytalkph/comments/1fu501b/lets_talk_about_the_comfiest_travel_shoes_you_own/). I had some free time today, and I've been teaching myself how to scrape data lol, so I summarised everyone's 500+ responses.

So, here are the results!

The top model: **Adidas Ultraboost** (with **Nike Vomero 5** a close second)

1. Adidas Ultraboost
2. Nike Vomero 5
3. New Balance 530
4. New Balance 327
5. On Cloud 5
6. Skechers Go Walk
7. New Balance 574
8. Onitsuka Tiger Mexico 66
9. On Cloudmonster
10. Adidas Stan Smith

The top brand: **New Balance**

1. New Balance
2. Adidas
3. Nike
4. On
5. Skechers

The top New Balance models:

1. 530
2. 327
3. 574

The top Adidas models:

1. Ultraboost
2. Stan Smith
3. Yeezy

The top Nike models:

1. Vomero 5
2. V2K
3. Motiva

Hope the thread helped anyone looking into getting a new pair! I ended up with something not on the list lol, but this has definitely steered me in the right direction :)",1616,1g96l8p,beautytalkph,https://www.reddit.com/r/beautytalkph/comments/1g96l8p/the_girlies_have_spoken_heres_our_comfiest_travel/,284,2024-10-22 01:32:26,Reddit,"A few weeks back I asked for your [recommendations on the comfiest travel shoes you own](https://www.reddit.com/r/beautytalkph/comments/1fu501b/lets_talk_about_the_comfiest_travel_shoes_you_own/). I had some free time today, and I've been teaching myself how to scrape data lol, so I summarised everyone's 500+ responses.

So, here are the results!

The top model: **Adidas Ultraboost** (with **Nike Vomero 5** a close second)

1. Adidas Ultraboost
2. Nike Vomero 5
3. New Balance 530
4. New Balance 327
5. On Cloud 5
6. Skechers Go Walk
7. New Balance 574
8. Onitsuka Tiger Mexico 66
9. On Cloudmonster
10. Adidas Stan Smith

The top brand: **New Balance**

1. New Balance
2. Adidas
3. Nike
4. On
5. Skechers

The top New Balance models:

1. 530
2. 327
3. 574

The top Adidas models:

1. Ultraboost
2. Stan Smith
3. Yeezy

The top Nike models:

1. Vomero 5
2. V2K
3. Motiva

Hope the thread helped anyone looking into getting a new pair! I ended up with something not on the list lol, but this has definitely steered me in the right direction :)",week back asked recommendation comfiest travel shoe free time today teaching scrape data lol summarised everyone 500 response result top model adidas ultraboost nike vomero 5 close second 1 adidas ultraboost 2 nike vomero 5 3 new balance 530 4 new balance 327 5 cloud 5 6 skechers go walk 7 new balance 574 8 onitsuka tiger mexico 66 9 cloudmonster 10 adidas stan smith top brand new balance 1 new balance 2 adidas 3 nike 4 5 skechers top new balance model 1 530 2 327 3 574 top adidas model 1 ultraboost 2 stan smith 3 yeezy top nike model 1 vomero 5 2 v2k 3 motiva hope thread helped anyone looking getting new pair ended something list lol definitely steered right direction
How do I fix my adidas campus?,left one is damaged as you can see. I splashed it with water and then I panicked. Then i blow dried it (yeah i am dumb). How do I fix this problem?,6,1g78dzq,adidas,https://i.redd.it/zwjb0waznpvd1.jpeg,5,2024-10-19 12:59:48,Reddit,left one is damaged as you can see. I splashed it with water and then I panicked. Then i blow dried it (yeah i am dumb). How do I fix this problem?,left one damaged see splashed water panicked blow dried yeah dumb fix problem
Adidas Gazelles,Picked up these in a new color way for fall,11,1g68rcf,mensfashion,https://www.reddit.com/gallery/1g68rcf,3,2024-10-18 03:15:32,Reddit,Picked up these in a new color way for fall,picked new color way fall
Adidas Firebird Trackjacket,"hi, I'm looking for this jacket. Unfortunately it is no longer available anywhere. Can anyone give me a tip where I can buy exactly this jacket. I don't want a used one from eBay or anything, it should be new. thank you for your help",5,1g6i0bp,adidas,https://i.redd.it/txsh6czonivd1.jpeg,0,2024-10-18 13:25:44,Reddit,"hi, I'm looking for this jacket. Unfortunately it is no longer available anywhere. Can anyone give me a tip where I can buy exactly this jacket. I don't want a used one from eBay or anything, it should be new. thank you for your help",hi looking jacket unfortunately longer available anywhere anyone give tip buy exactly jacket want used one ebay anything new thank help
Mualani x adidas,,1221,1g5m4de,Genshin_Impact,https://www.reddit.com/gallery/1g5m4de,23,2024-10-17 08:27:55,Reddit,Mualani x adidas,mualani x adidas
We found the off brand adidas!,Found this on aliexpress! ,14,1g6w85h,StevenHe,https://i.redd.it/p8nfwiuxrlvd1.jpeg,0,2024-10-18 23:54:52,Reddit,Found this on aliexpress! ,found aliexpress
Seeking: Help Finding Original Adidas/Nike Football & Badminton Gear in Dhaka,"Hey everyone,

I’m looking for some help finding original Adidas and Nike football gear (boots, turfs, jerseys) as well as original badminton gear here in Dhaka. I’ve bought some stuffs from abroad before, but I’m hoping to find reliable local stores or online shops that sell authentic products.

I’m also on the hunt for original Nike or Adidas shoes for sports and daily wear, so if anyone knows where I can get them here in Bangladesh, I’d really appreciate your recommendations!

Thanks in advance for any tips!",3,1g7vsd2,Dhaka,https://www.reddit.com/r/Dhaka/comments/1g7vsd2/seeking_help_finding_original_adidasnike_football/,1,2024-10-20 10:34:28,Reddit,"Hey everyone,

I’m looking for some help finding original Adidas and Nike football gear (boots, turfs, jerseys) as well as original badminton gear here in Dhaka. I’ve bought some stuffs from abroad before, but I’m hoping to find reliable local stores or online shops that sell authentic products.

I’m also on the hunt for original Nike or Adidas shoes for sports and daily wear, so if anyone knows where I can get them here in Bangladesh, I’d really appreciate your recommendations!

Thanks in advance for any tips!",hey everyone looking help finding original adidas nike football gear boot turf jersey well original badminton gear dhaka bought stuff abroad hoping find reliable local store online shop sell authentic product also hunt original nike adidas shoe sport daily wear anyone know get bangladesh really appreciate recommendation thanks advance tip
"[FS][USA] Total Fucking Darkness Bomber Jacket ,Channel Backpack,Balen Total Fucking Darkness Bomber Jacket ,Channel Backpack,vovo Balenciaga Bulldozer,Balenciaga Runner,Prada Rockstar Bag,Balenciaga mud polo,Vetements Ecstasy black t shirt,Balenciaga x Adidas pants,Balenciaga Double Waist Pants ","Hello im trying to sell my wardrobe so im doing a clearance for absolute steals if you pay for the shipping i can ship to EU etc.   
 

 ALL PICS   [https://imgur.com/a/6jvOmMm](https://imgur.com/a/6jvOmMm)

  
Total Fucking Darkness Bomber Jacket  
Size M  
Condition 9/10  
100$  


Channel Backpack  
Condition 10/10  
Price 70$

Balenciaga Bulldozer /vovo/  
Size 44  
Condition 8/10  
110$

Balenciaga Runner graffiti  
Size 44  
Condition 9/10  
90$

Prada Rockstar Bag cyan  
Condition 8/10 two studs are missing in the front but its a very easy fix  
100$

Balenciaga mud polo sleepboy batch  
Size 3  
Condition 9/10  
70$

Vetements Ecstasy black t shirt  
Size XS  
Condition 9/10  
40$

Balenciaga x Adidas Pants  
Size L  
Condition 8/10  
90$

Balenciaga Double Waist sweats  
Size XS  
Condition 9/10   
70$

FOR MORE PICS AND INFO DM ME 





paypal invoice only

  
",4,1gabz11,QualityRepsBST,https://www.reddit.com/r/QualityRepsBST/comments/1gabz11/fsusa_total_fucking_darkness_bomber_jacket/,5,2024-10-23 14:30:58,Reddit,"Hello im trying to sell my wardrobe so im doing a clearance for absolute steals if you pay for the shipping i can ship to EU etc.   
 

 ALL PICS   [https://imgur.com/a/6jvOmMm](https://imgur.com/a/6jvOmMm)

  
Total Fucking Darkness Bomber Jacket  
Size M  
Condition 9/10  
100$  


Channel Backpack  
Condition 10/10  
Price 70$

Balenciaga Bulldozer /vovo/  
Size 44  
Condition 8/10  
110$

Balenciaga Runner graffiti  
Size 44  
Condition 9/10  
90$

Prada Rockstar Bag cyan  
Condition 8/10 two studs are missing in the front but its a very easy fix  
100$

Balenciaga mud polo sleepboy batch  
Size 3  
Condition 9/10  
70$

Vetements Ecstasy black t shirt  
Size XS  
Condition 9/10  
40$

Balenciaga x Adidas Pants  
Size L  
Condition 8/10  
90$

Balenciaga Double Waist sweats  
Size XS  
Condition 9/10   
70$

FOR MORE PICS AND INFO DM ME 





paypal invoice only

  
",hello im trying sell wardrobe im clearance absolute steal pay shipping ship eu etc pic total fucking darkness bomber jacket size condition 9 10 100 channel backpack condition 10 10 price 70 balenciaga bulldozer vovo size 44 condition 8 10 110 balenciaga runner graffiti size 44 condition 9 10 90 prada rockstar bag cyan condition 8 10 two stud missing front easy fix 100 balenciaga mud polo sleepboy batch size 3 condition 9 10 70 vetements ecstasy black shirt size x condition 9 10 40 balenciaga x adidas pant size l condition 8 10 90 balenciaga double waist sweat size x condition 9 10 70 pic info dm paypal invoice
Repost at lower price! Adidas Huberdeau Sz 50 Blasty.,,9,1g79gr2,hockeyjerseys,https://www.reddit.com/gallery/1g79gr2,3,2024-10-19 13:56:23,Reddit,Repost at lower price! Adidas Huberdeau Sz 50 Blasty.,repost lower price adidas huberdeau sz 50 blasty
QC Adidas Samba 27$,https://cnfans.com/product/?shop_type=weidian&id=7259809150&ref=376743,2,1g6osin,FashionReps,https://www.reddit.com/gallery/1g6osin,2,2024-10-18 18:13:36,Reddit,https://cnfans.com/product/?shop_type=weidian&id=7259809150&ref=376743,
¥169 - Adidas Handball Spezial - PT Batch,"w2c: https://weidian.com/item.html?itemID=7243305194

buy link:  https://cnfans.com/product/?shop_type=weidian&id=7243305194&update=true

Merchants provide international direct mail transportation services. Transportation routes can transport goods to various parts of the world.

Distributors and retailers contact me
WeChat : 18000271930  
WhatsApp:+8618000271930",2,1g7c4hr,sneakerreps,https://www.reddit.com/gallery/1g7c4hr,3,2024-10-19 16:02:55,Reddit,"w2c: https://weidian.com/item.html?itemID=7243305194

buy link:  https://cnfans.com/product/?shop_type=weidian&id=7243305194&update=true

Merchants provide international direct mail transportation services. Transportation routes can transport goods to various parts of the world.

Distributors and retailers contact me
WeChat : 18000271930  
WhatsApp:+8618000271930",w2c buy link merchant provide international direct mail transportation service transportation route transport good various part world distributor retailer contact wechat 18000271930 whatsapp 8618000271930
adidas KoRn Campus 2 on 25% sale on stock x ,I ordered mine,6,1g7lp9s,Korn,https://i.redd.it/bdg9qvw7tsvd1.jpeg,0,2024-10-19 23:34:32,Reddit,I ordered mine,ordered mine
adidas,,3,1g5ygsp,WhatsThisShoe,https://i.redd.it/fvdz85626dvd1.png,1,2024-10-17 18:58:00,Reddit,adidas,adidas
Lower Prices!,"
*PRICE DROP* 
Moving on from some of my collection. Lots of super rare and hard to find gems in here. Prices are listed in Canadian dollars (CAD). Shipping is $20 to Canada/USA. Any fees or insurance are the responsibility of the buyer.

Additional Pictures: https://imgur.com/a/HW8LZ4J

Calgary Flames 2001-2004 White - Jarome Iginla #12 - CCM On-Ice Authentic - 56 - $215

Ottawa Senators Classic Alternate - Erik Karlsson #65 - Reebok Edge 2.0 - 52 - $375

Ottawa Senators NHL 100 Classic - Erik Karlsson #65 - Adidas MiC TI (Custo by EPS) - 56 - $425

Vancouver Canucks 2020 All Star Game White - Blank - Adidas Indo-Authentic - 54 - $190

Vancouver Canucks Alternate 50th Season - Alex Edler #23 ""A"" - MiC GW (19/20) - 58 - $1675

Vancouver Canucks Away - Alex Edler #23 - MiC GW (First two games of 2019-20) - 58 - $1000

Vancouver Canucks 2003-2004 NHL Vintage White - Blank (Loose V Patch Included) - CCM Authentic - 56 - $210

Vancouver Canucks Away Wordmark - Pettersson #40 - Adidas MiC TI - 58 - $375

Vancouver Canucks 50th Anniv. 70s Night Warm Up - Ashton Sautner #29 - Adidas MiC TI - 56 - $2750

Vancouver Canucks Black Skate - Kirk McLean #1 (Auto w/ COA) - Reebok EDGE 2.0 - 58 - $325

Vancouver Canucks St. Patty's Day - Ashton Sautner #29 - Adidas MiC GW - 56 - $210",31,1g9mvmv,hockeyjerseys,https://i.redd.it/npta700v7cwd1.jpeg,7,2024-10-22 16:50:25,Reddit,"
*PRICE DROP* 
Moving on from some of my collection. Lots of super rare and hard to find gems in here. Prices are listed in Canadian dollars (CAD). Shipping is $20 to Canada/USA. Any fees or insurance are the responsibility of the buyer.

Additional Pictures: https://imgur.com/a/HW8LZ4J

Calgary Flames 2001-2004 White - Jarome Iginla #12 - CCM On-Ice Authentic - 56 - $215

Ottawa Senators Classic Alternate - Erik Karlsson #65 - Reebok Edge 2.0 - 52 - $375

Ottawa Senators NHL 100 Classic - Erik Karlsson #65 - Adidas MiC TI (Custo by EPS) - 56 - $425

Vancouver Canucks 2020 All Star Game White - Blank - Adidas Indo-Authentic - 54 - $190

Vancouver Canucks Alternate 50th Season - Alex Edler #23 ""A"" - MiC GW (19/20) - 58 - $1675

Vancouver Canucks Away - Alex Edler #23 - MiC GW (First two games of 2019-20) - 58 - $1000

Vancouver Canucks 2003-2004 NHL Vintage White - Blank (Loose V Patch Included) - CCM Authentic - 56 - $210

Vancouver Canucks Away Wordmark - Pettersson #40 - Adidas MiC TI - 58 - $375

Vancouver Canucks 50th Anniv. 70s Night Warm Up - Ashton Sautner #29 - Adidas MiC TI - 56 - $2750

Vancouver Canucks Black Skate - Kirk McLean #1 (Auto w/ COA) - Reebok EDGE 2.0 - 58 - $325

Vancouver Canucks St. Patty's Day - Ashton Sautner #29 - Adidas MiC GW - 56 - $210",price drop moving collection lot super rare hard find gem price listed canadian dollar cad shipping 20 canada usa fee insurance responsibility buyer additional picture calgary flame 2001 2004 white jarome iginla 12 ccm ice authentic 56 215 ottawa senator classic alternate erik karlsson 65 reebok edge 2 0 52 375 ottawa senator nhl 100 classic erik karlsson 65 adidas mic ti custo eps 56 425 vancouver canuck 2020 star game white blank adidas indo authentic 54 190 vancouver canuck alternate 50th season alex edler 23 mic gw 19 20 58 1675 vancouver canuck away alex edler 23 mic gw first two game 2019 20 58 1000 vancouver canuck 2003 2004 nhl vintage white blank loose v patch included ccm authentic 56 210 vancouver canuck away wordmark pettersson 40 adidas mic ti 58 375 vancouver canuck 50th anniv 70 night warm ashton sautner 29 adidas mic ti 56 2750 vancouver canuck black skate kirk mclean 1 auto w coa reebok edge 2 0 58 325 vancouver canuck st patty day ashton sautner 29 adidas mic gw 56 210
Yeezy all gone on Adidas Canada website,Officially not available in Canada anymore.,7,1g6xpo7,yeezys,https://www.reddit.com/r/yeezys/comments/1g6xpo7/yeezy_all_gone_on_adidas_canada_website/,10,2024-10-19 01:11:47,Reddit,Officially not available in Canada anymore.,officially available canada anymore
Worst signing in recent history for your club?,"Jack Rodwell, for me, is undisputedly the worst for Sunderland. Huge wages, poor performances and brazenly stayed when everyone wanted him gone just to collect the wages.  
",364,1ga4v3k,Championship,https://i.redd.it/4gaup3wgmgwd1.jpeg,327,2024-10-23 07:39:25,Reddit,"Jack Rodwell, for me, is undisputedly the worst for Sunderland. Huge wages, poor performances and brazenly stayed when everyone wanted him gone just to collect the wages.  
",jack rodwell undisputedly worst sunderland huge wage poor performance brazenly stayed everyone wanted gone collect wage
New Shoes Day!,"Found these on sale at the Adidas site on sale for $50 plus used a code so I got them for under $40. Hell of a deal! They feel super lightweight and very rigid which I like:) can’t wait to get a spin on them!! Even if they suck it’s hard to pass up a deal like that! They’ve still gotta be better than my ancient Vittoria shoes that are falling apart lol 

",176,1gag4mo,gravelcycling,https://www.reddit.com/gallery/1gag4mo,40,2024-10-23 17:22:32,Reddit,"Found these on sale at the Adidas site on sale for $50 plus used a code so I got them for under $40. Hell of a deal! They feel super lightweight and very rigid which I like:) can’t wait to get a spin on them!! Even if they suck it’s hard to pass up a deal like that! They’ve still gotta be better than my ancient Vittoria shoes that are falling apart lol 

",found sale adidas site sale 50 plus used code got 40 hell deal feel super lightweight rigid like wait get spin even suck hard pas deal like still gotta better ancient vittoria shoe falling apart lol
W2C - adidas Originals Manchester United HalfZip sweatshirt,,3,1g793xf,fashionreps2,https://www.reddit.com/gallery/1g793xf,1,2024-10-19 13:37:42,Reddit,W2C - adidas Originals Manchester United HalfZip sweatshirt,w2c adidas original manchester united halfzip sweatshirt
"[WTS] EVERYTHING $60 obo🔥🔥 Adidas, Yeezy, Nike, Dunks, Jordan sizes 6.5, 9.5 - 10.5","Everything $60 obo **low balls will be ignored**

$5 shipping for Con US 

add 4% for invoice

If no condition is listed, it’s worn once. 

DS = dead stock = brand new

NDS = near DS

OG all = includes original box and additional items like laces or hang tags etc. 

Please comment before sending a chat

**SIZE 6.5**

Jordan 1 low retro OG Chicago Royal to Chicago OG all

**SIZE 9.5**

Jordan 1 Low Retro OG Chicago to Royal NDS box missing lid (I have these in a 6.5m/8w as well)

Adidas Forum Low Black/Yellow/Orange w/ yellow laces NDS box missing lid

Samba OG black/silver NDS OG all

**SIZE 10**

Tyshawn Black NDS OG all

Nike Dunk Low Retro PRM Barely Green used 8.8/10 OG all

Nike Air Safari (2024) used 8/10 OG all

Adidas Forum Low CL Black/White w/ Supreme Laces NDS OG all

**SIZE 10.5**

Yeezy 700 MNVN Resin (custom dyed to greenish) OG all used",3,1g8a7k1,sneakermarket,https://www.reddit.com/gallery/1g8a7k1,1,2024-10-20 21:56:33,Reddit,"Everything $60 obo **low balls will be ignored**

$5 shipping for Con US 

add 4% for invoice

If no condition is listed, it’s worn once. 

DS = dead stock = brand new

NDS = near DS

OG all = includes original box and additional items like laces or hang tags etc. 

Please comment before sending a chat

**SIZE 6.5**

Jordan 1 low retro OG Chicago Royal to Chicago OG all

**SIZE 9.5**

Jordan 1 Low Retro OG Chicago to Royal NDS box missing lid (I have these in a 6.5m/8w as well)

Adidas Forum Low Black/Yellow/Orange w/ yellow laces NDS box missing lid

Samba OG black/silver NDS OG all

**SIZE 10**

Tyshawn Black NDS OG all

Nike Dunk Low Retro PRM Barely Green used 8.8/10 OG all

Nike Air Safari (2024) used 8/10 OG all

Adidas Forum Low CL Black/White w/ Supreme Laces NDS OG all

**SIZE 10.5**

Yeezy 700 MNVN Resin (custom dyed to greenish) OG all used",everything 60 obo low ball ignored 5 shipping con u add 4 invoice condition listed worn d dead stock brand new nd near d og includes original box additional item like lace hang tag etc please comment sending chat size 6 5 jordan 1 low retro og chicago royal chicago og size 9 5 jordan 1 low retro og chicago royal nd box missing lid 6 5m 8w well adidas forum low black yellow orange w yellow lace nd box missing lid samba og black silver nd og size 10 tyshawn black nd og nike dunk low retro prm barely green used 8 8 10 og nike air safari 2024 used 8 10 og adidas forum low cl black white w supreme lace nd og size 10 5 yeezy 700 mnvn resin custom dyed greenish og used
[QC] Today's delivery real shot Whats App +44 7394436984,,23,1gafwsf,CSSBuyfinds,https://www.reddit.com/gallery/1gafwsf,1,2024-10-23 17:13:15,Reddit,[QC] Today's delivery real shot Whats App +44 7394436984,qc today delivery real shot whats app 44 7394436984
Adidas UltraBOOST 1.0 Men's Shoes $96 Retail $190,,3,1g7d9fa,DailyRedditDeals,https://www.champssports.com/product/~/ID9668.html,1,2024-10-19 16:55:17,Reddit,Adidas UltraBOOST 1.0 Men's Shoes $96 Retail $190,adidas ultraboost 1 0 men shoe 96 retail 190
I need more shoe racks 😅,,128,1ga4sts,adidas,https://www.reddit.com/gallery/1ga4sts,66,2024-10-23 07:34:24,Reddit,I need more shoe racks 😅,need shoe rack
Halloween Hound,"Was filming a promo for this silly competition I'm in and had a cute lil spooky look. Not pictured my lil puffer adidas you can check my profile for 360 video view! 
Shirt - HT/Steven Rhodes
Skirt - Wild Fable thrifted 
Socks - thrifted black and white with smiley faces
Bag handmade thrifted from good will and repaired by me c:
Shoes adilette puff or something. In video on profile not pictured. ",11,1gasea1,AltFashion,https://i.redd.it/3f8t8dv99mwd1.jpeg,2,2024-10-24 02:36:09,Reddit,"Was filming a promo for this silly competition I'm in and had a cute lil spooky look. Not pictured my lil puffer adidas you can check my profile for 360 video view! 
Shirt - HT/Steven Rhodes
Skirt - Wild Fable thrifted 
Socks - thrifted black and white with smiley faces
Bag handmade thrifted from good will and repaired by me c:
Shoes adilette puff or something. In video on profile not pictured. ",filming promo silly competition cute lil spooky look pictured lil puffer adidas check profile 360 video view shirt ht steven rhodes skirt wild fable thrifted sock thrifted black white smiley face bag handmade thrifted good repaired c shoe adilette puff something video profile pictured
this goes hard,adidas,2410,1g99no0,GoCommitDie,https://i.redd.it/do8b56k3h8wd1.jpeg,53,2024-10-22 04:15:04,Reddit,adidas,adidas
Shoebacca dropped some new Yeezy pairs including the 950 boots... ,,102,1gahdmu,yeezys,https://i.redd.it/g1a8mssirjwd1.png,39,2024-10-23 18:13:24,Reddit,Shoebacca dropped some new Yeezy pairs including the 950 boots... ,shoebacca dropped new yeezy pair including 950 boot
"👟Tried to draw one adidas logo inside the other one, what do you guys think?",,31,1g7fxhx,toesling,https://i.redd.it/kzxw5r6mfrvd1.jpeg,64,2024-10-19 18:56:29,Reddit,"👟Tried to draw one adidas logo inside the other one, what do you guys think?",tried draw one adidas logo inside one guy think
I have a pair of firsts Adidas Pureboost (2014). Are later versions as comfortable as these ones?,"They are the most comfortable shoes I have ever had and I would buy a new pair but I see that current models look quite different and are way cheaper, so that's why I think they are not as good.

https://preview.redd.it/ru4z95yhgxvd1.png?width=749&format=png&auto=webp&s=d44e7f8258920865b71c5e8589812f596f1d3215",3,1g80xly,Sneakers,https://www.reddit.com/r/Sneakers/comments/1g80xly/i_have_a_pair_of_firsts_adidas_pureboost_2014_are/,1,2024-10-20 15:13:02,Reddit,"They are the most comfortable shoes I have ever had and I would buy a new pair but I see that current models look quite different and are way cheaper, so that's why I think they are not as good.

https://preview.redd.it/ru4z95yhgxvd1.png?width=749&format=png&auto=webp&s=d44e7f8258920865b71c5e8589812f596f1d3215",comfortable shoe ever would buy new pair see current model look quite different way cheaper think good
This is so unfair????,"So as i always do my daily report walk on Vinted, I came across a dude selling reaaaally bad Adidas Yeezy fakes with the worst looking state possible.. Decided to report it to be safe around this help, but it seems lately that Vinted doesn't want these people banned or? 

Genuinely curious why they denied this report for such an obvious reason.",61,1ga7eu1,vinted,https://www.reddit.com/gallery/1ga7eu1,82,2024-10-23 10:40:37,Reddit,"So as i always do my daily report walk on Vinted, I came across a dude selling reaaaally bad Adidas Yeezy fakes with the worst looking state possible.. Decided to report it to be safe around this help, but it seems lately that Vinted doesn't want these people banned or? 

Genuinely curious why they denied this report for such an obvious reason.",always daily report walk vinted came across dude selling reaaaally bad adidas yeezy fake worst looking state possible decided report safe around help seems lately vinted want people banned genuinely curious denied report obvious reason
ADIDAS PUREBOOST 23 (Women's),"Hi!! I'm selling this Original Adidas Pureboost 23 for 3,500 only!!! 
- Size: US 7 (See box picture for more details)
- No flaws / issue. Super comfortable.
- Used twice only for light walking
- RFS: size is too big for me 

Location: Mandaluyong City
--- can do meet up: Shangri-La, MRT Shaw, Megamall, Greenfield District (for interested/sure buyer)

PM if you're interested!!! ",4,1g66g85,classifiedsph,https://www.reddit.com/gallery/1g66g85,2,2024-10-18 01:10:17,Reddit,"Hi!! I'm selling this Original Adidas Pureboost 23 for 3,500 only!!! 
- Size: US 7 (See box picture for more details)
- No flaws / issue. Super comfortable.
- Used twice only for light walking
- RFS: size is too big for me 

Location: Mandaluyong City
--- can do meet up: Shangri-La, MRT Shaw, Megamall, Greenfield District (for interested/sure buyer)

PM if you're interested!!! ",hi selling original adidas pureboost 23 3 500 size u 7 see box picture detail flaw issue super comfortable used twice light walking rf size big location mandaluyong city meet shangri la mrt shaw megamall greenfield district interested sure buyer pm interested
"Diljit's Concert Fit - Shirt: Reserved, Jeans: H&M, Shoes: Adidas",,9,1g74upo,IndianFashionAddicts,https://i.redd.it/aypuy02chovd1.jpeg,8,2024-10-19 09:01:05,Reddit,"Diljit's Concert Fit - Shirt: Reserved, Jeans: H&M, Shoes: Adidas",diljit concert fit shirt reserved jean h shoe adidas
Any ideas on what this shirt is from?,"My grandmother has given me this shirt as a ""collectible"" and for the life of me I cant find where this is from",40,1gabza2,ManchesterUnited,https://i.redd.it/9z2twfpxniwd1.png,45,2024-10-23 14:31:15,Reddit,"My grandmother has given me this shirt as a ""collectible"" and for the life of me I cant find where this is from",grandmother given shirt collectible life cant find
Seating question for people who have been to quarters,"Which side of the adidas arena is the blue side? For example i will be in section G, is that blue or red side?",2,1gajn96,lolesports,https://www.reddit.com/r/lolesports/comments/1gajn96/seating_question_for_people_who_have_been_to/,6,2024-10-23 19:53:33,Reddit,"Which side of the adidas arena is the blue side? For example i will be in section G, is that blue or red side?",side adidas arena blue side example section g blue red side
Primegreen Bergeron for any Bruins fans. ,"Not a bad deal at all. All 3 colors available

[https://shop.nhl.com/boston-bruins/mens-boston-bruins-patrice-bergeron-adidas-cream-alternate-primegreen-authentic-player-jersey/t-25592752+p-8380308251528+z-9-372623779?\_ref=p-SRP:m-GRID:i-r3c2:po-11](https://shop.nhl.com/boston-bruins/mens-boston-bruins-patrice-bergeron-adidas-cream-alternate-primegreen-authentic-player-jersey/t-25592752+p-8380308251528+z-9-372623779?_ref=p-SRP:m-GRID:i-r3c2:po-11)",25,1g9j8h8,hockeyjerseys,https://www.reddit.com/r/hockeyjerseys/comments/1g9j8h8/primegreen_bergeron_for_any_bruins_fans/,12,2024-10-22 14:17:52,Reddit,"Not a bad deal at all. All 3 colors available

[https://shop.nhl.com/boston-bruins/mens-boston-bruins-patrice-bergeron-adidas-cream-alternate-primegreen-authentic-player-jersey/t-25592752+p-8380308251528+z-9-372623779?\_ref=p-SRP:m-GRID:i-r3c2:po-11](https://shop.nhl.com/boston-bruins/mens-boston-bruins-patrice-bergeron-adidas-cream-alternate-primegreen-authentic-player-jersey/t-25592752+p-8380308251528+z-9-372623779?_ref=p-SRP:m-GRID:i-r3c2:po-11)",bad deal 3 color available
qc on the hellstar trousers and adidas campus,,15,1g6hrmq,FashionReps,https://www.reddit.com/gallery/1g6hrmq,3,2024-10-18 13:14:10,Reddit,qc on the hellstar trousers and adidas campus,qc hellstar trouser adidas campus
¥139 - Special Offer - PB Batch - Adidas Original Gazelle (size:36-46),,7,1g7huet,repbudgetsneakers,https://weidian.com/item.html?itemID=7289206083,1,2024-10-19 20:25:01,Reddit,¥139 - Special Offer - PB Batch - Adidas Original Gazelle (size:36-46),139 special offer pb batch adidas original gazelle size 36 46
"The Simpsons x adidas Rivalry Low 86 ""Werewolf Sanders""",,2,1g72dg7,Sneakers,https://adidas.com.lc/rivalry-low-86-simpsons-shoes,2,2024-10-19 05:52:32,Reddit,"The Simpsons x adidas Rivalry Low 86 ""Werewolf Sanders""",simpson x adidas rivalry low 86 werewolf sander
"In my junior high years, the biggest sin you could commit was wearing different brands (i.e. Nike + Adidas) together. Or as we called it... Perpertrating. Did you have the same experience and did you have a name for it also?",Edit: It could be the mixing of any two brands. I just used the two I used as an example. ,20,1g9jcju,Xennials,https://www.reddit.com/r/Xennials/comments/1g9jcju/in_my_junior_high_years_the_biggest_sin_you_could/,90,2024-10-22 14:22:47,Reddit,Edit: It could be the mixing of any two brands. I just used the two I used as an example. ,edit could mixing two brand used two used example
"Western Spy tips, φοβάμαι θα προδιθώ στο slav squat.","Καλησπέρα,

Σε μερικές μέρες πάω σε μυστική αποστολή στην Slavia. Έχω κάνει προπόνηση σε πόση vodkas και έχω προμηθευτεί και τα adidas δε έχω το αξιόπιστο Niva αλλά φοβάμαι ότι στο Slav Squat θα προδιθώ.

  
Τι να κάνω;",3,1gaioni,greececirclejerk,https://www.reddit.com/r/greececirclejerk/comments/1gaioni/western_spy_tips_φοβάμαι_θα_προδιθώ_στο_slav_squat/,3,2024-10-23 19:12:45,Reddit,"Καλησπέρα,

Σε μερικές μέρες πάω σε μυστική αποστολή στην Slavia. Έχω κάνει προπόνηση σε πόση vodkas και έχω προμηθευτεί και τα adidas δε έχω το αξιόπιστο Niva αλλά φοβάμαι ότι στο Slav Squat θα προδιθώ.

  
Τι να κάνω;",καλησπέρα σε μερικές μέρες πάω σε μυστική αποστολή στην slavia έχω κάνει προπόνηση σε πόση vodka και έχω προμηθευτεί και τα adidas δε έχω το αξιόπιστο niva αλλά φοβάμαι ότι στο slav squat θα προδιθώ τι να κάνω
QC Adidas Original Gazelle Indoor Trainers - ¥139 - PB Batch,W2C: https://weidian.com/item.html?itemID=7289206083,3,1g75hlj,RepsneakersDogs,https://www.reddit.com/gallery/1g75hlj,4,2024-10-19 09:51:21,Reddit,W2C: https://weidian.com/item.html?itemID=7289206083,w2c
New pair just arrived today,Adidas x Atmos - Jabbar lo,33,1g9v9th,Sneakers,https://www.reddit.com/gallery/1g9v9th,3,2024-10-22 22:41:29,Reddit,Adidas x Atmos - Jabbar lo,adidas x atmos jabbar lo
Adidas Predator elites after 1 month,"These are by far the most comfortable and light weight boots I have ever had but they hold up horribly. Why Adidas, Why😭

Also anyone have any lightweight speed boot suggestions that can last a whole season?",46,1g602eh,bootroom,https://www.reddit.com/gallery/1g602eh,53,2024-10-17 20:06:28,Reddit,"These are by far the most comfortable and light weight boots I have ever had but they hold up horribly. Why Adidas, Why😭

Also anyone have any lightweight speed boot suggestions that can last a whole season?",far comfortable light weight boot ever hold horribly adidas also anyone lightweight speed boot suggestion last whole season
MARIA ,,23,1ga90y2,WrestleWithTheJoshis2,https://i.redd.it/ix0pixjazhwd1.jpeg,0,2024-10-23 12:13:05,Reddit,MARIA ,maria
QC Adidas Original Gazelle Indoor Trainers - ¥139 - PB Batch,"■ W2C: https://weidian.com/item.html?itemID=7289206083

■ WhatsApp:+8618000271930 

There are various proxy links for spreadsheets, such as AllChinaBuy CNfans、SuperBuy， Please bookmark and save the table. Convenient to view in the future

■ https://docs.google.com/spreadsheets/d/1zMQqbI6tBoZCBo6k-f8I9SIiAlA0tlgOo25xbGDEM7Y/edit?usp=sharing",2,1g75kld,fashionreps2,https://www.reddit.com/gallery/1g75kld,1,2024-10-19 09:57:48,Reddit,"■ W2C: https://weidian.com/item.html?itemID=7289206083

■ WhatsApp:+8618000271930 

There are various proxy links for spreadsheets, such as AllChinaBuy CNfans、SuperBuy， Please bookmark and save the table. Convenient to view in the future

■ https://docs.google.com/spreadsheets/d/1zMQqbI6tBoZCBo6k-f8I9SIiAlA0tlgOo25xbGDEM7Y/edit?usp=sharing",w2c whatsapp 8618000271930 various proxy link spreadsheet allchinabuy cnfans superbuy please bookmark save table convenient view future
I need help with my shoe rotation,"Hi, I need help with my shoe rotation. I need a shoe for track sessions and short intervals.

Of course, you can assume that I already have a lot of shoes, but I don't want to use race shoes for all fast training.

Daily trainer - Nike invincible 3
Long Run - Adidas Superblast 2
Recovery Run - Asics Nimbus 26 (but I prefer Superblast 2)
Speed training - Looking for one -Maybe Nike Pegasus Plus or Hoka Mach X2 or Adidas Boston 12
5-10k race shoe - Hoka Rocket X2
21k-42k race shoe - Hoka Cielo X1

I am 193cm tall, 112 kg (I am struggling with overweight this year, I have already lost 22 kg). Midfoot striker, at the end of the run I switch to heel striking. I run a half marathon in 1h45m, Marathon in 3h56m

I love running in Hoka Cielo X1 and Superblast 2, even with my weight these shoes never bottom out, even during a marathon. Nimbus is a bit too slow, Nike Invincible is great but the upper is not very comfortable and I don't like putting it on, but the running itself is ok. Hoka Rocket X2 feels very good, but it bottoms out for me after 10k.
I'm thinking of adding a fast shoe like Nike Pegasus Plus or Hoka Mach X2 or Adidas Boston 12 mainly for interval and tempo runs. Can you please recommend something? ",11,1g9r27g,AskRunningShoeGeeks,https://i.redd.it/cm87e7fe2dwd1.jpeg,17,2024-10-22 19:41:37,Reddit,"Hi, I need help with my shoe rotation. I need a shoe for track sessions and short intervals.

Of course, you can assume that I already have a lot of shoes, but I don't want to use race shoes for all fast training.

Daily trainer - Nike invincible 3
Long Run - Adidas Superblast 2
Recovery Run - Asics Nimbus 26 (but I prefer Superblast 2)
Speed training - Looking for one -Maybe Nike Pegasus Plus or Hoka Mach X2 or Adidas Boston 12
5-10k race shoe - Hoka Rocket X2
21k-42k race shoe - Hoka Cielo X1

I am 193cm tall, 112 kg (I am struggling with overweight this year, I have already lost 22 kg). Midfoot striker, at the end of the run I switch to heel striking. I run a half marathon in 1h45m, Marathon in 3h56m

I love running in Hoka Cielo X1 and Superblast 2, even with my weight these shoes never bottom out, even during a marathon. Nimbus is a bit too slow, Nike Invincible is great but the upper is not very comfortable and I don't like putting it on, but the running itself is ok. Hoka Rocket X2 feels very good, but it bottoms out for me after 10k.
I'm thinking of adding a fast shoe like Nike Pegasus Plus or Hoka Mach X2 or Adidas Boston 12 mainly for interval and tempo runs. Can you please recommend something? ",hi need help shoe rotation need shoe track session short interval course assume already lot shoe want use race shoe fast training daily trainer nike invincible 3 long run adidas superblast 2 recovery run asics nimbus 26 prefer superblast 2 speed training looking one maybe nike pegasus plus hoka mach x2 adidas boston 12 5 10k race shoe hoka rocket x2 21k 42k race shoe hoka cielo x1 193cm tall 112 kg struggling overweight year already lost 22 kg midfoot striker end run switch heel striking run half marathon 1h45m marathon 3h56m love running hoka cielo x1 superblast 2 even weight shoe never bottom even marathon nimbus bit slow nike invincible great upper comfortable like putting running ok hoka rocket x2 feel good bottom 10k thinking adding fast shoe like nike pegasus plus hoka mach x2 adidas boston 12 mainly interval tempo run please recommend something
grooming tips to look better? ,,27,1gasnhm,malegrooming,https://www.reddit.com/gallery/1gasnhm,19,2024-10-24 02:49:35,Reddit,grooming tips to look better? ,grooming tip look better
Genuine question about running events,"Pag mga hoka or garmin run ba, dapat naka hoka and garmin ka rin? Exclusive lang ba yun sa kanila? 😶
Parang nakakahiya sumali pag naka adidas ka 🤣",4,1gabs96,PHRunners,https://www.reddit.com/r/PHRunners/comments/1gabs96/genuine_question_about_running_events/,8,2024-10-23 14:22:55,Reddit,"Pag mga hoka or garmin run ba, dapat naka hoka and garmin ka rin? Exclusive lang ba yun sa kanila? 😶
Parang nakakahiya sumali pag naka adidas ka 🤣",pag mga hoka garmin run ba dapat naka hoka garmin ka rin exclusive lang ba yun sa kanila parang nakakahiya sumali pag naka adidas ka
Olympikus é uma marca subestimada,"A Olympikus é uma marca boa! To falando no quesito de tênis e até mesmo roupas. Mas o que eu vejo é o pessoal subestimando a marca. Claro, óbvio que a concorrência é grande, como a adidas, nike, puma... Então fica difícil competir. Porém, acho que deveríamos valorizar mais essa marca nacional, porque ela tem sim qualidade em seus produtos. Tem tênis de corrida da Olympikus que é maravilhoso de bom, mas... Óbvio que vão preferir pegar um com o dobro do preço, porque é de outra marca. Enfim. Adoro a Olympikus pela qualidade e o preço. Vamos valorizar essa empresa brasileira.",8,1gan2rx,opiniaoimpopular,https://www.reddit.com/r/opiniaoimpopular/comments/1gan2rx/olympikus_é_uma_marca_subestimada/,6,2024-10-23 22:19:04,Reddit,"A Olympikus é uma marca boa! To falando no quesito de tênis e até mesmo roupas. Mas o que eu vejo é o pessoal subestimando a marca. Claro, óbvio que a concorrência é grande, como a adidas, nike, puma... Então fica difícil competir. Porém, acho que deveríamos valorizar mais essa marca nacional, porque ela tem sim qualidade em seus produtos. Tem tênis de corrida da Olympikus que é maravilhoso de bom, mas... Óbvio que vão preferir pegar um com o dobro do preço, porque é de outra marca. Enfim. Adoro a Olympikus pela qualidade e o preço. Vamos valorizar essa empresa brasileira.",olympikus é uma marca boa falando quesito de tênis e até mesmo roupas ma que eu vejo é pessoal subestimando marca claro óbvio que concorrência é grande como adidas nike puma então fica difícil competir porém acho que deveríamos valorizar mais essa marca nacional porque ela tem sim qualidade em seus produtos tem tênis de corrida da olympikus que é maravilhoso de bom ma óbvio que vão preferir pegar um com dobro preço porque é de outra marca enfim adoro olympikus pela qualidade e preço vamos valorizar essa empresa brasileira
Achei uma camiseta antiga minha ,"Tava fuçando na casa dos meus pais e encontrei.
",115,1gajyhq,SaoPauloFC,https://www.reddit.com/gallery/1gajyhq,13,2024-10-23 20:06:11,Reddit,"Tava fuçando na casa dos meus pais e encontrei.
",tava fuçando na casa do meus pais e encontrei
Team Adidas Goodyear Drivers circa 2006,"I'm restoring these pair of adi-drivers that I own. Have another pair in much better condition than these. I always loved the white ones with the green accents. I slathered the mink oil on and ruined it in real good. Came back a couple hours later, shoes were totally dry - soaked all that pil up!! Thoughts? ",25,1g6143i,adidas,https://www.reddit.com/gallery/1g6143i,12,2024-10-17 20:52:05,Reddit,"I'm restoring these pair of adi-drivers that I own. Have another pair in much better condition than these. I always loved the white ones with the green accents. I slathered the mink oil on and ruined it in real good. Came back a couple hours later, shoes were totally dry - soaked all that pil up!! Thoughts? ",restoring pair adi driver another pair much better condition always loved white one green accent slathered mink oil ruined real good came back couple hour later shoe totally dry soaked pil thought
Yuina Helped Aikyan Celebrate Her Birthday🎉,,27,1gatlkh,LoveLive,https://x.com/0927_yuina/status/1849115725614731743,1,2024-10-24 03:42:08,Reddit,Yuina Helped Aikyan Celebrate Her Birthday🎉,yuina helped aikyan celebrate birthday
"Yank here, how did prime Brazil with Ronaldo, Rivaldo, Roberto Carlos and Cafu lose to a 10-man squad of oldies???",,248,1g9g07l,soccercirclejerk,https://i.redd.it/m884d9vboawd1.png,34,2024-10-22 11:39:18,Reddit,"Yank here, how did prime Brazil with Ronaldo, Rivaldo, Roberto Carlos and Cafu lose to a 10-man squad of oldies???",yank prime brazil ronaldo rivaldo roberto carlos cafu lose 10 man squad oldie
Salomon Sense Ride 5 vs Adidas Terrex Agravic 3 for trail and paved road? ,"I'm debating between the Salomon Sense Ride 5 and the Adidas Terrex Agravic 3 for mixed runs that include both trail and paved road. Which one would be more versatile for this kind of use? I've heard the Salomon is more of a hybrid, but I’m not sure about its durability on technical trails. Anyone have experience with these two models?",3,1g7hfx2,AskRunningShoeGeeks,https://www.reddit.com/r/AskRunningShoeGeeks/comments/1g7hfx2/salomon_sense_ride_5_vs_adidas_terrex_agravic_3/,0,2024-10-19 20:06:04,Reddit,"I'm debating between the Salomon Sense Ride 5 and the Adidas Terrex Agravic 3 for mixed runs that include both trail and paved road. Which one would be more versatile for this kind of use? I've heard the Salomon is more of a hybrid, but I’m not sure about its durability on technical trails. Anyone have experience with these two models?",debating salomon sense ride 5 adidas terrex agravic 3 mixed run include trail paved road one would versatile kind use heard salomon hybrid sure durability technical trail anyone experience two model
Decades in Fashion (v.2) Part 8: The 1990s,I am SO sorry this took so long 😭 been dealing with a lot of life changes atm but the 90s are finally here! Please let me know what you think and if I could improve on anything :)) (Asterisks are used to signify subcultures.),250,1gadwcw,decadeology,https://www.reddit.com/gallery/1gadwcw,17,2024-10-23 15:51:51,Reddit,I am SO sorry this took so long 😭 been dealing with a lot of life changes atm but the 90s are finally here! Please let me know what you think and if I could improve on anything :)) (Asterisks are used to signify subcultures.),sorry took long dealing lot life change atm 90 finally please let know think could improve anything asterisk used signify subculture
Rohff and Rim’k concert 2025 ,"Hello to Parisians or not 

Who is interested in going to see Rohff and Rim’k at the Adidas Arena and the Arena Bercy in 2025 ",2,1gabv6c,SocialParis,https://www.reddit.com/r/SocialParis/comments/1gabv6c/rohff_and_rimk_concert_2025/,0,2024-10-23 14:26:20,Reddit,"Hello to Parisians or not 

Who is interested in going to see Rohff and Rim’k at the Adidas Arena and the Arena Bercy in 2025 ",hello parisian interested going see rohff rim k adidas arena arena bercy 2025
I just got these!,"Adidas x Atmos Jabbar - IH3362

I love the shade of blue they’ve used and the scuffed up look. 

I don’t know if they’re produced in the same factory in Indonesia as the Stans 80’s but I feel like they share the same dna. Same nylon laces, felt tongue and they kind of fit the same so a little tight. ",21,1g9noc0,adidas,https://www.reddit.com/gallery/1g9noc0,8,2024-10-22 17:22:46,Reddit,"Adidas x Atmos Jabbar - IH3362

I love the shade of blue they’ve used and the scuffed up look. 

I don’t know if they’re produced in the same factory in Indonesia as the Stans 80’s but I feel like they share the same dna. Same nylon laces, felt tongue and they kind of fit the same so a little tight. ",adidas x atmos jabbar ih3362 love shade blue used scuffed look know produced factory indonesia stans 80 feel like share dna nylon lace felt tongue kind fit little tight
48% OFF Adidas Men's Racer Tr23 Sneaker-$41.73,,8,1g6m4xu,midsoledeals,https://www.amazon.com/shop/keralainfo/photo/amzn1.shoppablemedia.v1.7f0f32ce-85f0-45dc-9923-365f6fc8d932?ref_=aip_sf_photo_spv_ons_mixed_d,1,2024-10-18 16:20:39,Reddit,48% OFF Adidas Men's Racer Tr23 Sneaker-$41.73,48 adidas men racer tr23 sneaker 41 73
Adidas Originals Manchester United Hoodie Size Issues on Website,"Hi, guys, I have trying to order this Adidas manchester united hoodie from the official website of Adidas US. The problem is I have tried to order thrice past month and they kept sending me size L instead of XS even though I ordered it correctly. Has anyone faced the same issue? Also, has anyone recently ordered it?

https://preview.redd.it/e2ttgm1bplvd1.png?width=840&format=png&auto=webp&s=24b9e8dd7cb85b5ccead60b20089e7f3a605d6ea

",2,1g6vxim,adidas,https://www.reddit.com/r/adidas/comments/1g6vxim/adidas_originals_manchester_united_hoodie_size/,0,2024-10-18 23:40:08,Reddit,"Hi, guys, I have trying to order this Adidas manchester united hoodie from the official website of Adidas US. The problem is I have tried to order thrice past month and they kept sending me size L instead of XS even though I ordered it correctly. Has anyone faced the same issue? Also, has anyone recently ordered it?

https://preview.redd.it/e2ttgm1bplvd1.png?width=840&format=png&auto=webp&s=24b9e8dd7cb85b5ccead60b20089e7f3a605d6ea

",hi guy trying order adidas manchester united hoodie official website adidas u problem tried order thrice past month kept sending size l instead x even though ordered correctly anyone faced issue also anyone recently ordered
if Li ning doesnt have a half size what should i do?,"im looking at the Liren 4v2s in the white pearl color way and i cant seem to find a size US 11.5 anywhere would i be good going 12 or cram into an 11. 

I dont really know my “optimal size” i have kobe 4 girl dads size 12 with about a thumbs width from my toe to the edge 

Then i have all pro nitros in 11.5 with less than a thumbs width but still some space between my toe and edge of the shoe

But in adidas i had harden 8’s 11.5 that felt way to big and loose on my feet ",2,1gauv9o,BBallShoes,https://www.reddit.com/r/BBallShoes/comments/1gauv9o/if_li_ning_doesnt_have_a_half_size_what_should_i/,3,2024-10-24 04:57:17,Reddit,"im looking at the Liren 4v2s in the white pearl color way and i cant seem to find a size US 11.5 anywhere would i be good going 12 or cram into an 11. 

I dont really know my “optimal size” i have kobe 4 girl dads size 12 with about a thumbs width from my toe to the edge 

Then i have all pro nitros in 11.5 with less than a thumbs width but still some space between my toe and edge of the shoe

But in adidas i had harden 8’s 11.5 that felt way to big and loose on my feet ",im looking liren 4v2s white pearl color way cant seem find size u 11 5 anywhere would good going 12 cram 11 dont really know optimal size kobe 4 girl dad size 12 thumb width toe edge pro nitros 11 5 less thumb width still space toe edge shoe adidas harden 8 11 5 felt way big loose foot
Yeezy Gap set,Sneakers: Adidas Yeezy 350 V2 CMPCT Slate Panda,64,1g9kgxf,SneakerFits,https://www.reddit.com/gallery/1g9kgxf,17,2024-10-22 15:10:20,Reddit,Sneakers: Adidas Yeezy 350 V2 CMPCT Slate Panda,sneaker adidas yeezy 350 v2 cmpct slate panda
Selling my well loved kicks to buy my mom a new washing machine - help me out please,"SFW ONLY

Adidas BW Army in Cream light camel/ NO BOX
Size 35.5, 22.5cm
Used once, bought in South Korea Pasabuy
Php3,500.00

Vans Floral Check/ NO BOX
Size 35.5, 22.5cm
BRAND NEW, only worn for fitting
Php2,000.00

Under Armour Slingflex Trainers/ NO BOX
Size 35, 22cm
Used Once
Php800.00",8,1ga8r7g,classifiedsph,https://www.reddit.com/gallery/1ga8r7g,1,2024-10-23 11:59:26,Reddit,"SFW ONLY

Adidas BW Army in Cream light camel/ NO BOX
Size 35.5, 22.5cm
Used once, bought in South Korea Pasabuy
Php3,500.00

Vans Floral Check/ NO BOX
Size 35.5, 22.5cm
BRAND NEW, only worn for fitting
Php2,000.00

Under Armour Slingflex Trainers/ NO BOX
Size 35, 22cm
Used Once
Php800.00",sfw adidas bw army cream light camel box size 35 5 22 5cm used bought south korea pasabuy php3 500 00 van floral check box size 35 5 22 5cm brand new worn fitting php2 000 00 armour slingflex trainer box size 35 22cm used php800 00
Adidas Yeezy is dropping soon be on the look out !!!!! ,,16,1g6rtdv,yeezy,https://www.reddit.com/r/yeezy/comments/1g6rtdv/adidas_yeezy_is_dropping_soon_be_on_the_look_out/,11,2024-10-18 20:24:40,Reddit,Adidas Yeezy is dropping soon be on the look out !!!!! ,adidas yeezy dropping soon look
Beast,,43,1gasjb3,Fishing,https://i.redd.it/teytiyvjamwd1.jpeg,2,2024-10-24 02:43:23,Reddit,Beast,beast
The white shorts again,Maybe the acronym for Adidas is the reason that she loves wearing the same white shorts for days at a time 🤷🏻‍♀️ ,18,1g9wjnc,GRBsnark,https://i.redd.it/wsczl6j49ewd1.jpeg,17,2024-10-22 23:41:04,Reddit,Maybe the acronym for Adidas is the reason that she loves wearing the same white shorts for days at a time 🤷🏻‍♀️ ,maybe acronym adidas reason love wearing white short day time
What's on feet today?,Adidas Yeezy 350 V2 CMPCT Slate Panda,34,1g9khrn,Sneakers,https://www.reddit.com/gallery/1g9khrn,31,2024-10-22 15:11:18,Reddit,Adidas Yeezy 350 V2 CMPCT Slate Panda,adidas yeezy 350 v2 cmpct slate panda
Lost bag with wallet and house/work keys,"I know this is a VERY long shot, but last Tuesday morning on the 15th, I accidentally left my small black tote bag on the ctran 60 linearound 9 am at Vanport. It had my wallet, house keys, work keys and Adidas shoes inside since I wore my rain boots to work. It had a pink thumbs up patch on on side and I just wanna see if maybe anyone has seen it? I talked to a ctran driver who said they said they saw it behind the driver seat so it should have been turned in but it never ended up in lost and found. ",4,1gaox9r,vancouverwa,https://www.reddit.com/r/vancouverwa/comments/1gaox9r/lost_bag_with_wallet_and_housework_keys/,2,2024-10-23 23:43:36,Reddit,"I know this is a VERY long shot, but last Tuesday morning on the 15th, I accidentally left my small black tote bag on the ctran 60 linearound 9 am at Vanport. It had my wallet, house keys, work keys and Adidas shoes inside since I wore my rain boots to work. It had a pink thumbs up patch on on side and I just wanna see if maybe anyone has seen it? I talked to a ctran driver who said they said they saw it behind the driver seat so it should have been turned in but it never ended up in lost and found. ",know long shot last tuesday morning 15th accidentally left small black tote bag ctran 60 linearound 9 vanport wallet house key work key adidas shoe inside since wore rain boot work pink thumb patch side wanna see maybe anyone seen talked ctran driver said said saw behind driver seat turned never ended lost found
Make me feel good pleaseee,,16,1gaqs2o,MakeMeFeelGood,https://i.redd.it/bldmkxpgulwd1.jpeg,1,2024-10-24 01:13:49,Reddit,Make me feel good pleaseee,make feel good pleaseee
Upcoming Sneakersnstuff collab,"The SNS GTII 'Paris'

Release dates ro be announced, they'll be SNS Exclusive and shouldn't be far off ",6,1gah79e,adidas,https://i.redd.it/z8r5tjjaqjwd1.jpeg,1,2024-10-23 18:06:12,Reddit,"The SNS GTII 'Paris'

Release dates ro be announced, they'll be SNS Exclusive and shouldn't be far off ",sn gtii paris release date ro announced sn exclusive far
Thrift Finds Lately,,10,1ga86yz,SoccerJerseys,https://www.reddit.com/gallery/1ga86yz,1,2024-10-23 11:29:08,Reddit,Thrift Finds Lately,thrift find lately
Adidas Rivalry Low 86 Yeo Kaa,"Size 8 paa ko. Size 8.5 shoes

Rarely Used. Never ginamit panggala. 100% sa office lang. As proof, iyong price sticker sa shoes intact pa. 

Nakatago lang sa work locker at sa office na ako nagpapalit ng shoes. I use clogs papasok since naka-motor ako. 

Complete box, extra shoelaces and paper bag. Almost 1 year. December 2023 nabili. 

Meetup as much as possible, Taguig. Willing to travel basta malapit lang sa Taguig.
3,000 last price",2,1g69s2b,classifiedsph,https://www.reddit.com/gallery/1g69s2b,1,2024-10-18 04:16:38,Reddit,"Size 8 paa ko. Size 8.5 shoes

Rarely Used. Never ginamit panggala. 100% sa office lang. As proof, iyong price sticker sa shoes intact pa. 

Nakatago lang sa work locker at sa office na ako nagpapalit ng shoes. I use clogs papasok since naka-motor ako. 

Complete box, extra shoelaces and paper bag. Almost 1 year. December 2023 nabili. 

Meetup as much as possible, Taguig. Willing to travel basta malapit lang sa Taguig.
3,000 last price",size 8 paa ko size 8 5 shoe rarely used never ginamit panggala 100 sa office lang proof iyong price sticker sa shoe intact pa nakatago lang sa work locker sa office na ako nagpapalit ng shoe use clog papasok since naka motor ako complete box extra shoelace paper bag almost 1 year december 2023 nabili meetup much possible taguig willing travel basta malapit lang sa taguig 3 000 last price
"REPOST: Hey, Prophet Aaron! Your God, Trump, is hard at work crisping up potatoes while you are falling asleep during a live sale that is supposed to feed your family! ","
REPOSTED FOR CONTINUITY: ORIGINAL POST WAS DELETED. 

We all know by now that Awkward Aaron considers any type of work as going to jail. Aaron is such an outstanding citizen, husband and father that there is no way he can go to jail. He is too busy offending the public if they don’t hold the same political views as him, too busy holding his wife’s purse, and too busy not caring what his kids post about on social media. As a matter of fact, he works SO hard playing video games, that he is seen shamelessly falling asleep during his wife’s live sale. He must have not gotten his mid-day nap at daycare that day. The elderly, retired folks that worked hard their entire lives are required to step up and pay for his and his family’s lifestyle. He cannot afford to buy ketchup, but little old Betsy sure can. He cannot afford to buy mayonnaise but little old Stan sure needs to for them. 

Even Trump is out here working on his resume to ensure he has a backup plan if he doesn’t win the election. Maybe this will inspire Aaron to seek even a part time job flipping burgers just like his leader. The best part is that he will get an employee discount and not complain that breakfast for two people cost them $18+. We can only hope that he will step up to work to feed his family so they don’t have to rely on Hurricane Season to come to FL every year to beg for grocery money. ",2,1gaiksx,Chapter2VintageCo,https://www.reddit.com/gallery/1gaiksx,0,2024-10-23 19:08:17,Reddit,"
REPOSTED FOR CONTINUITY: ORIGINAL POST WAS DELETED. 

We all know by now that Awkward Aaron considers any type of work as going to jail. Aaron is such an outstanding citizen, husband and father that there is no way he can go to jail. He is too busy offending the public if they don’t hold the same political views as him, too busy holding his wife’s purse, and too busy not caring what his kids post about on social media. As a matter of fact, he works SO hard playing video games, that he is seen shamelessly falling asleep during his wife’s live sale. He must have not gotten his mid-day nap at daycare that day. The elderly, retired folks that worked hard their entire lives are required to step up and pay for his and his family’s lifestyle. He cannot afford to buy ketchup, but little old Betsy sure can. He cannot afford to buy mayonnaise but little old Stan sure needs to for them. 

Even Trump is out here working on his resume to ensure he has a backup plan if he doesn’t win the election. Maybe this will inspire Aaron to seek even a part time job flipping burgers just like his leader. The best part is that he will get an employee discount and not complain that breakfast for two people cost them $18+. We can only hope that he will step up to work to feed his family so they don’t have to rely on Hurricane Season to come to FL every year to beg for grocery money. ",reposted continuity original post deleted know awkward aaron considers type work going jail aaron outstanding citizen husband father way go jail busy offending public hold political view busy holding wife purse busy caring kid post social medium matter fact work hard playing video game seen shamelessly falling asleep wife live sale must gotten mid day nap daycare day elderly retired folk worked hard entire life required step pay family lifestyle cannot afford buy ketchup little old betsy sure cannot afford buy mayonnaise little old stan sure need even trump working resume ensure backup plan win election maybe inspire aaron seek even part time job flipping burger like leader best part get employee discount complain breakfast two people cost 18 hope step work feed family rely hurricane season come fl every year beg grocery money
¥139 - Special Sale - PB Batch - Adidas Original Gazelle Indoor Trainers,"■ W2C: https://weidian.com/item.html?itemID=7289206083

■ WhatsApp:+8618000271930 

There are various proxy links for spreadsheets, such as AllChinaBuy  Please bookmark and save the table. Convenient to view in the future

■ https://docs.google.com/spreadsheets/d/1zMQqbI6tBoZCBo6k-f8I9SIiAlA0tlgOo25xbGDEM7Y/edit?usp=sharing",3,1g760sn,AllChinabuy,https://www.reddit.com/gallery/1g760sn,0,2024-10-19 10:30:44,Reddit,"■ W2C: https://weidian.com/item.html?itemID=7289206083

■ WhatsApp:+8618000271930 

There are various proxy links for spreadsheets, such as AllChinaBuy  Please bookmark and save the table. Convenient to view in the future

■ https://docs.google.com/spreadsheets/d/1zMQqbI6tBoZCBo6k-f8I9SIiAlA0tlgOo25xbGDEM7Y/edit?usp=sharing",w2c whatsapp 8618000271930 various proxy link spreadsheet allchinabuy please bookmark save table convenient view future
FS: Vegas Knights Blank Indos (price adjusted),"I still have some VGK jerseys for sale, I adjusted the price of the WC one though I'm getting conflicting price ranges so please let me know if I'm still way off, I went midway between the difference price points I was given.    
-Winter Classic with patch: Blank, Indo, 52, Adidas PrimeGreen, NWT  
https://imgur.com/A9Md2mW  
https://imgur.com/9731E4c  
  

Selling for $175 usd (shipped to Canada, add $10 to ship to US)  
  
-RR1.0 Blank, Indo, 52, Adidas Aeroready, Worn but no sign of wear and tear  
https://imgur.com/LJ58vdm  
  
https://imgur.com/Jt6eBTp  
Selling for $350 usd (shipped to Canada, add $10 to ship to US)",3,1g9nffv,hockeyjerseys,https://www.reddit.com/r/hockeyjerseys/comments/1g9nffv/fs_vegas_knights_blank_indos_price_adjusted/,3,2024-10-22 17:12:40,Reddit,"I still have some VGK jerseys for sale, I adjusted the price of the WC one though I'm getting conflicting price ranges so please let me know if I'm still way off, I went midway between the difference price points I was given.    
-Winter Classic with patch: Blank, Indo, 52, Adidas PrimeGreen, NWT  
https://imgur.com/A9Md2mW  
https://imgur.com/9731E4c  
  

Selling for $175 usd (shipped to Canada, add $10 to ship to US)  
  
-RR1.0 Blank, Indo, 52, Adidas Aeroready, Worn but no sign of wear and tear  
https://imgur.com/LJ58vdm  
  
https://imgur.com/Jt6eBTp  
Selling for $350 usd (shipped to Canada, add $10 to ship to US)",still vgk jersey sale adjusted price wc one though getting conflicting price range please let know still way went midway difference price point given winter classic patch blank indo 52 adidas primegreen nwt selling 175 usd shipped canada add 10 ship u rr1 0 blank indo 52 adidas aeroready worn sign wear tear selling 350 usd shipped canada add 10 ship u
Legit check on LBJ Adidas swingman please,,2,1g6e0r3,basketballjerseys,https://www.reddit.com/gallery/1g6e0r3,10,2024-10-18 09:28:39,Reddit,Legit check on LBJ Adidas swingman please,legit check lbj adidas swingman please
HoYeon Jung,,12,1gapn6p,CelebrityArmpits2,https://i.redd.it/swipjwgmklwd1.jpeg,0,2024-10-24 00:18:01,Reddit,HoYeon Jung,hoyeon jung
"Taylor Kleysen, Winnipeg Wesmen ",,21,1galknd,VolleyballGirls,https://www.reddit.com/gallery/1galknd,1,2024-10-23 21:14:03,Reddit,"Taylor Kleysen, Winnipeg Wesmen ",taylor kleysen winnipeg wesmen
"11 weeks: 244 lbs to 233 lbs, 28% fat to 23.3%",,106,1gam7ig,GYM,https://i.redd.it/eulgn4hlskwd1.jpeg,20,2024-10-23 21:40:55,Reddit,"11 weeks: 244 lbs to 233 lbs, 28% fat to 23.3%",11 week 244 lb 233 lb 28 fat 23 3
$36 adidas Midcity Low Core Black (use code OCTOBER) originally $80,,3,1g6v2zn,midsoledeals,https://adidas.com.lc/midcity-low-shoes-IE4518,1,2024-10-18 22:58:06,Reddit,$36 adidas Midcity Low Core Black (use code OCTOBER) originally $80,36 adidas midcity low core black use code october originally 80
"WTS - USA (GA) Men's size 11 and 11.5 - Brooks, Saucony, and Adidas Shoes - $25 thru $50",,2,1g7xp4n,therunningrack,https://www.reddit.com/gallery/1g7xp4n,6,2024-10-20 12:35:42,Reddit,"WTS - USA (GA) Men's size 11 and 11.5 - Brooks, Saucony, and Adidas Shoes - $25 thru $50",wts usa ga men size 11 11 5 brook saucony adidas shoe 25 thru 50
$50 adidas OZMILLEN Grey One (use code OCTOBER) originally $110,,2,1g6v0ov,midsoledeals,https://adidas.com.lc/ozmillen-shoes-IF9592,1,2024-10-18 22:54:55,Reddit,$50 adidas OZMILLEN Grey One (use code OCTOBER) originally $110,50 adidas ozmillen grey one use code october originally 110
Here's my whip...,,48,1gateuy,Itasha,https://www.reddit.com/gallery/1gateuy,2,2024-10-24 03:31:34,Reddit,Here's my whip...,whip
Hockey Authentic - Tampa Bay Lightning Reverse Retro (Adidas Primegreen) back in stock,"Got an email from HA that they have the Adidas “storm” reverse retro for Tampa back in stock, looks like all sizes 

https://hockeyauthentic.com/products/any-name-and-number-tampa-bay-lightning-reverse-retro-authentic-adidas-nhl-jersey-customized-primegreen-model",7,1g70o4e,hockeyjerseys,https://www.reddit.com/r/hockeyjerseys/comments/1g70o4e/hockey_authentic_tampa_bay_lightning_reverse/,2,2024-10-19 04:00:52,Reddit,"Got an email from HA that they have the Adidas “storm” reverse retro for Tampa back in stock, looks like all sizes 

https://hockeyauthentic.com/products/any-name-and-number-tampa-bay-lightning-reverse-retro-authentic-adidas-nhl-jersey-customized-primegreen-model",got email ha adidas storm reverse retro tampa back stock look like size
"My pre workout face, it’s legs today.",,123,1ga9myl,Faces,https://i.redd.it/94q0tf1u4iwd1.jpeg,9,2024-10-23 12:44:12,Reddit,"My pre workout face, it’s legs today.",pre workout face leg today
Yuina Helped Kobayashi Aika Celebrate Her Birthday🎉,,4,1gave3j,seiyuu,https://x.com/0927_yuina/status/1849115725614731743,1,2024-10-24 05:30:41,Reddit,Yuina Helped Kobayashi Aika Celebrate Her Birthday🎉,yuina helped kobayashi aika celebrate birthday
Adidas Men's AlphaBoost V2 Shoes $45,,3,1g6af22,DailyRedditDeals,https://www.adidas.com/us/alphaboost-v2-shoes/IE9154.html,1,2024-10-18 04:58:03,Reddit,Adidas Men's AlphaBoost V2 Shoes $45,adidas men alphaboost v2 shoe 45
Happy Hump Day ,,108,1ga8hxl,BiancaGhezzi2,https://i.redd.it/ypihphyeuhwd1.jpeg,2,2024-10-23 11:45:48,Reddit,Happy Hump Day ,happy hump day
Kaguya Spin-off announced,,105,1ganhnr,okbuddybaka,https://i.redd.it/qirur0jr2lwd1.jpeg,6,2024-10-23 22:37:53,Reddit,Kaguya Spin-off announced,kaguya spin announced
Spike for wide feet,"Hello everyone,
I'm looking for spikes for 800m and 1500m, but I have very wide feet in the forefoot. Do you know of any models that might suit me?
I've tried the Adidas Adizero Ambition but it's too tight. I thought I saw that the Nike Victory was interesting for wide feet.
Thanks a lot",2,1gaay5d,widefeet,https://www.reddit.com/r/widefeet/comments/1gaay5d/spike_for_wide_feet/,1,2024-10-23 13:46:04,Reddit,"Hello everyone,
I'm looking for spikes for 800m and 1500m, but I have very wide feet in the forefoot. Do you know of any models that might suit me?
I've tried the Adidas Adizero Ambition but it's too tight. I thought I saw that the Nike Victory was interesting for wide feet.
Thanks a lot",hello everyone looking spike 800m 1500m wide foot forefoot know model might suit tried adidas adizero ambition tight thought saw nike victory interesting wide foot thanks lot
A 1990s Advertisement for ADIDAS Sportswear,,61,1g5lkhf,SnapshotHistory,https://i.redd.it/zjctnratt9vd1.jpeg,17,2024-10-17 07:44:02,Reddit,A 1990s Advertisement for ADIDAS Sportswear,1990s advertisement adidas sportswear
Work boots and hockey skates are mangling my feet. Need shoe advice,"Looking for hiking boots or shoes that are waterproof that fits wide along the blue lines. I tried on the Altra Olympus 5, but my 5th metatarsal still protrudes beyond the sole. Most of the time I find shoes with flexible material or leather to provide forgiveness in the 5th meta area (ie: Keen Oshawa boots and Adidas Ultraboost) but I always get big toe rubbing. I wore a hole through a pair of adidas goretex trail runners last year in 3 months in the 5th metatarsal spot last year (crappy shoes though)

31 years of skates, plus 18 years of wearing work boots has done a number on my feet. Low instep and skinny heels prevents me from fitting large volume shoes.

I also have tailors bunions (which aren't currently inflamed), large outer big toe calluses, weird little accessory toe nails that are new x5 years, 4th toe tucks under 3rd toe and blisters, plus I'm very prone to ankle sprains (a million rolled ankles and 1 avulsion fracture)... I'm thinking I might be a candidate for barefoot footwear. 

TL;DR: I just hate trying to find new shoes and I'm getting sick of my feet getting worse every year, so I'd take any advice. ",17,1g9q89u,barefootshoestalk,https://i.redd.it/ggofnmhawcwd1.jpeg,18,2024-10-22 19:07:21,Reddit,"Looking for hiking boots or shoes that are waterproof that fits wide along the blue lines. I tried on the Altra Olympus 5, but my 5th metatarsal still protrudes beyond the sole. Most of the time I find shoes with flexible material or leather to provide forgiveness in the 5th meta area (ie: Keen Oshawa boots and Adidas Ultraboost) but I always get big toe rubbing. I wore a hole through a pair of adidas goretex trail runners last year in 3 months in the 5th metatarsal spot last year (crappy shoes though)

31 years of skates, plus 18 years of wearing work boots has done a number on my feet. Low instep and skinny heels prevents me from fitting large volume shoes.

I also have tailors bunions (which aren't currently inflamed), large outer big toe calluses, weird little accessory toe nails that are new x5 years, 4th toe tucks under 3rd toe and blisters, plus I'm very prone to ankle sprains (a million rolled ankles and 1 avulsion fracture)... I'm thinking I might be a candidate for barefoot footwear. 

TL;DR: I just hate trying to find new shoes and I'm getting sick of my feet getting worse every year, so I'd take any advice. ",looking hiking boot shoe waterproof fit wide along blue line tried altra olympus 5 5th metatarsal still protrudes beyond sole time find shoe flexible material leather provide forgiveness 5th meta area ie keen oshawa boot adidas ultraboost always get big toe rubbing wore hole pair adidas goretex trail runner last year 3 month 5th metatarsal spot last year crappy shoe though 31 year skate plus 18 year wearing work boot done number foot low instep skinny heel prevents fitting large volume shoe also tailor bunion currently inflamed large outer big toe callus weird little accessory toe nail new x5 year 4th toe tuck 3rd toe blister plus prone ankle sprain million rolled ankle 1 avulsion fracture thinking might candidate barefoot footwear tl dr hate trying find new shoe getting sick foot getting worse every year take advice
Midnights cardigan! ,"Hi! I ordered the midnights cardigan (my first taylor cardigan 🥹) and it came today! 

I ordered it 2 days ago, got the shipping notification yesterday and it came 10:30am today. I’m in the uk and ordered from the uk store. 

I ordered a m/l, I’m 5’8 and a uk 10/12 size and it fits well. It’s definitely oversized and the arms are really long but it fits well around the torso. It’s mainly the shoulders and arms that are baggy. If you wanted form fitting I’d suggest a xs/s but for tall ppl it is not a long cardigan! The arms I’m having to push back. 

It’s super pretty and soft and doesn’t smell chemical at all. I haven’t noticed any defects either. It’s less dark than in the pics, definitely a midnight blue, and the stars are really pretty. It’s a really nice cardigan! 

Pics ✨✨",184,1ga7l2x,SwiftieMerch,https://www.reddit.com/gallery/1ga7l2x,21,2024-10-23 10:51:47,Reddit,"Hi! I ordered the midnights cardigan (my first taylor cardigan 🥹) and it came today! 

I ordered it 2 days ago, got the shipping notification yesterday and it came 10:30am today. I’m in the uk and ordered from the uk store. 

I ordered a m/l, I’m 5’8 and a uk 10/12 size and it fits well. It’s definitely oversized and the arms are really long but it fits well around the torso. It’s mainly the shoulders and arms that are baggy. If you wanted form fitting I’d suggest a xs/s but for tall ppl it is not a long cardigan! The arms I’m having to push back. 

It’s super pretty and soft and doesn’t smell chemical at all. I haven’t noticed any defects either. It’s less dark than in the pics, definitely a midnight blue, and the stars are really pretty. It’s a really nice cardigan! 

Pics ✨✨",hi ordered midnight cardigan first taylor cardigan came today ordered 2 day ago got shipping notification yesterday came 10 30am today uk ordered uk store ordered l 5 8 uk 10 12 size fit well definitely oversized arm really long fit well around torso mainly shoulder arm baggy wanted form fitting suggest x tall ppl long cardigan arm push back super pretty soft smell chemical noticed defect either less dark pic definitely midnight blue star really pretty really nice cardigan pic
it's beautiful🥹,,47,1gadsoq,hockeyjerseys,https://www.reddit.com/gallery/1gadsoq,6,2024-10-23 15:47:38,Reddit,it's beautiful🥹,beautiful
Are the Jets beyond Cooked or just Cooked? ,,65,1gad7an,nyjets,https://i.redd.it/ku12a0h4xiwd1.jpeg,148,2024-10-23 15:22:43,Reddit,Are the Jets beyond Cooked or just Cooked? ,jet beyond cooked cooked
$45 adidas Alphaboost V2 Cloud White (use code OCTOBER) originally $120,,3,1g6uwbm,midsoledeals,https://adidas.com.lc/alphaboost-v2-shoes-IE9154,3,2024-10-18 22:48:57,Reddit,$45 adidas Alphaboost V2 Cloud White (use code OCTOBER) originally $120,45 adidas alphaboost v2 cloud white use code october originally 120
Finally did my slick back! ,Eco gel olive is going magic rn. Hopefully it doesn’t give flake. I’m going to cut my hair a lil shorter too ,6,1gangtm,curlyhair,https://i.redd.it/hhswkvfk2lwd1.jpeg,4,2024-10-23 22:36:48,Reddit,Eco gel olive is going magic rn. Hopefully it doesn’t give flake. I’m going to cut my hair a lil shorter too ,eco gel olive going magic rn hopefully give flake going cut hair lil shorter
Daily Golf Deals | Canada Golf Deals | 10-22-2024 | (Nurseresidences),"Your Tuesday daily deals. Sign-up to get these deals via email below, or join [my golf deals subreddit](https://www.reddit.com/r/DailyGolfSteals/) to get these a little earlier in the day (I can schedule ahead)

**GOLF CLUBS**

~~$180~~ [$113 MINT TaylorMade Stealth Driving Iron](https://www.dailygolfsteals.com/go/113-mint-taylormade-stealth-driving-iron/18633): Available in RH, Stiff Flex, and 3H Loft. Use code GOLFER2024 at checkout. Shipping is free

~~$110~~ [$93 LIKE NEW LH Callaway Apex 21 Hybrid](https://www.dailygolfsteals.com/go/93-like-new-lh-callaway-apex-21-hybrid/18635): Available in LH, Regular Flex and 4H Loft. Available in RH, Regular Flex and 4H Loft ($107). No code needed. Shipping is $9.95

~~$300~~ [$250 NEW PowerBilt Pro Complete Golf Set](https://www.dailygolfsteals.com/go/250-new-powerbilt-pro-complete-golf-set/18653): 9-Piece Golf Set - Driver, 3W, 5H, 6-PW + Putter with a lightweight stand bag. No code needed. Shipping is free

 

**APPAREL**

~~$110~~ [$44 Adidas Ultimate365 Anorak ](https://www.dailygolfsteals.com/go/44-adidas-ultimate365-anorak/18637): Available in Black, Sizes S-XL. No code needed. Shipping is free on orders $100+

~~$85~~ [$37 Puma Men's Jackpot Golf Pants](https://www.dailygolfsteals.com/go/37-puma-mens-jackpot-golf-pants/18639): Available in 7 colors, Sizes 28-40"" (availability will vary based on color). Use code WWGWB15 at checkout. Shipping is $8.99

~~$140~~ [$23 for 2x Walter Hagen Men's Performance Golf Polos](https://www.dailygolfsteals.com/go/23-for-2x-walter-hagen-mens-performance-golf-polos/18645): Available in 3 colors, Sizes S-2XL (whilst stocks last). No code needed. Just add 2x to cart for discount. Shipping is free on orders $99+

~~$160~~ [$53 for 2x Adidas Ultimate365 Women's Frill Skort](https://www.dailygolfsteals.com/go/53-for-2x-adidas-ultimate365-womens-frill-skort/18649): Available in Black and White, Sizes S-XL. Perfect for your golfing girlfriend or sister. Simply add 2x to cart and use code GET30. Shipping is free with Adiclub or $5

 

**SITEWIDE**

[Adidas Sale - Buy any 2x items and Get 30% off](https://www.dailygolfsteals.com/go/adidas-sale-buy-any-2x-items-and-get-30-off/18641): Mix and match and save 30% on clothing and shoes. Use code GET30. Exclusions apply

 

**GOLF BAGS**

~~$250~~ [$61 Izzo Golf Versa Hybrid Stand Bag](https://www.dailygolfsteals.com/go/61-izzo-golf-versa-hybrid-stand-bag/18647): Available in 4 designs. 11 club dividers to keep clubs organized. No code needed. Shipping is free on orders $75+

 

**SHOES**

~~$90~~ [$63 New Balance Fresh Foam ROAV Spikeless Golf Shoes](https://www.dailygolfsteals.com/go/63-new-balance-fresh-foam-roav-spikeless-golf-shoes/18643): Available in Black/Grey, and Sizes 8-15. Use code GOLFER2024 at checkout. Shipping is free on orders $99+

 

**ACCESSORIES**

~~$35~~ [$24 Forearm Band for Golfers Elbow](https://www.dailygolfsteals.com/go/24-forearm-band-for-golfers-elbow/18651): Fits most adults. Non-invasive and perfect for everyday use. Apply coupon on product page. Shipping is free with Prime

 

**OTHER**

**Don't miss another deal** - [Sign-up here](https://dailygolfsteals.com/sign-up-to-get-deals-in-your-inbox-daily) to get these posts via email every day (7:30am PT / 10:30am ET).

**Monday's deals** - click [here](https://www.reddit.com/r/DailyGolfSteals/comments/1g8o5v5/daily_golf_deals_10212024/) in case you missed it

**DISCOUNT CODES:**

* Get up to 30% off TaylorMade Preowned clubs at [GlobalGolf.com](https://dailygolfsteals.com/go-store/globalgolf). No code needed. Use GOLFER2024 for 10% off anything else.
* Get 10% off at [JustGolfStuff.com](https://justgolfstuff.com/) with code GOLFSTUFF10. Exclusions apply.
* Get 15% off a single item at [WorldWideGolf.com](https://dailygolfsteals.com/go-store/worldwidegolfshops) with code WWGWB15 (exclusions apply)
* Use KOSTER15 at [Rhoback.com](https://www.rhoback.com) to get 15% off first-time orders
* Use HOLEINEONE at [RockBottomGolf.com](https://dailygolfsteals.com/go-store/rockbottomgolf) for $10 off $50
* Get 15% off used golf balls through month-end at [CleanGreenGolfBalls.com](https://dailygolfsteals.com/go/15-off-any-mint-quality-golf-balls-at-cleangreengolfballs-2/12087) with code CGGB15. Includes both low-end (e.g. [hit-away](https://cleangreengolfballs.com/products/100-recycled-hit-away-practice-golf-balls) and high-end balls (e.g. Mint AAAA+ [ProV1s](https://dailygolfsteals.com/go/20-1-dozen-titleist-pro-v1-mix-mint-condition-5a/12632), [TP5x](https://dailygolfsteals.com/go/21-1-dozen-taylormade-tp5x-mix-mint-condition-5a/12793))
* Veterans / First Responders (approximately 15% off across each): [Taylormade](https://www.taylormadegolf.com/idme), [PXG](https://www.pxg.com/en-us/heroes), [Dunlop brands - Srixon, Cleveland, XXIO](https://support.dunlopsports.com/hc/en-us/articles/360052054872-Military-Discounts), [Callaway](https://prf.hn/click/camref:1100ljyWz/ar:military/destination:https%3A%2F%2Fwww.callawaygolf.com%2Fmilitary-discount-program%2F), [Wilson](https://www.wilson.com/en-us/explore/military-discount) and [PING](https://ping.com/en-us/community/military-rebate) all offer discounts

 

**CANADIAN DEALS**

Your Tuesday Canadian deals. Sign-up to get these deals via email below. Leave a comment if there is anything you would like me to keep an eye out for. Click [here ](https://www.reddit.com/r/CanadaGolfDeals/)to join my Canada deals subreddit.

**GOLF CLUBS**

~~$250~~ [$212 MINT TaylorMade Spider GTX Black Putter ](https://www.canadagolfdeals.com/go/212-mint-taylormade-spider-gtx-black-putter/19688): Available in RH, and 35"" Length. No code needed. Shipping is free

 

**GOLF BAGS**

~~$340~~ [$189 PING Hoofer Lite Stand Bag](https://www.canadagolfdeals.com/go/189-ping-hoofer-lite-stand-bag/19692): Available in Blue. No code needed. Shipping is free

 

**GOLF BALLS**

~~$60~~ [$35 for 2x Dozen TaylorMade RBZ Distance Golf Balls](https://www.canadagolfdeals.com/go/35-for-2x-dozen-taylormade-rbz-distance-golf-balls/19694): Available in White. No code needed. Shipping is $9.99

 

**SHOES**

~~$130~~ [$90 New Balance Fresh Foam ROAV Golf Shoes](https://www.canadagolfdeals.com/90-new-balance-fresh-foam-roav-golf-shoes): Available in White/Navy, Sizes 8-11. No code needed. Shipping is free on orders $100+

 

**APPAREL**

~~$220~~ [$154 Peter Millar Men's Perth Birdseye Performance 1/4 Zip Pullover](https://www.canadagolfdeals.com/go/154-peter-millar-mens-perth-birdseye-performance-14-zip-pullover/19698): Available in Blue, Sizes M-2XL. No code needed. Shipping is free

~~$85~~ [$64 Under Armour Men's Playoff 3.0 Stripe Polo](https://www.canadagolfdeals.com/go/64-under-armour-mens-playoff-3-0-stripe-polo/19700): Available in multiple colors, Sizes S-2XL (availability and pricing may vary). No code needed. Shipping is free

 

**COURSES**

~~$89~~ [$49 for 2x Green Fees at Niagara Falls Golf Club ](https://www.canadagolfdeals.com/go/49-for-2x-green-fees-at-niagara-falls-golf-club/19696): Get 18 holes of golf at Niagara Falls Golf Club for 2 people. No code needed

 

**ACCESSORIES**

~~$50~~ [$20 Adidas Hydrophobic Tour Golf Hat](https://www.canadagolfdeals.com/20-adidas-hydrophobic-tour-golf-hat): Available in White. No code needed. Shipping is $9.99

 

**OTHER**

**Don’t miss another deal** - [Sign-up here](https://www.canadagolfdeals.com/) to get these posts via email twice a week (7:30am PT / 10:30am ET).

**Previous deals** - click [here](https://www.reddit.com/r/CanadaGolfDeals/comments/1g6hhn9/canadian_golf_deals_10182024/) in case you missed it

Note: I may earn commissions on these deals when you make a purchase. This income helps cover the costs involved in building scraping tools / identifying these deals.",54,1g9hyxa,golf,https://www.reddit.com/r/golf/comments/1g9hyxa/daily_golf_deals_canada_golf_deals_10222024/,0,2024-10-22 13:20:25,Reddit,"Your Tuesday daily deals. Sign-up to get these deals via email below, or join [my golf deals subreddit](https://www.reddit.com/r/DailyGolfSteals/) to get these a little earlier in the day (I can schedule ahead)

**GOLF CLUBS**

~~$180~~ [$113 MINT TaylorMade Stealth Driving Iron](https://www.dailygolfsteals.com/go/113-mint-taylormade-stealth-driving-iron/18633): Available in RH, Stiff Flex, and 3H Loft. Use code GOLFER2024 at checkout. Shipping is free

~~$110~~ [$93 LIKE NEW LH Callaway Apex 21 Hybrid](https://www.dailygolfsteals.com/go/93-like-new-lh-callaway-apex-21-hybrid/18635): Available in LH, Regular Flex and 4H Loft. Available in RH, Regular Flex and 4H Loft ($107). No code needed. Shipping is $9.95

~~$300~~ [$250 NEW PowerBilt Pro Complete Golf Set](https://www.dailygolfsteals.com/go/250-new-powerbilt-pro-complete-golf-set/18653): 9-Piece Golf Set - Driver, 3W, 5H, 6-PW + Putter with a lightweight stand bag. No code needed. Shipping is free

 

**APPAREL**

~~$110~~ [$44 Adidas Ultimate365 Anorak ](https://www.dailygolfsteals.com/go/44-adidas-ultimate365-anorak/18637): Available in Black, Sizes S-XL. No code needed. Shipping is free on orders $100+

~~$85~~ [$37 Puma Men's Jackpot Golf Pants](https://www.dailygolfsteals.com/go/37-puma-mens-jackpot-golf-pants/18639): Available in 7 colors, Sizes 28-40"" (availability will vary based on color). Use code WWGWB15 at checkout. Shipping is $8.99

~~$140~~ [$23 for 2x Walter Hagen Men's Performance Golf Polos](https://www.dailygolfsteals.com/go/23-for-2x-walter-hagen-mens-performance-golf-polos/18645): Available in 3 colors, Sizes S-2XL (whilst stocks last). No code needed. Just add 2x to cart for discount. Shipping is free on orders $99+

~~$160~~ [$53 for 2x Adidas Ultimate365 Women's Frill Skort](https://www.dailygolfsteals.com/go/53-for-2x-adidas-ultimate365-womens-frill-skort/18649): Available in Black and White, Sizes S-XL. Perfect for your golfing girlfriend or sister. Simply add 2x to cart and use code GET30. Shipping is free with Adiclub or $5

 

**SITEWIDE**

[Adidas Sale - Buy any 2x items and Get 30% off](https://www.dailygolfsteals.com/go/adidas-sale-buy-any-2x-items-and-get-30-off/18641): Mix and match and save 30% on clothing and shoes. Use code GET30. Exclusions apply

 

**GOLF BAGS**

~~$250~~ [$61 Izzo Golf Versa Hybrid Stand Bag](https://www.dailygolfsteals.com/go/61-izzo-golf-versa-hybrid-stand-bag/18647): Available in 4 designs. 11 club dividers to keep clubs organized. No code needed. Shipping is free on orders $75+

 

**SHOES**

~~$90~~ [$63 New Balance Fresh Foam ROAV Spikeless Golf Shoes](https://www.dailygolfsteals.com/go/63-new-balance-fresh-foam-roav-spikeless-golf-shoes/18643): Available in Black/Grey, and Sizes 8-15. Use code GOLFER2024 at checkout. Shipping is free on orders $99+

 

**ACCESSORIES**

~~$35~~ [$24 Forearm Band for Golfers Elbow](https://www.dailygolfsteals.com/go/24-forearm-band-for-golfers-elbow/18651): Fits most adults. Non-invasive and perfect for everyday use. Apply coupon on product page. Shipping is free with Prime

 

**OTHER**

**Don't miss another deal** - [Sign-up here](https://dailygolfsteals.com/sign-up-to-get-deals-in-your-inbox-daily) to get these posts via email every day (7:30am PT / 10:30am ET).

**Monday's deals** - click [here](https://www.reddit.com/r/DailyGolfSteals/comments/1g8o5v5/daily_golf_deals_10212024/) in case you missed it

**DISCOUNT CODES:**

* Get up to 30% off TaylorMade Preowned clubs at [GlobalGolf.com](https://dailygolfsteals.com/go-store/globalgolf). No code needed. Use GOLFER2024 for 10% off anything else.
* Get 10% off at [JustGolfStuff.com](https://justgolfstuff.com/) with code GOLFSTUFF10. Exclusions apply.
* Get 15% off a single item at [WorldWideGolf.com](https://dailygolfsteals.com/go-store/worldwidegolfshops) with code WWGWB15 (exclusions apply)
* Use KOSTER15 at [Rhoback.com](https://www.rhoback.com) to get 15% off first-time orders
* Use HOLEINEONE at [RockBottomGolf.com](https://dailygolfsteals.com/go-store/rockbottomgolf) for $10 off $50
* Get 15% off used golf balls through month-end at [CleanGreenGolfBalls.com](https://dailygolfsteals.com/go/15-off-any-mint-quality-golf-balls-at-cleangreengolfballs-2/12087) with code CGGB15. Includes both low-end (e.g. [hit-away](https://cleangreengolfballs.com/products/100-recycled-hit-away-practice-golf-balls) and high-end balls (e.g. Mint AAAA+ [ProV1s](https://dailygolfsteals.com/go/20-1-dozen-titleist-pro-v1-mix-mint-condition-5a/12632), [TP5x](https://dailygolfsteals.com/go/21-1-dozen-taylormade-tp5x-mix-mint-condition-5a/12793))
* Veterans / First Responders (approximately 15% off across each): [Taylormade](https://www.taylormadegolf.com/idme), [PXG](https://www.pxg.com/en-us/heroes), [Dunlop brands - Srixon, Cleveland, XXIO](https://support.dunlopsports.com/hc/en-us/articles/360052054872-Military-Discounts), [Callaway](https://prf.hn/click/camref:1100ljyWz/ar:military/destination:https%3A%2F%2Fwww.callawaygolf.com%2Fmilitary-discount-program%2F), [Wilson](https://www.wilson.com/en-us/explore/military-discount) and [PING](https://ping.com/en-us/community/military-rebate) all offer discounts

 

**CANADIAN DEALS**

Your Tuesday Canadian deals. Sign-up to get these deals via email below. Leave a comment if there is anything you would like me to keep an eye out for. Click [here ](https://www.reddit.com/r/CanadaGolfDeals/)to join my Canada deals subreddit.

**GOLF CLUBS**

~~$250~~ [$212 MINT TaylorMade Spider GTX Black Putter ](https://www.canadagolfdeals.com/go/212-mint-taylormade-spider-gtx-black-putter/19688): Available in RH, and 35"" Length. No code needed. Shipping is free

 

**GOLF BAGS**

~~$340~~ [$189 PING Hoofer Lite Stand Bag](https://www.canadagolfdeals.com/go/189-ping-hoofer-lite-stand-bag/19692): Available in Blue. No code needed. Shipping is free

 

**GOLF BALLS**

~~$60~~ [$35 for 2x Dozen TaylorMade RBZ Distance Golf Balls](https://www.canadagolfdeals.com/go/35-for-2x-dozen-taylormade-rbz-distance-golf-balls/19694): Available in White. No code needed. Shipping is $9.99

 

**SHOES**

~~$130~~ [$90 New Balance Fresh Foam ROAV Golf Shoes](https://www.canadagolfdeals.com/90-new-balance-fresh-foam-roav-golf-shoes): Available in White/Navy, Sizes 8-11. No code needed. Shipping is free on orders $100+

 

**APPAREL**

~~$220~~ [$154 Peter Millar Men's Perth Birdseye Performance 1/4 Zip Pullover](https://www.canadagolfdeals.com/go/154-peter-millar-mens-perth-birdseye-performance-14-zip-pullover/19698): Available in Blue, Sizes M-2XL. No code needed. Shipping is free

~~$85~~ [$64 Under Armour Men's Playoff 3.0 Stripe Polo](https://www.canadagolfdeals.com/go/64-under-armour-mens-playoff-3-0-stripe-polo/19700): Available in multiple colors, Sizes S-2XL (availability and pricing may vary). No code needed. Shipping is free

 

**COURSES**

~~$89~~ [$49 for 2x Green Fees at Niagara Falls Golf Club ](https://www.canadagolfdeals.com/go/49-for-2x-green-fees-at-niagara-falls-golf-club/19696): Get 18 holes of golf at Niagara Falls Golf Club for 2 people. No code needed

 

**ACCESSORIES**

~~$50~~ [$20 Adidas Hydrophobic Tour Golf Hat](https://www.canadagolfdeals.com/20-adidas-hydrophobic-tour-golf-hat): Available in White. No code needed. Shipping is $9.99

 

**OTHER**

**Don’t miss another deal** - [Sign-up here](https://www.canadagolfdeals.com/) to get these posts via email twice a week (7:30am PT / 10:30am ET).

**Previous deals** - click [here](https://www.reddit.com/r/CanadaGolfDeals/comments/1g6hhn9/canadian_golf_deals_10182024/) in case you missed it

Note: I may earn commissions on these deals when you make a purchase. This income helps cover the costs involved in building scraping tools / identifying these deals.",tuesday daily deal sign get deal via email join golf deal subreddit get little earlier day schedule ahead golf club 180 113 mint taylormade stealth driving iron available rh stiff flex 3h loft use code golfer2024 checkout shipping free 110 93 like new lh callaway apex 21 hybrid available lh regular flex 4h loft available rh regular flex 4h loft 107 code needed shipping 9 95 300 250 new powerbilt pro complete golf set 9 piece golf set driver 3w 5h 6 pw putter lightweight stand bag code needed shipping free apparel 110 44 adidas ultimate365 anorak available black size xl code needed shipping free order 100 85 37 puma men jackpot golf pant available 7 color size 28 40 availability vary based color use code wwgwb15 checkout shipping 8 99 140 23 2x walter hagen men performance golf polo available 3 color size 2xl whilst stock last code needed add 2x cart discount shipping free order 99 160 53 2x adidas ultimate365 woman frill skort available black white size xl perfect golfing girlfriend sister simply add 2x cart use code get30 shipping free adiclub 5 sitewide adidas sale buy 2x item get 30 mix match save 30 clothing shoe use code get30 exclusion apply golf bag 250 61 izzo golf versa hybrid stand bag available 4 design 11 club divider keep club organized code needed shipping free order 75 shoe 90 63 new balance fresh foam roav spikeless golf shoe available black grey size 8 15 use code golfer2024 checkout shipping free order 99 accessory 35 24 forearm band golfer elbow fit adult non invasive perfect everyday use apply coupon product page shipping free prime miss another deal sign get post via email every day 7 30am pt 10 30am et monday deal click case missed discount code get 30 taylormade preowned club globalgolf com code needed use golfer2024 10 anything else get 10 justgolfstuff com code golfstuff10 exclusion apply get 15 single item worldwidegolf com code wwgwb15 exclusion apply use koster15 rhoback com get 15 first time order use holeineone rockbottomgolf com 10 50 get 15 used golf ball month end cleangreengolfballs com code cggb15 includes low end e g hit away high end ball e g mint aaaa prov1s tp5x veteran first responder approximately 15 across taylormade pxg dunlop brand srixon cleveland xxio callaway wilson ping offer discount canadian deal tuesday canadian deal sign get deal via email leave comment anything would like keep eye click join canada deal subreddit golf club 250 212 mint taylormade spider gtx black putter available rh 35 length code needed shipping free golf bag 340 189 ping hoofer lite stand bag available blue code needed shipping free golf ball 60 35 2x dozen taylormade rbz distance golf ball available white code needed shipping 9 99 shoe 130 90 new balance fresh foam roav golf shoe available white navy size 8 11 code needed shipping free order 100 apparel 220 154 peter millar men perth birdseye performance 1 4 zip pullover available blue size 2xl code needed shipping free 85 64 armour men playoff 3 0 stripe polo available multiple color size 2xl availability pricing may vary code needed shipping free course 89 49 2x green fee niagara fall golf club get 18 hole golf niagara fall golf club 2 people code needed accessory 50 20 adidas hydrophobic tour golf hat available white code needed shipping 9 99 miss another deal sign get post via email twice week 7 30am pt 10 30am et previous deal click case missed note may earn commission deal make purchase income help cover cost involved building scraping tool identifying deal
Banned items ,"i Read that lv and nikey and adidas are banned but it reached the warehouse will i be able to ship or is it risky??

  
i bought some crocs hit reached the warehouse after it did when i opened the link after it reached and it says product risk but it says ready to ship?? 

  
i read burb@rry is also banned i wanted to order but when i open it doesnt say product risk does that mean its okay to buy i live in spain not the us thanks

",17,1ga3exn,Sugargoo,https://www.reddit.com/r/Sugargoo/comments/1ga3exn/banned_items/,13,2024-10-23 05:53:50,Reddit,"i Read that lv and nikey and adidas are banned but it reached the warehouse will i be able to ship or is it risky??

  
i bought some crocs hit reached the warehouse after it did when i opened the link after it reached and it says product risk but it says ready to ship?? 

  
i read burb@rry is also banned i wanted to order but when i open it doesnt say product risk does that mean its okay to buy i live in spain not the us thanks

",read lv nikey adidas banned reached warehouse able ship risky bought crocs hit reached warehouse opened link reached say product risk say ready ship read burb rry also banned wanted order open doesnt say product risk mean okay buy live spain u thanks
Midnights cardigan!! ✨,"Hi! I ordered the midnights cardigan (my first taylor cardigan 🥹) and it came today! 

I ordered it 2 days ago, got the shipping notification yesterday and it came 10:30am today. I’m in the uk and ordered from the uk store. 

I ordered a m/l, I’m 5’8 and a uk 10/12 size and it fits well! It’s definitely oversized and the arms are really long but it fits really well in the torso. It’s mainly the shoulders and arms that are baggy, if you wanted form fitting I’d suggest a xs/s but for tall ppl it is not a long cardigan! The arms I’m having to push back.

It’s super pretty and soft, and doesn’t smell chemically at all. I haven’t noticed any defects with it. It less dark than in the pics and the stars are really pretty. It’s a really nice cardigan! 

Pics! ✨",110,1ga7h69,TaylorSwiftMerch,https://www.reddit.com/gallery/1ga7h69,13,2024-10-23 10:44:54,Reddit,"Hi! I ordered the midnights cardigan (my first taylor cardigan 🥹) and it came today! 

I ordered it 2 days ago, got the shipping notification yesterday and it came 10:30am today. I’m in the uk and ordered from the uk store. 

I ordered a m/l, I’m 5’8 and a uk 10/12 size and it fits well! It’s definitely oversized and the arms are really long but it fits really well in the torso. It’s mainly the shoulders and arms that are baggy, if you wanted form fitting I’d suggest a xs/s but for tall ppl it is not a long cardigan! The arms I’m having to push back.

It’s super pretty and soft, and doesn’t smell chemically at all. I haven’t noticed any defects with it. It less dark than in the pics and the stars are really pretty. It’s a really nice cardigan! 

Pics! ✨",hi ordered midnight cardigan first taylor cardigan came today ordered 2 day ago got shipping notification yesterday came 10 30am today uk ordered uk store ordered l 5 8 uk 10 12 size fit well definitely oversized arm really long fit really well torso mainly shoulder arm baggy wanted form fitting suggest x tall ppl long cardigan arm push back super pretty soft smell chemically noticed defect less dark pic star really pretty really nice cardigan pic
The suppressor she tells you not to worry about…,,51,1gai71p,BT_APC,https://i.redd.it/39joqo1kxjwd1.jpeg,6,2024-10-23 18:46:56,Reddit,The suppressor she tells you not to worry about…,suppressor tell worry
Merchandise at Adidas Arena Paris,"Is there any point to buy some Merch at the Adidas Arena? Maybe also Team-Merch? Would be hyped to buy for example some t1 jerseys and jackets. Would be nice if anybody who is attending the event on thursday and friday could speak about their experience! 
Thanks guys, pretty hyped to be part of worlds on saturday and sunday in the arena at paris! 

Have fun! ",5,1g5pf5g,lolesports,https://www.reddit.com/r/lolesports/comments/1g5pf5g/merchandise_at_adidas_arena_paris/,5,2024-10-17 12:12:58,Reddit,"Is there any point to buy some Merch at the Adidas Arena? Maybe also Team-Merch? Would be hyped to buy for example some t1 jerseys and jackets. Would be nice if anybody who is attending the event on thursday and friday could speak about their experience! 
Thanks guys, pretty hyped to be part of worlds on saturday and sunday in the arena at paris! 

Have fun! ",point buy merch adidas arena maybe also team merch would hyped buy example t1 jersey jacket would nice anybody attending event thursday friday could speak experience thanks guy pretty hyped part world saturday sunday arena paris fun
Baby N clothes,"Ay Meg. Pls get some shoes that fit your kids feet. He could ski on those Nike high tops you put him in. He can barely walk in them. Stride right, ten toes, and adidas made some wide and early walking shoes that are best for little toddlers. And N isn’t a fashion statement or accessory. ",34,1g9q2rm,basicmegsnark,https://www.reddit.com/r/basicmegsnark/comments/1g9q2rm/baby_n_clothes/,13,2024-10-22 19:01:13,Reddit,"Ay Meg. Pls get some shoes that fit your kids feet. He could ski on those Nike high tops you put him in. He can barely walk in them. Stride right, ten toes, and adidas made some wide and early walking shoes that are best for little toddlers. And N isn’t a fashion statement or accessory. ",ay meg pls get shoe fit kid foot could ski nike high top put barely walk stride right ten toe adidas made wide early walking shoe best little toddler n fashion statement accessory
"[Selling] Hit N Move, MK1, Angeles, Nike Machomais, Adidas Speedex 23, Triumph United Thai Pads","*** Preferred payment method is Zelle, will use PayPal G&S if you agree to pay the fee's.

** I use Pirateship to save you on shipping, historically prices are as low as 50% off compared to direct from carrier prices.

* Willing to ship internationally at my discretion. Prices in USD. All sales final.

1. Hit N Move Balance Red 16 oz, used once: $160
     note: actually used once, check pics.

2. MK1 Select Black 16 oz, new/unused: $165

3. Angeles Blue 16 oz used once + Nike Machomai Blue sz 12.5 new/in box: $160 for both
note: I prefer to sell these as a set, I have no use for one without the other. 

4. Triumph United Thai Pads, used a couple of times: $70

PM for more pics or info, thanks for checking out my listing 🥊",19,1g6yr34,fightgear,https://www.reddit.com/gallery/1g6yr34,12,2024-10-19 02:08:58,Reddit,"*** Preferred payment method is Zelle, will use PayPal G&S if you agree to pay the fee's.

** I use Pirateship to save you on shipping, historically prices are as low as 50% off compared to direct from carrier prices.

* Willing to ship internationally at my discretion. Prices in USD. All sales final.

1. Hit N Move Balance Red 16 oz, used once: $160
     note: actually used once, check pics.

2. MK1 Select Black 16 oz, new/unused: $165

3. Angeles Blue 16 oz used once + Nike Machomai Blue sz 12.5 new/in box: $160 for both
note: I prefer to sell these as a set, I have no use for one without the other. 

4. Triumph United Thai Pads, used a couple of times: $70

PM for more pics or info, thanks for checking out my listing 🥊",preferred payment method zelle use paypal g agree pay fee use pirateship save shipping historically price low 50 compared direct carrier price willing ship internationally discretion price usd sale final 1 hit n move balance red 16 oz used 160 note actually used check pic 2 mk1 select black 16 oz new unused 165 3 angeles blue 16 oz used nike machomai blue sz 12 5 new box 160 note prefer sell set use one without 4 triumph united thai pad used couple time 70 pm pic info thanks checking listing
Weiß jemand mehr über diese Jacke?,"Ich habe diese Jacke im Second-Hand-Shop gefunden. Statt der Italienflagge, ist vorne ein Patch mit Nigeriaflagge darauf. Innen steht auch Sample auf dem Etikett. Ist das hier etwas besonderes oder eine komische Fälschung?
",2,1gaaqa9,WerWieWas,https://www.reddit.com/gallery/1gaaqa9,4,2024-10-23 13:35:56,Reddit,"Ich habe diese Jacke im Second-Hand-Shop gefunden. Statt der Italienflagge, ist vorne ein Patch mit Nigeriaflagge darauf. Innen steht auch Sample auf dem Etikett. Ist das hier etwas besonderes oder eine komische Fälschung?
",ich habe diese jacke im second hand shop gefunden statt der italienflagge ist vorne ein patch mit nigeriaflagge darauf innen steht auch sample auf dem etikett ist da hier etwas besonderes oder eine komische fälschung
A Couple of Pickups,"I picked up a HFC Blackhawks jersey as Fanatics was blowing out the Adidas inventory.  I took it to City Sports Lettering and I was able to additionally get a pretty unique add-on in the ribbon patch to honor Troy Murray’s battle against cancer.

Also, I posted a few weeks ago how I was searching for a Rockford IceHogs home red with the older stick-in-mouth logo, and how I’d found & acquired one on FB Marketplace but it was a gamer worn & signed by a player… I didn’t really care about Olesz as a player but it was a gamer nonetheless and I was reluctant to strip it for my own purposes as such… I’m happy to report that this sub helped me track down a blank to buy at a reasonable price, so the Olesz gamer is going to stay in tact!",17,1gabkpq,hockeyjerseys,https://www.reddit.com/gallery/1gabkpq,2,2024-10-23 14:13:47,Reddit,"I picked up a HFC Blackhawks jersey as Fanatics was blowing out the Adidas inventory.  I took it to City Sports Lettering and I was able to additionally get a pretty unique add-on in the ribbon patch to honor Troy Murray’s battle against cancer.

Also, I posted a few weeks ago how I was searching for a Rockford IceHogs home red with the older stick-in-mouth logo, and how I’d found & acquired one on FB Marketplace but it was a gamer worn & signed by a player… I didn’t really care about Olesz as a player but it was a gamer nonetheless and I was reluctant to strip it for my own purposes as such… I’m happy to report that this sub helped me track down a blank to buy at a reasonable price, so the Olesz gamer is going to stay in tact!",picked hfc blackhawks jersey fanatic blowing adidas inventory took city sport lettering able additionally get pretty unique add ribbon patch honor troy murray battle cancer also posted week ago searching rockford icehogs home red older stick mouth logo found acquired one fb marketplace gamer worn signed player really care olesz player gamer nonetheless reluctant strip purpose happy report sub helped track blank buy reasonable price olesz gamer going stay tact
W/18 getragene Adidas Socken DE,Bei Interssse melden ,3,1g611p8,sockenkauf,https://www.reddit.com/gallery/1g611p8,1,2024-10-17 20:49:12,Reddit,Bei Interssse melden ,bei interssse melden
$85 adidas Predator 94 Core Black (use code OCTOBER) originally $150,,2,1g6uxls,midsoledeals,https://adidas.com.lc/predator-94-shoes,1,2024-10-18 22:50:42,Reddit,$85 adidas Predator 94 Core Black (use code OCTOBER) originally $150,85 adidas predator 94 core black use code october originally 150
Rakuten Promo Code Reddit 2024! Use code DEVANK89 to get $30 sign up bonus!,"#Get extra cash back shopping online with Rakuten!

Rakuten is an online shopping tool that will give you money back for your purchases as long as you click their link to refer you before you begin shopping! Rakuten offers cash back at many popular stores like: Apple, Amazon, Adidas, Nike, Patagonia, Lego, Lululemon, Aritzia, Nordstrom, etc).  My [code gives $30 bonus for new users](https://www.rakuten.com/r/DEVANK89). 

#USA Code: https://www.rakuten.com/r/DEVANK89


#Canada Code: https://www.rakuten.ca/r/RAKUTEN30 

It’s the *best site* for earning **Cash Back**. Get a **$30 bonus** when you sign up with my [invite link](https://www.rakuten.com/r/DEVANK89) and spend $30. It’s free! 🤩

#[Rakuten Referral Code Reddit 2024 - 30$ cash back](https://www.rakuten.com/r/DEVANK89)

[Rakuten Referral Code, Rakuten Promo Code, Rakuten Code Reddit, Rakuten Cash Back](https://www.rakuten.com/r/DEVANK89)",3,1gao9d8,PromoCodesReddit,https://www.reddit.com/r/PromoCodesReddit/comments/1gao9d8/rakuten_promo_code_reddit_2024_use_code_devank89/,2,2024-10-23 23:13:43,Reddit,"#Get extra cash back shopping online with Rakuten!

Rakuten is an online shopping tool that will give you money back for your purchases as long as you click their link to refer you before you begin shopping! Rakuten offers cash back at many popular stores like: Apple, Amazon, Adidas, Nike, Patagonia, Lego, Lululemon, Aritzia, Nordstrom, etc).  My [code gives $30 bonus for new users](https://www.rakuten.com/r/DEVANK89). 

#USA Code: https://www.rakuten.com/r/DEVANK89


#Canada Code: https://www.rakuten.ca/r/RAKUTEN30 

It’s the *best site* for earning **Cash Back**. Get a **$30 bonus** when you sign up with my [invite link](https://www.rakuten.com/r/DEVANK89) and spend $30. It’s free! 🤩

#[Rakuten Referral Code Reddit 2024 - 30$ cash back](https://www.rakuten.com/r/DEVANK89)

[Rakuten Referral Code, Rakuten Promo Code, Rakuten Code Reddit, Rakuten Cash Back](https://www.rakuten.com/r/DEVANK89)",get extra cash back shopping online rakuten rakuten online shopping tool give money back purchase long click link refer begin shopping rakuten offer cash back many popular store like apple amazon adidas nike patagonia lego lululemon aritzia nordstrom etc code give 30 bonus new user usa code canada code best site earning cash back get 30 bonus sign invite link spend 30 free rakuten referral code reddit 2024 30 cash back rakuten referral code rakuten promo code rakuten code reddit rakuten cash back
Dicks is the PLACEEEE for all Owala dreams✨,Also if you,95,1gar2gm,Owala,https://i.redd.it/x7phowz1xlwd1.jpeg,39,2024-10-24 01:28:15,Reddit,Also if you,also
W2C Adidas Celtic 2024/25 Originals Long Sleeve Jersey,"Anyone seen any sellers with the new Adidas Originals Celtic FC special edition shirt available yet?
",2,1g6hc6y,Soccer00,https://www.reddit.com/gallery/1g6hc6y,3,2024-10-18 12:53:16,Reddit,"Anyone seen any sellers with the new Adidas Originals Celtic FC special edition shirt available yet?
",anyone seen seller new adidas original celtic fc special edition shirt available yet
Stop button sa bus,"What happens if i press this stop button diri HAHHAA curious, can i press it if i want to drop here?",2,1gaulg8,dumaguete,https://i.redd.it/eh34cmacvmwd1.jpeg,1,2024-10-24 04:39:59,Reddit,"What happens if i press this stop button diri HAHHAA curious, can i press it if i want to drop here?",happens press stop button diri hahhaa curious press want drop
Daily Golf Deals | Canada Golf Deals | 10-22-2024 ,"Your Tuesday daily deals. Sign-up to get these deals via email below. Leave a comment if there is anything you would like me to keep an eye out for.

**GOLF CLUBS**

~~$180~~ [$113 MINT TaylorMade Stealth Driving Iron](https://www.dailygolfsteals.com/go/113-mint-taylormade-stealth-driving-iron/18633): Available in RH, Stiff Flex, and 3H Loft. Use code GOLFER2024 at checkout. Shipping is free

~~$110~~ [$93 LIKE NEW LH Callaway Apex 21 Hybrid](https://www.dailygolfsteals.com/go/93-like-new-lh-callaway-apex-21-hybrid/18635): Available in LH, Regular Flex and 4H Loft. Available in RH, Regular Flex and 4H Loft ($107). No code needed. Shipping is $9.95

~~$300~~ [$250 NEW PowerBilt Pro Complete Golf Set](https://www.dailygolfsteals.com/go/250-new-powerbilt-pro-complete-golf-set/18653): 9-Piece Golf Set - Driver, 3W, 5H, 6-PW + Putter with a lightweight stand bag. No code needed. Shipping is free

 

**APPAREL**

~~$110~~ [$44 Adidas Ultimate365 Anorak ](https://www.dailygolfsteals.com/go/44-adidas-ultimate365-anorak/18637): Available in Black, Sizes S-XL. No code needed. Shipping is free on orders $100+

~~$85~~ [$37 Puma Men's Jackpot Golf Pants](https://www.dailygolfsteals.com/go/37-puma-mens-jackpot-golf-pants/18639): Available in 7 colors, Sizes 28-40"" (availability will vary based on color). Use code WWGWB15 at checkout. Shipping is $8.99

~~$140~~ [$23 for 2x Walter Hagen Men's Performance Golf Polos](https://www.dailygolfsteals.com/go/23-for-2x-walter-hagen-mens-performance-golf-polos/18645): Available in 3 colors, Sizes S-2XL (whilst stocks last). No code needed. Just add 2x to cart for discount. Shipping is free on orders $99+

~~$160~~ [$53 for 2x Adidas Ultimate365 Women's Frill Skort](https://www.dailygolfsteals.com/go/53-for-2x-adidas-ultimate365-womens-frill-skort/18649): Available in Black and White, Sizes S-XL. Perfect for your golfing girlfriend or sister. Simply add 2x to cart and use code GET30. Shipping is free with Adiclub or $5

 

**SITEWIDE**

[Adidas Sale - Buy any 2x items and Get 30% off](https://www.dailygolfsteals.com/go/adidas-sale-buy-any-2x-items-and-get-30-off/18641): Mix and match and save 30% on clothing and shoes. Use code GET30. Exclusions apply

 

**GOLF BAGS**

~~$250~~ [$61 Izzo Golf Versa Hybrid Stand Bag](https://www.dailygolfsteals.com/go/61-izzo-golf-versa-hybrid-stand-bag/18647): Available in 4 designs. 11 club dividers to keep clubs organized. No code needed. Shipping is free on orders $75+

 

**SHOES**

~~$90~~ [$63 New Balance Fresh Foam ROAV Spikeless Golf Shoes](https://www.dailygolfsteals.com/go/63-new-balance-fresh-foam-roav-spikeless-golf-shoes/18643): Available in Black/Grey, and Sizes 8-15. Use code GOLFER2024 at checkout. Shipping is free on orders $99+

 

**ACCESSORIES**

~~$35~~ [$24 Forearm Band for Golfers Elbow](https://www.dailygolfsteals.com/go/24-forearm-band-for-golfers-elbow/18651): Fits most adults. Non-invasive and perfect for everyday use. Apply coupon on product page. Shipping is free with Prime

 

**OTHER**

**Don't miss another deal** - [Sign-up here](https://dailygolfsteals.com/sign-up-to-get-deals-in-your-inbox-daily) to get these posts via email every day (7:30am PT / 10:30am ET).

**Monday's deals** - click [here](https://www.reddit.com/r/DailyGolfSteals/comments/1g8o5v5/daily_golf_deals_10212024/) in case you missed it

**DISCOUNT CODES:**

* Get up to 30% off TaylorMade Preowned clubs at [GlobalGolf.com](https://dailygolfsteals.com/go-store/globalgolf). No code needed. Use GOLFER2024 for 10% off anything else.
* Get 10% off at [JustGolfStuff.com](https://justgolfstuff.com/) with code GOLFSTUFF10. Exclusions apply.
* Get 15% off a single item at [WorldWideGolf.com](https://dailygolfsteals.com/go-store/worldwidegolfshops) with code WWGWB15 (exclusions apply)
* Use KOSTER15 at [Rhoback.com](https://www.rhoback.com) to get 15% off first-time orders
* Use HOLEINEONE at [RockBottomGolf.com](https://dailygolfsteals.com/go-store/rockbottomgolf) for $10 off $50
* Get 15% off used golf balls through month-end at [CleanGreenGolfBalls.com](https://dailygolfsteals.com/go/15-off-any-mint-quality-golf-balls-at-cleangreengolfballs-2/12087) with code CGGB15. Includes both low-end (e.g. [hit-away](https://cleangreengolfballs.com/products/100-recycled-hit-away-practice-golf-balls) and high-end balls (e.g. Mint AAAA+ [ProV1s](https://dailygolfsteals.com/go/20-1-dozen-titleist-pro-v1-mix-mint-condition-5a/12632), [TP5x](https://dailygolfsteals.com/go/21-1-dozen-taylormade-tp5x-mix-mint-condition-5a/12793))
* Veterans / First Responders (approximately 15% off across each): [Taylormade](https://www.taylormadegolf.com/idme), [PXG](https://www.pxg.com/en-us/heroes), [Dunlop brands - Srixon, Cleveland, XXIO](https://support.dunlopsports.com/hc/en-us/articles/360052054872-Military-Discounts), [Callaway](https://prf.hn/click/camref:1100ljyWz/ar:military/destination:https%3A%2F%2Fwww.callawaygolf.com%2Fmilitary-discount-program%2F), [Wilson](https://www.wilson.com/en-us/explore/military-discount) and [PING](https://ping.com/en-us/community/military-rebate) all offer discounts

 

**CANADIAN DEALS**

Your Tuesday Canadian deals. Sign-up to get these deals via email below. Leave a comment if there is anything you would like me to keep an eye out for. Click [here ](https://www.reddit.com/r/CanadaGolfDeals/)to join my Canada deals subreddit.

**GOLF CLUBS**

~~$250~~ [$212 MINT TaylorMade Spider GTX Black Putter ](https://www.canadagolfdeals.com/go/212-mint-taylormade-spider-gtx-black-putter/19688): Available in RH, and 35"" Length. No code needed. Shipping is free

 

**GOLF BAGS**

~~$340~~ [$189 PING Hoofer Lite Stand Bag](https://www.canadagolfdeals.com/go/189-ping-hoofer-lite-stand-bag/19692): Available in Blue. No code needed. Shipping is free

 

**GOLF BALLS**

~~$60~~ [$35 for 2x Dozen TaylorMade RBZ Distance Golf Balls](https://www.canadagolfdeals.com/go/35-for-2x-dozen-taylormade-rbz-distance-golf-balls/19694): Available in White. No code needed. Shipping is $9.99

 

**SHOES**

~~$130~~ [$90 New Balance Fresh Foam ROAV Golf Shoes](https://www.canadagolfdeals.com/90-new-balance-fresh-foam-roav-golf-shoes): Available in White/Navy, Sizes 8-11. No code needed. Shipping is free on orders $100+

 

**APPAREL**

~~$220~~ [$154 Peter Millar Men's Perth Birdseye Performance 1/4 Zip Pullover](https://www.canadagolfdeals.com/go/154-peter-millar-mens-perth-birdseye-performance-14-zip-pullover/19698): Available in Blue, Sizes M-2XL. No code needed. Shipping is free

~~$85~~ [$64 Under Armour Men's Playoff 3.0 Stripe Polo](https://www.canadagolfdeals.com/go/64-under-armour-mens-playoff-3-0-stripe-polo/19700): Available in multiple colors, Sizes S-2XL (availability and pricing may vary). No code needed. Shipping is free

 

**COURSES**

~~$89~~ [$49 for 2x Green Fees at Niagara Falls Golf Club ](https://www.canadagolfdeals.com/go/49-for-2x-green-fees-at-niagara-falls-golf-club/19696): Get 18 holes of golf at Niagara Falls Golf Club for 2 people. No code needed

 

**ACCESSORIES**

~~$50~~ [$20 Adidas Hydrophobic Tour Golf Hat](https://www.canadagolfdeals.com/20-adidas-hydrophobic-tour-golf-hat): Available in White. No code needed. Shipping is $9.99

 

**OTHER**

**Don’t miss another deal** - [Sign-up here](https://www.canadagolfdeals.com/) to get these posts via email twice a week (7:30am PT / 10:30am ET).

**Previous deals** - click [here](https://www.reddit.com/r/CanadaGolfDeals/comments/1g6hhn9/canadian_golf_deals_10182024/) in case you missed it

Note: I may earn commissions on these deals when you make a purchase. This income helps cover the costs involved in building scraping tools / identifying these deals.",25,1g9gpee,DailyGolfSteals,https://www.reddit.com/r/DailyGolfSteals/comments/1g9gpee/daily_golf_deals_canada_golf_deals_10222024/,3,2024-10-22 12:16:47,Reddit,"Your Tuesday daily deals. Sign-up to get these deals via email below. Leave a comment if there is anything you would like me to keep an eye out for.

**GOLF CLUBS**

~~$180~~ [$113 MINT TaylorMade Stealth Driving Iron](https://www.dailygolfsteals.com/go/113-mint-taylormade-stealth-driving-iron/18633): Available in RH, Stiff Flex, and 3H Loft. Use code GOLFER2024 at checkout. Shipping is free

~~$110~~ [$93 LIKE NEW LH Callaway Apex 21 Hybrid](https://www.dailygolfsteals.com/go/93-like-new-lh-callaway-apex-21-hybrid/18635): Available in LH, Regular Flex and 4H Loft. Available in RH, Regular Flex and 4H Loft ($107). No code needed. Shipping is $9.95

~~$300~~ [$250 NEW PowerBilt Pro Complete Golf Set](https://www.dailygolfsteals.com/go/250-new-powerbilt-pro-complete-golf-set/18653): 9-Piece Golf Set - Driver, 3W, 5H, 6-PW + Putter with a lightweight stand bag. No code needed. Shipping is free

 

**APPAREL**

~~$110~~ [$44 Adidas Ultimate365 Anorak ](https://www.dailygolfsteals.com/go/44-adidas-ultimate365-anorak/18637): Available in Black, Sizes S-XL. No code needed. Shipping is free on orders $100+

~~$85~~ [$37 Puma Men's Jackpot Golf Pants](https://www.dailygolfsteals.com/go/37-puma-mens-jackpot-golf-pants/18639): Available in 7 colors, Sizes 28-40"" (availability will vary based on color). Use code WWGWB15 at checkout. Shipping is $8.99

~~$140~~ [$23 for 2x Walter Hagen Men's Performance Golf Polos](https://www.dailygolfsteals.com/go/23-for-2x-walter-hagen-mens-performance-golf-polos/18645): Available in 3 colors, Sizes S-2XL (whilst stocks last). No code needed. Just add 2x to cart for discount. Shipping is free on orders $99+

~~$160~~ [$53 for 2x Adidas Ultimate365 Women's Frill Skort](https://www.dailygolfsteals.com/go/53-for-2x-adidas-ultimate365-womens-frill-skort/18649): Available in Black and White, Sizes S-XL. Perfect for your golfing girlfriend or sister. Simply add 2x to cart and use code GET30. Shipping is free with Adiclub or $5

 

**SITEWIDE**

[Adidas Sale - Buy any 2x items and Get 30% off](https://www.dailygolfsteals.com/go/adidas-sale-buy-any-2x-items-and-get-30-off/18641): Mix and match and save 30% on clothing and shoes. Use code GET30. Exclusions apply

 

**GOLF BAGS**

~~$250~~ [$61 Izzo Golf Versa Hybrid Stand Bag](https://www.dailygolfsteals.com/go/61-izzo-golf-versa-hybrid-stand-bag/18647): Available in 4 designs. 11 club dividers to keep clubs organized. No code needed. Shipping is free on orders $75+

 

**SHOES**

~~$90~~ [$63 New Balance Fresh Foam ROAV Spikeless Golf Shoes](https://www.dailygolfsteals.com/go/63-new-balance-fresh-foam-roav-spikeless-golf-shoes/18643): Available in Black/Grey, and Sizes 8-15. Use code GOLFER2024 at checkout. Shipping is free on orders $99+

 

**ACCESSORIES**

~~$35~~ [$24 Forearm Band for Golfers Elbow](https://www.dailygolfsteals.com/go/24-forearm-band-for-golfers-elbow/18651): Fits most adults. Non-invasive and perfect for everyday use. Apply coupon on product page. Shipping is free with Prime

 

**OTHER**

**Don't miss another deal** - [Sign-up here](https://dailygolfsteals.com/sign-up-to-get-deals-in-your-inbox-daily) to get these posts via email every day (7:30am PT / 10:30am ET).

**Monday's deals** - click [here](https://www.reddit.com/r/DailyGolfSteals/comments/1g8o5v5/daily_golf_deals_10212024/) in case you missed it

**DISCOUNT CODES:**

* Get up to 30% off TaylorMade Preowned clubs at [GlobalGolf.com](https://dailygolfsteals.com/go-store/globalgolf). No code needed. Use GOLFER2024 for 10% off anything else.
* Get 10% off at [JustGolfStuff.com](https://justgolfstuff.com/) with code GOLFSTUFF10. Exclusions apply.
* Get 15% off a single item at [WorldWideGolf.com](https://dailygolfsteals.com/go-store/worldwidegolfshops) with code WWGWB15 (exclusions apply)
* Use KOSTER15 at [Rhoback.com](https://www.rhoback.com) to get 15% off first-time orders
* Use HOLEINEONE at [RockBottomGolf.com](https://dailygolfsteals.com/go-store/rockbottomgolf) for $10 off $50
* Get 15% off used golf balls through month-end at [CleanGreenGolfBalls.com](https://dailygolfsteals.com/go/15-off-any-mint-quality-golf-balls-at-cleangreengolfballs-2/12087) with code CGGB15. Includes both low-end (e.g. [hit-away](https://cleangreengolfballs.com/products/100-recycled-hit-away-practice-golf-balls) and high-end balls (e.g. Mint AAAA+ [ProV1s](https://dailygolfsteals.com/go/20-1-dozen-titleist-pro-v1-mix-mint-condition-5a/12632), [TP5x](https://dailygolfsteals.com/go/21-1-dozen-taylormade-tp5x-mix-mint-condition-5a/12793))
* Veterans / First Responders (approximately 15% off across each): [Taylormade](https://www.taylormadegolf.com/idme), [PXG](https://www.pxg.com/en-us/heroes), [Dunlop brands - Srixon, Cleveland, XXIO](https://support.dunlopsports.com/hc/en-us/articles/360052054872-Military-Discounts), [Callaway](https://prf.hn/click/camref:1100ljyWz/ar:military/destination:https%3A%2F%2Fwww.callawaygolf.com%2Fmilitary-discount-program%2F), [Wilson](https://www.wilson.com/en-us/explore/military-discount) and [PING](https://ping.com/en-us/community/military-rebate) all offer discounts

 

**CANADIAN DEALS**

Your Tuesday Canadian deals. Sign-up to get these deals via email below. Leave a comment if there is anything you would like me to keep an eye out for. Click [here ](https://www.reddit.com/r/CanadaGolfDeals/)to join my Canada deals subreddit.

**GOLF CLUBS**

~~$250~~ [$212 MINT TaylorMade Spider GTX Black Putter ](https://www.canadagolfdeals.com/go/212-mint-taylormade-spider-gtx-black-putter/19688): Available in RH, and 35"" Length. No code needed. Shipping is free

 

**GOLF BAGS**

~~$340~~ [$189 PING Hoofer Lite Stand Bag](https://www.canadagolfdeals.com/go/189-ping-hoofer-lite-stand-bag/19692): Available in Blue. No code needed. Shipping is free

 

**GOLF BALLS**

~~$60~~ [$35 for 2x Dozen TaylorMade RBZ Distance Golf Balls](https://www.canadagolfdeals.com/go/35-for-2x-dozen-taylormade-rbz-distance-golf-balls/19694): Available in White. No code needed. Shipping is $9.99

 

**SHOES**

~~$130~~ [$90 New Balance Fresh Foam ROAV Golf Shoes](https://www.canadagolfdeals.com/90-new-balance-fresh-foam-roav-golf-shoes): Available in White/Navy, Sizes 8-11. No code needed. Shipping is free on orders $100+

 

**APPAREL**

~~$220~~ [$154 Peter Millar Men's Perth Birdseye Performance 1/4 Zip Pullover](https://www.canadagolfdeals.com/go/154-peter-millar-mens-perth-birdseye-performance-14-zip-pullover/19698): Available in Blue, Sizes M-2XL. No code needed. Shipping is free

~~$85~~ [$64 Under Armour Men's Playoff 3.0 Stripe Polo](https://www.canadagolfdeals.com/go/64-under-armour-mens-playoff-3-0-stripe-polo/19700): Available in multiple colors, Sizes S-2XL (availability and pricing may vary). No code needed. Shipping is free

 

**COURSES**

~~$89~~ [$49 for 2x Green Fees at Niagara Falls Golf Club ](https://www.canadagolfdeals.com/go/49-for-2x-green-fees-at-niagara-falls-golf-club/19696): Get 18 holes of golf at Niagara Falls Golf Club for 2 people. No code needed

 

**ACCESSORIES**

~~$50~~ [$20 Adidas Hydrophobic Tour Golf Hat](https://www.canadagolfdeals.com/20-adidas-hydrophobic-tour-golf-hat): Available in White. No code needed. Shipping is $9.99

 

**OTHER**

**Don’t miss another deal** - [Sign-up here](https://www.canadagolfdeals.com/) to get these posts via email twice a week (7:30am PT / 10:30am ET).

**Previous deals** - click [here](https://www.reddit.com/r/CanadaGolfDeals/comments/1g6hhn9/canadian_golf_deals_10182024/) in case you missed it

Note: I may earn commissions on these deals when you make a purchase. This income helps cover the costs involved in building scraping tools / identifying these deals.",tuesday daily deal sign get deal via email leave comment anything would like keep eye golf club 180 113 mint taylormade stealth driving iron available rh stiff flex 3h loft use code golfer2024 checkout shipping free 110 93 like new lh callaway apex 21 hybrid available lh regular flex 4h loft available rh regular flex 4h loft 107 code needed shipping 9 95 300 250 new powerbilt pro complete golf set 9 piece golf set driver 3w 5h 6 pw putter lightweight stand bag code needed shipping free apparel 110 44 adidas ultimate365 anorak available black size xl code needed shipping free order 100 85 37 puma men jackpot golf pant available 7 color size 28 40 availability vary based color use code wwgwb15 checkout shipping 8 99 140 23 2x walter hagen men performance golf polo available 3 color size 2xl whilst stock last code needed add 2x cart discount shipping free order 99 160 53 2x adidas ultimate365 woman frill skort available black white size xl perfect golfing girlfriend sister simply add 2x cart use code get30 shipping free adiclub 5 sitewide adidas sale buy 2x item get 30 mix match save 30 clothing shoe use code get30 exclusion apply golf bag 250 61 izzo golf versa hybrid stand bag available 4 design 11 club divider keep club organized code needed shipping free order 75 shoe 90 63 new balance fresh foam roav spikeless golf shoe available black grey size 8 15 use code golfer2024 checkout shipping free order 99 accessory 35 24 forearm band golfer elbow fit adult non invasive perfect everyday use apply coupon product page shipping free prime miss another deal sign get post via email every day 7 30am pt 10 30am et monday deal click case missed discount code get 30 taylormade preowned club globalgolf com code needed use golfer2024 10 anything else get 10 justgolfstuff com code golfstuff10 exclusion apply get 15 single item worldwidegolf com code wwgwb15 exclusion apply use koster15 rhoback com get 15 first time order use holeineone rockbottomgolf com 10 50 get 15 used golf ball month end cleangreengolfballs com code cggb15 includes low end e g hit away high end ball e g mint aaaa prov1s tp5x veteran first responder approximately 15 across taylormade pxg dunlop brand srixon cleveland xxio callaway wilson ping offer discount canadian deal tuesday canadian deal sign get deal via email leave comment anything would like keep eye click join canada deal subreddit golf club 250 212 mint taylormade spider gtx black putter available rh 35 length code needed shipping free golf bag 340 189 ping hoofer lite stand bag available blue code needed shipping free golf ball 60 35 2x dozen taylormade rbz distance golf ball available white code needed shipping 9 99 shoe 130 90 new balance fresh foam roav golf shoe available white navy size 8 11 code needed shipping free order 100 apparel 220 154 peter millar men perth birdseye performance 1 4 zip pullover available blue size 2xl code needed shipping free 85 64 armour men playoff 3 0 stripe polo available multiple color size 2xl availability pricing may vary code needed shipping free course 89 49 2x green fee niagara fall golf club get 18 hole golf niagara fall golf club 2 people code needed accessory 50 20 adidas hydrophobic tour golf hat available white code needed shipping 9 99 miss another deal sign get post via email twice week 7 30am pt 10 30am et previous deal click case missed note may earn commission deal make purchase income help cover cost involved building scraping tool identifying deal
Cam Atkinson Cannon,Comes with Meigrey loa. Asking $450cad obo,27,1gahn7p,hockeyjerseys,https://www.reddit.com/gallery/1gahn7p,2,2024-10-23 18:24:21,Reddit,Comes with Meigrey loa. Asking $450cad obo,come meigrey loa asking 450cad obo
🌱Amalia Sadida=Adidas🌱,,232,1g9jrmy,wakfu,https://i.redd.it/7f8h6zomkbwd1.jpeg,4,2024-10-22 14:40:50,Reddit,🌱Amalia Sadida=Adidas🌱,amalia sadida adidas
Maybe unpopular opinion but I think Vieira as destroyer is better than anchor man,"I was lucky to got him after 20 tries, I just have played like 5 marches with him and I think this new playstile decreases him as he tends to fall back instead of going out to press, I have being playing with the Legendary Vieira (purple background) until I got this new one and at this moment I think that style fits him better, maybe I'm wrong and I need to see him more, but this is my point of view.",10,1gavpg9,eFootball,https://i.redd.it/m390ji9b8nwd1.png,3,2024-10-24 05:52:33,Reddit,"I was lucky to got him after 20 tries, I just have played like 5 marches with him and I think this new playstile decreases him as he tends to fall back instead of going out to press, I have being playing with the Legendary Vieira (purple background) until I got this new one and at this moment I think that style fits him better, maybe I'm wrong and I need to see him more, but this is my point of view.",lucky got 20 try played like 5 march think new playstile decrease tends fall back instead going press playing legendary vieira purple background got new one moment think style fit better maybe wrong need see point view
