Title,content,Score,ID,Subreddit,URL,Comments,Created,Source,content_to_process,processed_content
Puma mirage OG,,22,1gamnpd,moresneakers,https://www.reddit.com/gallery/1gamnpd,1,2024-10-23 22:00:34,Reddit,Puma mirage OG,puma mirage og
Williams x Puma 2024 T-Shirt down to £16 on Puma’s official eBay outlet,,14,1gagkki,WilliamsF1,https://www.ebay.co.uk/itm/135231744277?mkcid=1&mkevt=1&mkrid=710-53481-19255-0&ssspo=gmnsuxbltge&sssrc=4429486&ssuid=hdNH0NGoSG6&var=434682697439&widget_ver=artemis&media=COPY&siteid=3&campid=5338797255&customid=&toolid=10001,6,2024-10-23 17:40:38,Reddit,Williams x Puma 2024 T-Shirt down to £16 on Puma’s official eBay outlet,williams x puma 2024 shirt 16 puma official ebay outlet
Puma roots ,Had to go back where I started collecting with Pumas..found this nice collab with KidSuper Studios x Easy Rider. Yup winter colors ain't all dark.,10,1gafga3,Sneakers,https://www.reddit.com/gallery/1gafga3,2,2024-10-23 16:55:02,Reddit,Had to go back where I started collecting with Pumas..found this nice collab with KidSuper Studios x Easy Rider. Yup winter colors ain't all dark.,go back started collecting puma found nice collab kidsuper studio x easy rider yup winter color dark
Puma mirage og ,,4,1ganorp,whatsonyourfeet,https://www.reddit.com/gallery/1ganorp,0,2024-10-23 22:47:09,Reddit,Puma mirage og ,puma mirage og
Puma Parks,Does Parks have a Puma sponsorship?,39,1g9r1tn,joebuddennetwork,https://i.redd.it/vfntkrjb2dwd1.jpeg,14,2024-10-22 19:41:10,Reddit,Does Parks have a Puma sponsorship?,park puma sponsorship
Reinsalu Sport's new Ford Puma Supercar,,14,1gagy22,FIAWorldRX,https://i.redd.it/5y94li6gojwd1.jpeg,2,2024-10-23 17:55:52,Reddit,Reinsalu Sport's new Ford Puma Supercar,reinsalu sport new ford puma supercar
Puma Punku,"Does anyone remember ancient aliens and this specific site?

This one was always the most impressive and unexplainable to me.

I know gobekli tepi or however you spell it is super hot right now, but i never hear about this place.

Has there been any updates or explanations given for how those cuts were created or how the entire site was blown apart?",4,1g9rnt5,conspiracy,https://www.reddit.com/r/conspiracy/comments/1g9rnt5/puma_punku/,23,2024-10-22 20:05:45,Reddit,"Does anyone remember ancient aliens and this specific site?

This one was always the most impressive and unexplainable to me.

I know gobekli tepi or however you spell it is super hot right now, but i never hear about this place.

Has there been any updates or explanations given for how those cuts were created or how the entire site was blown apart?",anyone remember ancient alien specific site one always impressive unexplainable know gobekli tepi however spell super hot right never hear place update explanation given cut created entire site blown apart
Ford Puma Tier 13 Speed Record ,"As we all know, tier 13 of the Ford Puma LTS has a notorious speed record. In the video that is posted, I tried 3 different ways to reach a high top speed (first clip is 40 seconds, the other 2 clips are 34 seconds).

For some reason, there’s one section of the club circuit that does not count as off road even though it is. 

Since I am not playing the Ford Puma LTS, I just wanted to share this with others to see if what I posted would work.

These trials were done in the Radical SR10 XXR exclusive series.",5,1gajn92,realracing,https://v.redd.it/0h5qvk809kwd1,3,2024-10-23 19:53:32,Reddit,"As we all know, tier 13 of the Ford Puma LTS has a notorious speed record. In the video that is posted, I tried 3 different ways to reach a high top speed (first clip is 40 seconds, the other 2 clips are 34 seconds).

For some reason, there’s one section of the club circuit that does not count as off road even though it is. 

Since I am not playing the Ford Puma LTS, I just wanted to share this with others to see if what I posted would work.

These trials were done in the Radical SR10 XXR exclusive series.",know tier 13 ford puma lts notorious speed record video posted tried 3 different way reach high top speed first clip 40 second 2 clip 34 second reason one section club circuit count road even though since playing ford puma lts wanted share others see posted would work trial done radical sr10 xxr exclusive series
"PUMA, DO NOT ABBREVIATE CHRISTIAN PULISIC",,654,1g9ntpg,soccercirclejerk,https://i.redd.it/y2jwqkfpecwd1.jpeg,16,2024-10-22 17:28:48,Reddit,"PUMA, DO NOT ABBREVIATE CHRISTIAN PULISIC",puma abbreviate christian pulisic
Playing on an aau shoe circuit (puma),"I am a junior in hs, 6’4 and i play sg. I recently got offered a spot on an aau team from a camp that i attended. I did well in the camp and the coach got my info and told me about the opportunity. I want to do it but there’s some roadblocks. The team is in another state and i live 1hr and 30 mins away from the practice facility (we have practice once a week). Also it costs over $1000 to be on the team for uniform and tourney costs. I also have to pay for transportation, hotels, and food. The team has 2 “live periods” in July where all the coaches are gonna be. This is gonna cost a lot and I don’t want my parents to suffer financially. I feel like it’s a big investment and I don’t know if I will get a good return on it. I ultimately want to play college basketball, so how much will this help me in my goal?",3,1gar9m5,BasketballTips,https://www.reddit.com/r/BasketballTips/comments/1gar9m5/playing_on_an_aau_shoe_circuit_puma/,9,2024-10-24 01:38:27,Reddit,"I am a junior in hs, 6’4 and i play sg. I recently got offered a spot on an aau team from a camp that i attended. I did well in the camp and the coach got my info and told me about the opportunity. I want to do it but there’s some roadblocks. The team is in another state and i live 1hr and 30 mins away from the practice facility (we have practice once a week). Also it costs over $1000 to be on the team for uniform and tourney costs. I also have to pay for transportation, hotels, and food. The team has 2 “live periods” in July where all the coaches are gonna be. This is gonna cost a lot and I don’t want my parents to suffer financially. I feel like it’s a big investment and I don’t know if I will get a good return on it. I ultimately want to play college basketball, so how much will this help me in my goal?",junior h 6 4 play sg recently got offered spot aau team camp attended well camp coach got info told opportunity want roadblock team another state live 1hr 30 min away practice facility practice week also cost 1000 team uniform tourney cost also pay transportation hotel food team 2 live period july coach gonna gonna cost lot want parent suffer financially feel like big investment know get good return ultimately want play college basketball much help goal
Match Thread: Monterrey vs Pumas UNAM | Liga BBVA MX,"#**FT: Monterrey 0-0 Pumas UNAM**





--------

**Venue:** Estadio BBVA

[Auto-refreshing reddit comments link](http://www.reddit-stream.com/comments/1gaqa0s)

---------

[](#icon-notes-big) **LINE-UPS**

**Monterrey**

Esteban Andrada, Héctor Moreno, Stefan Medina, Gerardo Arteaga, Érick Aguirre ([](#icon-sub)Jesús Corona), Fidel Ambríz, Iker Fimbres ([](#icon-sub)Jordi Cortizo), Lucas Ocampos, Sergio Canales, Germán Berterame ([](#icon-sub)Roberto de la Rosa), Óliver Torres ([](#icon-sub)Víctor Guzmán).

**Subs:** Cesar Garza, Edson Gutiérrez, Johan Rojas, Brandon Vázquez, Luis Cárdenas, Sebastián Vegas.

^____________________________

**Pumas UNAM**

Julio González, Lisandro Magallán ([](#icon-sub)Santiago Trigos), Rubén Duarte, Nathan Silva, Robert Ergas, Pablo Bennevendo, José Caicedo, Piero Quispe ([](#icon-sub)Ulises Rivas), Jorge Ruvalcaba ([](#icon-sub)Ángel Rico), Ignacio Pussetto ([](#icon-sub)Ali Avila), Guillermo Martínez ([](#icon-sub)Rogelio Funes Mori).

**Subs:** Gil Alcala, Jesús Rivas, Michell Rodríguez, Rodrigo López, Pablo Alfonso Monroy.

------------

[](#icon-net-big) **MATCH EVENTS** | *via [ESPN](http://www.espn.com/soccer/match?gameId=703634)*



**45'** [](#icon-sub) Substitution, Pumas UNAM. Rogelio Funes Mori replaces Guillermo Martínez.

**45'** [](#icon-sub) Substitution, Pumas UNAM. Ángel Rico replaces Jorge Ruvalcaba.

**63'** [](#icon-sub) Substitution, Monterrey. Jesús Corona replaces Érick Aguirre.

**63'** [](#icon-sub) Substitution, Monterrey. Víctor Guzmán replaces Óliver Torres.

**69'** [](#icon-sub) Substitution, Pumas UNAM. Ulíses Rivas replaces Piero Quispe.

**69'** [](#icon-sub) Substitution, Pumas UNAM. Alí Ávila replaces Ignacio Pussetto.

**79'** [](#icon-sub) Substitution, Monterrey. Roberto de la Rosa replaces Germán Berterame.

**80'** [](#icon-sub) Substitution, Monterrey. Jordi Cortizo replaces Iker Fimbres.

**82'** [](#icon-sub) Substitution, Pumas UNAM. Santiago Trigos replaces Lisandro Magallán because of an injury.



--------

*^(Don't see a thread for a match you're watching?) [^(Click here)](https://www.reddit.com/r/soccer/wiki/matchthreads#wiki_match_thread_bot) ^(to learn how to request a match thread from this bot.)*",10,1gaqa0s,LigaMX,https://www.reddit.com/r/LigaMX/comments/1gaqa0s/match_thread_monterrey_vs_pumas_unam_liga_bbva_mx/,31,2024-10-24 00:49:24,Reddit,"#**FT: Monterrey 0-0 Pumas UNAM**





--------

**Venue:** Estadio BBVA

[Auto-refreshing reddit comments link](http://www.reddit-stream.com/comments/1gaqa0s)

---------

[](#icon-notes-big) **LINE-UPS**

**Monterrey**

Esteban Andrada, Héctor Moreno, Stefan Medina, Gerardo Arteaga, Érick Aguirre ([](#icon-sub)Jesús Corona), Fidel Ambríz, Iker Fimbres ([](#icon-sub)Jordi Cortizo), Lucas Ocampos, Sergio Canales, Germán Berterame ([](#icon-sub)Roberto de la Rosa), Óliver Torres ([](#icon-sub)Víctor Guzmán).

**Subs:** Cesar Garza, Edson Gutiérrez, Johan Rojas, Brandon Vázquez, Luis Cárdenas, Sebastián Vegas.

^____________________________

**Pumas UNAM**

Julio González, Lisandro Magallán ([](#icon-sub)Santiago Trigos), Rubén Duarte, Nathan Silva, Robert Ergas, Pablo Bennevendo, José Caicedo, Piero Quispe ([](#icon-sub)Ulises Rivas), Jorge Ruvalcaba ([](#icon-sub)Ángel Rico), Ignacio Pussetto ([](#icon-sub)Ali Avila), Guillermo Martínez ([](#icon-sub)Rogelio Funes Mori).

**Subs:** Gil Alcala, Jesús Rivas, Michell Rodríguez, Rodrigo López, Pablo Alfonso Monroy.

------------

[](#icon-net-big) **MATCH EVENTS** | *via [ESPN](http://www.espn.com/soccer/match?gameId=703634)*



**45'** [](#icon-sub) Substitution, Pumas UNAM. Rogelio Funes Mori replaces Guillermo Martínez.

**45'** [](#icon-sub) Substitution, Pumas UNAM. Ángel Rico replaces Jorge Ruvalcaba.

**63'** [](#icon-sub) Substitution, Monterrey. Jesús Corona replaces Érick Aguirre.

**63'** [](#icon-sub) Substitution, Monterrey. Víctor Guzmán replaces Óliver Torres.

**69'** [](#icon-sub) Substitution, Pumas UNAM. Ulíses Rivas replaces Piero Quispe.

**69'** [](#icon-sub) Substitution, Pumas UNAM. Alí Ávila replaces Ignacio Pussetto.

**79'** [](#icon-sub) Substitution, Monterrey. Roberto de la Rosa replaces Germán Berterame.

**80'** [](#icon-sub) Substitution, Monterrey. Jordi Cortizo replaces Iker Fimbres.

**82'** [](#icon-sub) Substitution, Pumas UNAM. Santiago Trigos replaces Lisandro Magallán because of an injury.



--------

*^(Don't see a thread for a match you're watching?) [^(Click here)](https://www.reddit.com/r/soccer/wiki/matchthreads#wiki_match_thread_bot) ^(to learn how to request a match thread from this bot.)*",ft monterrey 0 0 puma unam venue estadio bbva auto refreshing reddit comment link icon note big line ups monterrey esteban andrada héctor moreno stefan medina gerardo arteaga érick aguirre icon sub jesús corona fidel ambríz iker fimbres icon sub jordi cortizo lucas ocampos sergio canales germán berterame icon sub roberto de la rosa óliver torres icon sub víctor guzmán sub cesar garza edson gutiérrez johan rojas brandon vázquez luis cárdenas sebastián vega puma unam julio gonzález lisandro magallán icon sub santiago trigos rubén duarte nathan silva robert ergas pablo bennevendo josé caicedo piero quispe icon sub ulises rivas jorge ruvalcaba icon sub ángel rico ignacio pussetto icon sub ali avila guillermo martínez icon sub rogelio funes mori sub gil alcala jesús rivas michell rodríguez rodrigo lópez pablo alfonso monroy icon net big match event via espn 45 icon sub substitution puma unam rogelio funes mori replaces guillermo martínez 45 icon sub substitution puma unam ángel rico replaces jorge ruvalcaba 63 icon sub substitution monterrey jesús corona replaces érick aguirre 63 icon sub substitution monterrey víctor guzmán replaces óliver torres 69 icon sub substitution puma unam ulíses rivas replaces piero quispe 69 icon sub substitution puma unam alí ávila replaces ignacio pussetto 79 icon sub substitution monterrey roberto de la rosa replaces germán berterame 80 icon sub substitution monterrey jordi cortizo replaces iker fimbres 82 icon sub substitution puma unam santiago trigos replaces lisandro magallán injury see thread match watching click learn request match thread bot
Is it worth it playing on an aau circuit? (Puma),"
I am a junior in hs, 6’4 and i play sg. I recently got offered a spot on an aau team from a camp that i attended. I did well in the camp and the coach got my info and told me about the opportunity. I want to do it but there’s some roadblocks. The team is in another state and i live 1hr and 30 mins away from the practice facility (we have practice once a week). Also it costs over $1000 to be on the team for uniform and tourney costs. I also have to pay for transportation, hotels, and food. The team has 2 “live periods” in July where all the coaches are gonna be. This is gonna cost a lot and I don’t want my parents to suffer financially. I feel like it’s a big investment and I don’t know if I will get a good return on it. I ultimately want to play college basketball, so how much will this help me in my goal?",3,1garbho,Basketball,https://www.reddit.com/r/Basketball/comments/1garbho/is_it_worth_it_playing_on_an_aau_circuit_puma/,2,2024-10-24 01:41:05,Reddit,"
I am a junior in hs, 6’4 and i play sg. I recently got offered a spot on an aau team from a camp that i attended. I did well in the camp and the coach got my info and told me about the opportunity. I want to do it but there’s some roadblocks. The team is in another state and i live 1hr and 30 mins away from the practice facility (we have practice once a week). Also it costs over $1000 to be on the team for uniform and tourney costs. I also have to pay for transportation, hotels, and food. The team has 2 “live periods” in July where all the coaches are gonna be. This is gonna cost a lot and I don’t want my parents to suffer financially. I feel like it’s a big investment and I don’t know if I will get a good return on it. I ultimately want to play college basketball, so how much will this help me in my goal?",junior h 6 4 play sg recently got offered spot aau team camp attended well camp coach got info told opportunity want roadblock team another state live 1hr 30 min away practice facility practice week also cost 1000 team uniform tourney cost also pay transportation hotel food team 2 live period july coach gonna gonna cost lot want parent suffer financially feel like big investment know get good return ultimately want play college basketball much help goal
Ford Puma WRC ,Finally got the Puma,11,1g9a5dn,RealRacing3,https://www.reddit.com/gallery/1g9a5dn,3,2024-10-22 04:44:48,Reddit,Finally got the Puma,finally got puma
Puma stalks a lone Peccary ,,466,1g8vj6x,Pumaconcolor,https://v.redd.it/eqcy4lrda5wd1,18,2024-10-21 17:32:49,Reddit,Puma stalks a lone Peccary ,puma stalk lone peccary
What's the name of this pair ? Can't find them on Puma official website,,3,1gav8kq,PUMA,https://www.reddit.com/gallery/1gav8kq,0,2024-10-24 05:20:29,Reddit,What's the name of this pair ? Can't find them on Puma official website,name pair find puma official website
Ford Puma WRC Limited Series ,"Currently there's an issue with the speed record at CotA in tier 13 of the Limited Series for the Ford Puma. 

With the cheapest upgrade tree of ""all 3s"", it's not possible to get a top 3 finish for the car in tier 13.1. 

The devs have confirmed they will not be fixing this issue, so you'll need to use the alternate upgrade tree of 5333313 which costs 45 gold more than all 3s.

If you've already done the all 3s upgrades, you'll need to add the 4th engine upgrade which will cost 75 gold.",8,1g9bg8n,RealRacing3,https://www.reddit.com/r/RealRacing3/comments/1g9bg8n/ford_puma_wrc_limited_series/,7,2024-10-22 06:10:25,Reddit,"Currently there's an issue with the speed record at CotA in tier 13 of the Limited Series for the Ford Puma. 

With the cheapest upgrade tree of ""all 3s"", it's not possible to get a top 3 finish for the car in tier 13.1. 

The devs have confirmed they will not be fixing this issue, so you'll need to use the alternate upgrade tree of 5333313 which costs 45 gold more than all 3s.

If you've already done the all 3s upgrades, you'll need to add the 4th engine upgrade which will cost 75 gold.",currently issue speed record cota tier 13 limited series ford puma cheapest upgrade tree 3 possible get top 3 finish car tier 13 1 devs confirmed fixing issue need use alternate upgrade tree 5333313 cost 45 gold 3 already done 3 upgrade need add 4th engine upgrade cost 75 gold
PUMA Launches First-Ever Global Basketball Campaign - sneakerize.gr,,2,1ga7fny,SneakerizeGR,https://sneakerize.gr/puma-launches-first-ever-global-basketball-campaign/,0,2024-10-23 10:42:09,Reddit,PUMA Launches First-Ever Global Basketball Campaign - sneakerize.gr,puma launch first ever global basketball campaign sneakerize gr
puma! my beautiful old lady :),,79,1g8vjq8,CalicoKittys,https://www.reddit.com/gallery/1g8vjq8,1,2024-10-21 17:33:23,Reddit,puma! my beautiful old lady :),puma beautiful old lady
"First time trying these, I’ve only had the puma one",,9,1g9tx95,Sprecher,https://i.redd.it/4ukz0l3sndwd1.jpeg,17,2024-10-22 21:41:28,Reddit,"First time trying these, I’ve only had the puma one",first time trying puma one
🔥A group of puma cubs stalks their potential guanaco prey,,1046,1g8q4k0,NatureIsFuckingLit,https://i.redd.it/qsyl4xii64wd1.jpeg,12,2024-10-21 13:48:51,Reddit,🔥A group of puma cubs stalks their potential guanaco prey,group puma cub stalk potential guanaco prey
Should the wolves/pumas stay in the wild?,"In Denmark there is a big debate, that shows a rural vs urban divide on whether or not wolves should stay in the forests living wildly or be dosmeticated (or also, should wolves be reintroduced or leave the forests without them?) 

Reintroduction programs have happened in the USA and Germany, and many german wolves sneak to denmark. Causing this ruckus. 

What do you think? Latin Americans near mountains with pumas (mountain lions) or near the amazon or orinoco basin. What do you think of wild life near humans? ",4,1g9gyl4,asklatinamerica,https://www.reddit.com/r/asklatinamerica/comments/1g9gyl4/should_the_wolvespumas_stay_in_the_wild/,36,2024-10-22 12:30:25,Reddit,"In Denmark there is a big debate, that shows a rural vs urban divide on whether or not wolves should stay in the forests living wildly or be dosmeticated (or also, should wolves be reintroduced or leave the forests without them?) 

Reintroduction programs have happened in the USA and Germany, and many german wolves sneak to denmark. Causing this ruckus. 

What do you think? Latin Americans near mountains with pumas (mountain lions) or near the amazon or orinoco basin. What do you think of wild life near humans? ",denmark big debate show rural v urban divide whether wolf stay forest living wildly dosmeticated also wolf reintroduced leave forest without reintroduction program happened usa germany many german wolf sneak denmark causing ruckus think latin american near mountain puma mountain lion near amazon orinoco basin think wild life near human
Puma Future Rider Series - 6 or 7 holes for laces on the same model. Why?,,2,1gajyxk,PUMA,https://www.reddit.com/gallery/1gab5cd,4,2024-10-23 20:06:42,Reddit,Puma Future Rider Series - 6 or 7 holes for laces on the same model. Why?,puma future rider series 6 7 hole lace model
Puma Future Rider Series - 6 or 7 holes for laces on the same model. Why?,"Why some Puma Future Rider series have holes for 6, while the same model have holes for 7 laces?",3,1gab5cd,SneakersIndia,https://www.reddit.com/gallery/1gab5cd,8,2024-10-23 13:55:10,Reddit,"Why some Puma Future Rider series have holes for 6, while the same model have holes for 7 laces?",puma future rider series hole 6 model hole 7 lace
"28 years old, 2021-2024. 274lbs to 183lbs.","3 year weight loss journey & transformation 
",69529,1gamsxf,GYM,https://www.reddit.com/gallery/1gamsxf,3542,2024-10-23 22:06:47,Reddit,"3 year weight loss journey & transformation 
",3 year weight loss journey transformation
Vote Yes On 127 To Ban Puma Hunting In November,"Vote yes on [127](https://catsarenttrophies.org/) to ban puma sport hunting on the 2024 Colorado ballot.

A ban on puma hunting will have many benefits and the ban has the support of leading biologists specializing in pumas.

""Dr. Barry R. Noon, Ph.D., Professor Emeritus of the Department of Fish, Wildlife and Conservation Biology at Colorado State University and Dr. Fernando Nájera, DVM MS Ph.D., Director of California Carnivores Program at the Karen C. Drayer Wildlife Health Center of UC Davis School of Veterinary Medicine, are the two most recent leading wildlife science experts to join the legendary **Dr. Jane Goodall, PhD, DBE in a public letter that states** “Mountain lion trophy hunting is unnecessary to manage stable mountain lion populations.”

The letter is now signed by 22 scientists, including three former top scientists with the National Park Service; and an assembly of other reputed wildlife biologists with hands-on field work with mountain lions in the West.

**20 Professional Wildlife Biologists, Ecologists and Working Wildlife Research Scientists, Including Specialized Experts on Mountain Lion Science, on this letter include:**

Collette Atkins, M.S., Marc Bekoff, Ph.D.., Mary Foley, Ph.D., Dr. Jane Goodall, Ph.D., DBE, Rick Hopkins, Ph.D., David Jennings, Ph.D., Fred Koontz, Ph.D., Elaine Leslie, Ph.D., Kent Livezey, M.S., Michelle Lute, Ph.D., Delia Malone, Ph.D., Erik Molver, M.S., Carter Niemeyer, M.S., Michael Pardo, Ph.D., Joshua Rosenau, M.S., Francisco J. Santiago-Ávila, MPP/MEM, Ph.D., Michael Soukup, Ph.D., Adrian Treves, Ph.D., T. Winston Vickers, DVM, MPVM, Robert Wielgus, Ph.D., Barry Noon, Ph.D., Fernando Nájera, Ph.D.""

Puma hunting is harmful towards pumas, other wildlife, and people. Hunting pumas is done for sport and the only benefit is satisfying the desires of the idiot shooting them. It has no place in any society and there are many places that function great without puma hunting. The arguments presented by people that hunt pumas are idiotic and unscientific. Here is why puma hunting should be banned.

**1. Pumas Are Not Very Dangerous To People**

Firstly, I want to address the dangers pumas may present to people. I've seen many people, including on here, advocate for hunting pumas to reduce the dangers to people. The idea that pumas need to be hunted in order to reduce the risks to people is absolute nonsense and is purely an emotional argument. You have a higher chance of being struck by lightning on your birthday than being attacked by a puma. If hunting was needed in order to protect people then you would see more people being attacked in places where puma hunting is illegal like California. [Hunting pumas was banned in California in 1972. California has the third lowest rate of per-capita attacks compared to 10 other western states with pumas.](https://www.ncbi.nlm.nih.gov/pmc/articles/PMC7018503/) There are so many places where pumas coexist peacefully with people. It's time to learn from them.

**2. Sport Hunting Does Not Reduce The Already Slim Chances Of A Conflict With A Puma**

Additionally, sport hunting doesn't do much to decrease the numbers of pumas which would be needed to reduce the already slim chances of an attack. This is evident because places where puma hunting is allowed have similar puma densities compared to places where hunting is banned like California. The only way that hunting would eliminate the chances of attacks is by killing off pumas until they're gone which nobody wants.

**3. Sport Hunting Pumas Increases The Risk For Conflict With People**

Also, hunting pumas actually increases the chances of an attack on a person. This is explained by source-sink dynamics where killing one puma doesn't mean that there is one less potential danger, but instead frees up territory for a younger puma to fill. These younger pumas are the ones more likely to attack and get into conflict with people. Furthermore, pumas, like other big predators, have complex social interactions that are important for reducing conflicts with people. Pumas stay with their mothers for the first two years where they will learn to hunt and how to leave people alone. Hunting disrupts these social behaviors and increases the number of conflicts pumas have with people. Statewide tooth age date reveal that more subadult and juvenile pumas are being shot by trophy hunters which indicates high hunting pressure causing a decline in the age of the puma population. Predation has a strong learned component for pumas and this younger population will have less experience in securing food, making them more likely to go after people's pets which increases the chances of someone getting hurt by a puma.

**4. Addressing The Sensationalist Cases Of Pumas In The Media**

Next, I want to address the sensationalist cases of puma encounters in the media, including on here. People are quick to say that the puma should be shot and that people need to start hunting them more. However, there are two things these cases have in common. The first is that it's often people who are leaving their pets outside and unattended in puma territory which is completely irresponsible pet ownership. These situations are preventable if people would just be more responsible. The second is that it's often a younger puma. Again, it's these younger pumas that are more likely to get into conflict with people and hunting only makes it worse. Keep in mind that about 40% of pumas hunted are females and young pumas will stay with their mothers for up to two years to learn how to hunt and leave people alone. ""*“Whenever you have trophy hunting mountain lions, you will have created orphans.”* Rick Hopkins, Ph.D., a nationally recognized wildlife ecologist, who has dedicated more than 45 years to the study of large mammalian carnivores.""

**5. Big Predators Like Pumas Regulate Their Own Numbers And Don't Need People To Hunt Them To Keep Sustainable Numbers Or Prevent Overpopulation**

Pumas do this through slow reproduction and development, extended parental care, infanticide, the availability of prey, and other behaviors. This is why places like California, which banned puma hunting in 1972, have the same densities of pumas as places that allow puma hunting. “These wild cat populations can and do regulate themselves, while providing a multitude of benefits to ecosystems,” states Dr. Elaine Leslie, PhD, former chief of biological services for the National Park Service, who says that “the inhumane trapping and hunting of mountain lions and bobcats is not an ethical management tool.”

**6. The Money Gained From Puma Hunting Does Very Little To Protect Wildlife**

Puma hunting brings in very little money and is not what is protecting wildlife. Less than 1% of hunters in Colorado buy licenses to hunt pumas. The majority of the money comes from licenses to hunt deer and elk with almost half a million applications. Puma hunting is responsible for adding only 0.1% to Colorado's state wildlife budget. Even if puma hunting was more popular, places that have banned puma hunting like California and some Central and South American countries still get plenty of money to protect public land for hunters, other people, and wildlife. Also, I want to add that a lot of what wildlife agencies do isn't conservation. One of the clearest examples of this is the millions of dollars spent on stocking non-native fish species that spread disease and hurt the native wildlife. Although, this is a topic for another post.

**7. Sport Hunting Pumas Does Not Protect Livestock And People's Pets**

Sport hunting targets mature pumas that coexist peacefully with people, going after deer and elk. Hunting these pumas disrupts their social structures and opens new territory for younger pumas who are scientifically proven to be more likely to cause conflicts. Research from field studies and leading puma biologists shows that sport hunting does not protect livestock and people's pets and instead increases the conflicts with pumas.

[Effects of Remedial Sport Hunting on Cougar Complaints and Livestock Depredations](https://www.ncbi.nlm.nih.gov/pmc/articles/PMC3834330/)

* ""we found that complaints and depredations were most strongly associated with cougars harvested the previous year. **The odds of increased complaints and livestock depredations increased dramatically (36 to 240%) with increased cougar harvest.** We suggest that increased young male immigration, social disruption of cougar populations, and associated changes in space use by cougars - caused by increased hunting resulted in the increased complaints and livestock depredations. Widespread indiscriminate hunting does not appear to be an effective preventative and remedial method for reducing predator complaints and livestock depredations.""

[Cougars Of The San Andres Mountains, New Mexico](https://apnm.org/wp-content/uploads/2018/06/Cougars-of-San-Andres-Mtns-New-Mexico-Logan-et-al-1996.pdf)

**8. Puma Hunting Doesn't Meaningfully Increase The Population Of Ungulates**

Some hunters say that pumas need to be hunted in order to increase ungulate populations or keep them at a high level for more hunting opportunities. However, many studies and biologists recognize that sport hunting pumas doesn't meaningfully protect or increase ungulate populations. Even if this wasn't the case, we shouldn't be hunting pumas just because some people aren't good at hunting and want to make it easier. ""*“Sport hunting \[of mountain lions\] to benefit wild ungulates \[aka elk and deer\] populations is not supported by the scientific literature…”* — Colorado’s Division of Wildlife biologists in Cougar Management Guidelines.""

**9. ""The Government Will Use Taxes To Pay People To Hunt Pumas If There Is A Ban So We Should Just Allow Sport Hunting""**

This is one of the most common and idiotic arguments I hear from people that are pro-hunting pumas. Supporters of sport hunting pumas are quick to point to California where it's illegal and how pumas are hunted by the government there in order to protect people. Obviously, there are some cases where a puma must be relocated or hunted to protect people. However, what these people don't understand is that these are specific animals that have been identified as causing conflict. Sport hunting would not help with this, especially considering that sport hunters target the mature animals that live peacefully and not the younger animals that are responsible for causing conflicts. As stated previously, hunters also shoot female pumas and disrupt the important social behaviors that teach them to leave people alone. People that are pro-hunting pumas would want you to believe that the number of pumas killed by sport hunters would just be killed by the government on the taxpayers dime. However, California kills less pumas per year compared to the mean for the ten western states that allow sport hunting for pumas.

[Number of puma killed per year in California compared to the mean for the 10 western states with a sport hunt of puma.](https://www.ncbi.nlm.nih.gov/pmc/articles/PMC7018503/figure/pone.0224638.g001/)

""The numbers for California represent animals specifically identified as conflicting with human safety or livestock depredation and other causes. The numbers for the 10 other states represent animals **killed by sport hunters (80–90%)**, ones specifically identified as conflicting with human safety or livestock depredation, and other causes.""

**10. Puma Hunters Are Not Good At Hunting And Violate Fair Chase Principles**

I'm saying this as a hunter myself, though I hunt for subsistence and not sport. Puma hunters are not good at hunting. They use dogs equipped with GPS collars to chase the puma up a tree and simply walk up and shoot it. They are more like people walking around with guns/bows and shooting a target than hunters. It is laughable that they call themselves hunters when they are using GPS collars. Puma hunting outfitters have been able to advertise a near 100% success rate because of their use of GPS. Sport hunters claim to follow fair chase principles, but GPS collars on dogs remove almost any chance the puma has of getting away. There are many sport hunters supporting the ban on puma hunting because of this.

**An Article You Should Read**

[The Elephant in the room: What can we learn from California regarding the use of sport hunting of pumas (Puma concolor) as a management tool?](https://www.ncbi.nlm.nih.gov/pmc/articles/PMC7018503/)

Thank you for reading!",149,1g8ql3q,Pumaconcolor,https://www.reddit.com/r/Pumaconcolor/comments/1g8ql3q/vote_yes_on_127_to_ban_puma_hunting_in_november/,43,2024-10-21 14:09:13,Reddit,"Vote yes on [127](https://catsarenttrophies.org/) to ban puma sport hunting on the 2024 Colorado ballot.

A ban on puma hunting will have many benefits and the ban has the support of leading biologists specializing in pumas.

""Dr. Barry R. Noon, Ph.D., Professor Emeritus of the Department of Fish, Wildlife and Conservation Biology at Colorado State University and Dr. Fernando Nájera, DVM MS Ph.D., Director of California Carnivores Program at the Karen C. Drayer Wildlife Health Center of UC Davis School of Veterinary Medicine, are the two most recent leading wildlife science experts to join the legendary **Dr. Jane Goodall, PhD, DBE in a public letter that states** “Mountain lion trophy hunting is unnecessary to manage stable mountain lion populations.”

The letter is now signed by 22 scientists, including three former top scientists with the National Park Service; and an assembly of other reputed wildlife biologists with hands-on field work with mountain lions in the West.

**20 Professional Wildlife Biologists, Ecologists and Working Wildlife Research Scientists, Including Specialized Experts on Mountain Lion Science, on this letter include:**

Collette Atkins, M.S., Marc Bekoff, Ph.D.., Mary Foley, Ph.D., Dr. Jane Goodall, Ph.D., DBE, Rick Hopkins, Ph.D., David Jennings, Ph.D., Fred Koontz, Ph.D., Elaine Leslie, Ph.D., Kent Livezey, M.S., Michelle Lute, Ph.D., Delia Malone, Ph.D., Erik Molver, M.S., Carter Niemeyer, M.S., Michael Pardo, Ph.D., Joshua Rosenau, M.S., Francisco J. Santiago-Ávila, MPP/MEM, Ph.D., Michael Soukup, Ph.D., Adrian Treves, Ph.D., T. Winston Vickers, DVM, MPVM, Robert Wielgus, Ph.D., Barry Noon, Ph.D., Fernando Nájera, Ph.D.""

Puma hunting is harmful towards pumas, other wildlife, and people. Hunting pumas is done for sport and the only benefit is satisfying the desires of the idiot shooting them. It has no place in any society and there are many places that function great without puma hunting. The arguments presented by people that hunt pumas are idiotic and unscientific. Here is why puma hunting should be banned.

**1. Pumas Are Not Very Dangerous To People**

Firstly, I want to address the dangers pumas may present to people. I've seen many people, including on here, advocate for hunting pumas to reduce the dangers to people. The idea that pumas need to be hunted in order to reduce the risks to people is absolute nonsense and is purely an emotional argument. You have a higher chance of being struck by lightning on your birthday than being attacked by a puma. If hunting was needed in order to protect people then you would see more people being attacked in places where puma hunting is illegal like California. [Hunting pumas was banned in California in 1972. California has the third lowest rate of per-capita attacks compared to 10 other western states with pumas.](https://www.ncbi.nlm.nih.gov/pmc/articles/PMC7018503/) There are so many places where pumas coexist peacefully with people. It's time to learn from them.

**2. Sport Hunting Does Not Reduce The Already Slim Chances Of A Conflict With A Puma**

Additionally, sport hunting doesn't do much to decrease the numbers of pumas which would be needed to reduce the already slim chances of an attack. This is evident because places where puma hunting is allowed have similar puma densities compared to places where hunting is banned like California. The only way that hunting would eliminate the chances of attacks is by killing off pumas until they're gone which nobody wants.

**3. Sport Hunting Pumas Increases The Risk For Conflict With People**

Also, hunting pumas actually increases the chances of an attack on a person. This is explained by source-sink dynamics where killing one puma doesn't mean that there is one less potential danger, but instead frees up territory for a younger puma to fill. These younger pumas are the ones more likely to attack and get into conflict with people. Furthermore, pumas, like other big predators, have complex social interactions that are important for reducing conflicts with people. Pumas stay with their mothers for the first two years where they will learn to hunt and how to leave people alone. Hunting disrupts these social behaviors and increases the number of conflicts pumas have with people. Statewide tooth age date reveal that more subadult and juvenile pumas are being shot by trophy hunters which indicates high hunting pressure causing a decline in the age of the puma population. Predation has a strong learned component for pumas and this younger population will have less experience in securing food, making them more likely to go after people's pets which increases the chances of someone getting hurt by a puma.

**4. Addressing The Sensationalist Cases Of Pumas In The Media**

Next, I want to address the sensationalist cases of puma encounters in the media, including on here. People are quick to say that the puma should be shot and that people need to start hunting them more. However, there are two things these cases have in common. The first is that it's often people who are leaving their pets outside and unattended in puma territory which is completely irresponsible pet ownership. These situations are preventable if people would just be more responsible. The second is that it's often a younger puma. Again, it's these younger pumas that are more likely to get into conflict with people and hunting only makes it worse. Keep in mind that about 40% of pumas hunted are females and young pumas will stay with their mothers for up to two years to learn how to hunt and leave people alone. ""*“Whenever you have trophy hunting mountain lions, you will have created orphans.”* Rick Hopkins, Ph.D., a nationally recognized wildlife ecologist, who has dedicated more than 45 years to the study of large mammalian carnivores.""

**5. Big Predators Like Pumas Regulate Their Own Numbers And Don't Need People To Hunt Them To Keep Sustainable Numbers Or Prevent Overpopulation**

Pumas do this through slow reproduction and development, extended parental care, infanticide, the availability of prey, and other behaviors. This is why places like California, which banned puma hunting in 1972, have the same densities of pumas as places that allow puma hunting. “These wild cat populations can and do regulate themselves, while providing a multitude of benefits to ecosystems,” states Dr. Elaine Leslie, PhD, former chief of biological services for the National Park Service, who says that “the inhumane trapping and hunting of mountain lions and bobcats is not an ethical management tool.”

**6. The Money Gained From Puma Hunting Does Very Little To Protect Wildlife**

Puma hunting brings in very little money and is not what is protecting wildlife. Less than 1% of hunters in Colorado buy licenses to hunt pumas. The majority of the money comes from licenses to hunt deer and elk with almost half a million applications. Puma hunting is responsible for adding only 0.1% to Colorado's state wildlife budget. Even if puma hunting was more popular, places that have banned puma hunting like California and some Central and South American countries still get plenty of money to protect public land for hunters, other people, and wildlife. Also, I want to add that a lot of what wildlife agencies do isn't conservation. One of the clearest examples of this is the millions of dollars spent on stocking non-native fish species that spread disease and hurt the native wildlife. Although, this is a topic for another post.

**7. Sport Hunting Pumas Does Not Protect Livestock And People's Pets**

Sport hunting targets mature pumas that coexist peacefully with people, going after deer and elk. Hunting these pumas disrupts their social structures and opens new territory for younger pumas who are scientifically proven to be more likely to cause conflicts. Research from field studies and leading puma biologists shows that sport hunting does not protect livestock and people's pets and instead increases the conflicts with pumas.

[Effects of Remedial Sport Hunting on Cougar Complaints and Livestock Depredations](https://www.ncbi.nlm.nih.gov/pmc/articles/PMC3834330/)

* ""we found that complaints and depredations were most strongly associated with cougars harvested the previous year. **The odds of increased complaints and livestock depredations increased dramatically (36 to 240%) with increased cougar harvest.** We suggest that increased young male immigration, social disruption of cougar populations, and associated changes in space use by cougars - caused by increased hunting resulted in the increased complaints and livestock depredations. Widespread indiscriminate hunting does not appear to be an effective preventative and remedial method for reducing predator complaints and livestock depredations.""

[Cougars Of The San Andres Mountains, New Mexico](https://apnm.org/wp-content/uploads/2018/06/Cougars-of-San-Andres-Mtns-New-Mexico-Logan-et-al-1996.pdf)

**8. Puma Hunting Doesn't Meaningfully Increase The Population Of Ungulates**

Some hunters say that pumas need to be hunted in order to increase ungulate populations or keep them at a high level for more hunting opportunities. However, many studies and biologists recognize that sport hunting pumas doesn't meaningfully protect or increase ungulate populations. Even if this wasn't the case, we shouldn't be hunting pumas just because some people aren't good at hunting and want to make it easier. ""*“Sport hunting \[of mountain lions\] to benefit wild ungulates \[aka elk and deer\] populations is not supported by the scientific literature…”* — Colorado’s Division of Wildlife biologists in Cougar Management Guidelines.""

**9. ""The Government Will Use Taxes To Pay People To Hunt Pumas If There Is A Ban So We Should Just Allow Sport Hunting""**

This is one of the most common and idiotic arguments I hear from people that are pro-hunting pumas. Supporters of sport hunting pumas are quick to point to California where it's illegal and how pumas are hunted by the government there in order to protect people. Obviously, there are some cases where a puma must be relocated or hunted to protect people. However, what these people don't understand is that these are specific animals that have been identified as causing conflict. Sport hunting would not help with this, especially considering that sport hunters target the mature animals that live peacefully and not the younger animals that are responsible for causing conflicts. As stated previously, hunters also shoot female pumas and disrupt the important social behaviors that teach them to leave people alone. People that are pro-hunting pumas would want you to believe that the number of pumas killed by sport hunters would just be killed by the government on the taxpayers dime. However, California kills less pumas per year compared to the mean for the ten western states that allow sport hunting for pumas.

[Number of puma killed per year in California compared to the mean for the 10 western states with a sport hunt of puma.](https://www.ncbi.nlm.nih.gov/pmc/articles/PMC7018503/figure/pone.0224638.g001/)

""The numbers for California represent animals specifically identified as conflicting with human safety or livestock depredation and other causes. The numbers for the 10 other states represent animals **killed by sport hunters (80–90%)**, ones specifically identified as conflicting with human safety or livestock depredation, and other causes.""

**10. Puma Hunters Are Not Good At Hunting And Violate Fair Chase Principles**

I'm saying this as a hunter myself, though I hunt for subsistence and not sport. Puma hunters are not good at hunting. They use dogs equipped with GPS collars to chase the puma up a tree and simply walk up and shoot it. They are more like people walking around with guns/bows and shooting a target than hunters. It is laughable that they call themselves hunters when they are using GPS collars. Puma hunting outfitters have been able to advertise a near 100% success rate because of their use of GPS. Sport hunters claim to follow fair chase principles, but GPS collars on dogs remove almost any chance the puma has of getting away. There are many sport hunters supporting the ban on puma hunting because of this.

**An Article You Should Read**

[The Elephant in the room: What can we learn from California regarding the use of sport hunting of pumas (Puma concolor) as a management tool?](https://www.ncbi.nlm.nih.gov/pmc/articles/PMC7018503/)

Thank you for reading!",vote yes 127 ban puma sport hunting 2024 colorado ballot ban puma hunting many benefit ban support leading biologist specializing puma dr barry r noon ph professor emeritus department fish wildlife conservation biology colorado state university dr fernando nájera dvm m ph director california carnivore program karen c drayer wildlife health center uc davis school veterinary medicine two recent leading wildlife science expert join legendary dr jane goodall phd dbe public letter state mountain lion trophy hunting unnecessary manage stable mountain lion population letter signed 22 scientist including three former top scientist national park service assembly reputed wildlife biologist hand field work mountain lion west 20 professional wildlife biologist ecologist working wildlife research scientist including specialized expert mountain lion science letter include collette atkins marc bekoff ph mary foley ph dr jane goodall ph dbe rick hopkins ph david jennings ph fred koontz ph elaine leslie ph kent livezey michelle lute ph delia malone ph erik molver carter niemeyer michael pardo ph joshua rosenau francisco j santiago ávila mpp mem ph michael soukup ph adrian treves ph winston vickers dvm mpvm robert wielgus ph barry noon ph fernando nájera ph puma hunting harmful towards puma wildlife people hunting puma done sport benefit satisfying desire idiot shooting place society many place function great without puma hunting argument presented people hunt puma idiotic unscientific puma hunting banned 1 puma dangerous people firstly want address danger puma may present people seen many people including advocate hunting puma reduce danger people idea puma need hunted order reduce risk people absolute nonsense purely emotional argument higher chance struck lightning birthday attacked puma hunting needed order protect people would see people attacked place puma hunting illegal like california hunting puma banned california 1972 california third lowest rate per caput attack compared 10 western state puma many place puma coexist peacefully people time learn 2 sport hunting reduce already slim chance conflict puma additionally sport hunting much decrease number puma would needed reduce already slim chance attack evident place puma hunting allowed similar puma density compared place hunting banned like california way hunting would eliminate chance attack killing puma gone nobody want 3 sport hunting puma increase risk conflict people also hunting puma actually increase chance attack person explained source sink dynamic killing one puma mean one less potential danger instead free territory younger puma fill younger puma one likely attack get conflict people furthermore puma like big predator complex social interaction important reducing conflict people puma stay mother first two year learn hunt leave people alone hunting disrupts social behavior increase number conflict puma people statewide tooth age date reveal subadult juvenile puma shot trophy hunter indicates high hunting pressure causing decline age puma population predation strong learned component puma younger population less experience securing food making likely go people pet increase chance someone getting hurt puma 4 addressing sensationalist case puma medium next want address sensationalist case puma encounter medium including people quick say puma shot people need start hunting however two thing case common first often people leaving pet outside unattended puma territory completely irresponsible pet ownership situation preventable people would responsible second often younger puma younger puma likely get conflict people hunting make worse keep mind 40 puma hunted female young puma stay mother two year learn hunt leave people alone whenever trophy hunting mountain lion created orphan rick hopkins ph nationally recognized wildlife ecologist dedicated 45 year study large mammalian carnivore 5 big predator like puma regulate number need people hunt keep sustainable number prevent overpopulation puma slow reproduction development extended parental care infanticide availability prey behavior place like california banned puma hunting 1972 density puma place allow puma hunting wild cat population regulate providing multitude benefit ecosystem state dr elaine leslie phd former chief biological service national park service say inhumane trapping hunting mountain lion bobcat ethical management tool 6 money gained puma hunting little protect wildlife puma hunting brings little money protecting wildlife less 1 hunter colorado buy license hunt puma majority money come license hunt deer elk almost half million application puma hunting responsible adding 0 1 colorado state wildlife budget even puma hunting popular place banned puma hunting like california central south american country still get plenty money protect public land hunter people wildlife also want add lot wildlife agency conservation one clearest example million dollar spent stocking non native fish specie spread disease hurt native wildlife although topic another post 7 sport hunting puma protect livestock people pet sport hunting target mature puma coexist peacefully people going deer elk hunting puma disrupts social structure open new territory younger puma scientifically proven likely cause conflict research field study leading puma biologist show sport hunting protect livestock people pet instead increase conflict puma effect remedial sport hunting cougar complaint livestock depredation found complaint depredation strongly associated cougar harvested previous year odds increased complaint livestock depredation increased dramatically 36 240 increased cougar harvest suggest increased young male immigration social disruption cougar population associated change space use cougar caused increased hunting resulted increased complaint livestock depredation widespread indiscriminate hunting appear effective preventative remedial method reducing predator complaint livestock depredation cougar san andres mountain new mexico 8 puma hunting meaningfully increase population ungulate hunter say puma need hunted order increase ungulate population keep high level hunting opportunity however many study biologist recognize sport hunting puma meaningfully protect increase ungulate population even case hunting puma people good hunting want make easier sport hunting mountain lion benefit wild ungulate aka elk deer population supported scientific literature colorado division wildlife biologist cougar management guideline 9 government use tax pay people hunt puma ban allow sport hunting one common idiotic argument hear people pro hunting puma supporter sport hunting puma quick point california illegal puma hunted government order protect people obviously case puma must relocated hunted protect people however people understand specific animal identified causing conflict sport hunting would help especially considering sport hunter target mature animal live peacefully younger animal responsible causing conflict stated previously hunter also shoot female puma disrupt important social behavior teach leave people alone people pro hunting puma would want believe number puma killed sport hunter would killed government taxpayer dime however california kill less puma per year compared mean ten western state allow sport hunting puma number puma killed per year california compared mean 10 western state sport hunt puma number california represent animal specifically identified conflicting human safety livestock depredation cause number 10 state represent animal killed sport hunter 80 90 one specifically identified conflicting human safety livestock depredation cause 10 puma hunter good hunting violate fair chase principle saying hunter though hunt subsistence sport puma hunter good hunting use dog equipped gps collar chase puma tree simply walk shoot like people walking around gun bow shooting target hunter laughable call hunter using gps collar puma hunting outfitter able advertise near 100 success rate use gps sport hunter claim follow fair chase principle gps collar dog remove almost chance puma getting away many sport hunter supporting ban puma hunting article read elephant room learn california regarding use sport hunting puma puma concolor management tool thank reading
Puma Deviate Nitro 2 594 mile review,"38 yoe male here.

Thought I’d be cool to do an entire training season’s worth of running on one “tempo” shoe.

Just ended my training for the year with a 4:28:13 marathon on these and totalled 597 miles in 6 months of training.

They were the only shoe I wore for all my training. (Maybe 7 miles on another older Nike).

I can confidently say they are a well built shoe. Puma knows running. Probably not surprising. I’ve seen some great reviews of the DN2 here. I didn’t see a review with this many miles so I wanted to post. Also I wasn’t sure if they’d last. 

Noteable issues:
Towards the end of the marathon (last 6 miles) there was a lot of pressure on my feet. 

That goes for all my longer training runs too (19,20 mile runs).

Not sure if this caused some the hip weakness I felt later in the race.

Also I developed a little patella tendonitis (tendon right below bone) around 400/500 miles. I was running fast with a run club so maybe the support on this gave way after that many miles.

And on the last taper week in the training a hole ripped the upper mesh but was easily sewed back together (in picture).

Finally, I had to superglue to keep some of the Puma grip from peeling off. As you can see a good chunk of it got worn out on the heel.

The fit was good though (maybe a touch too narrow in toebox) and as the only shoe I wore they provided speed and comfort for my pace. (9:41/mile on a 20 miler in training).

Well worth the investment ($210 CAD).
Puma is my go to shoe for next year. This time I’m buying two pairs. One for tempo and another for easy long runs. Maybe the Deviate Nitro 3 and Velocity Nitro 3.

Happy running.",77,1g8cu56,RunningShoeGeeks,https://www.reddit.com/gallery/1g8cu56,15,2024-10-21 00:04:23,Reddit,"38 yoe male here.

Thought I’d be cool to do an entire training season’s worth of running on one “tempo” shoe.

Just ended my training for the year with a 4:28:13 marathon on these and totalled 597 miles in 6 months of training.

They were the only shoe I wore for all my training. (Maybe 7 miles on another older Nike).

I can confidently say they are a well built shoe. Puma knows running. Probably not surprising. I’ve seen some great reviews of the DN2 here. I didn’t see a review with this many miles so I wanted to post. Also I wasn’t sure if they’d last. 

Noteable issues:
Towards the end of the marathon (last 6 miles) there was a lot of pressure on my feet. 

That goes for all my longer training runs too (19,20 mile runs).

Not sure if this caused some the hip weakness I felt later in the race.

Also I developed a little patella tendonitis (tendon right below bone) around 400/500 miles. I was running fast with a run club so maybe the support on this gave way after that many miles.

And on the last taper week in the training a hole ripped the upper mesh but was easily sewed back together (in picture).

Finally, I had to superglue to keep some of the Puma grip from peeling off. As you can see a good chunk of it got worn out on the heel.

The fit was good though (maybe a touch too narrow in toebox) and as the only shoe I wore they provided speed and comfort for my pace. (9:41/mile on a 20 miler in training).

Well worth the investment ($210 CAD).
Puma is my go to shoe for next year. This time I’m buying two pairs. One for tempo and another for easy long runs. Maybe the Deviate Nitro 3 and Velocity Nitro 3.

Happy running.",38 yoe male thought cool entire training season worth running one tempo shoe ended training year 4 28 13 marathon totalled 597 mile 6 month training shoe wore training maybe 7 mile another older nike confidently say well built shoe puma know running probably surprising seen great review dn2 see review many mile wanted post also sure last noteable issue towards end marathon last 6 mile lot pressure foot go longer training run 19 20 mile run sure caused hip weakness felt later race also developed little patella tendonitis tendon right bone around 400 500 mile running fast run club maybe support gave way many mile last taper week training hole ripped upper mesh easily sewed back together picture finally superglue keep puma grip peeling see good chunk got worn heel fit good though maybe touch narrow toebox shoe wore provided speed comfort pace 9 41 mile 20 miler training well worth investment 210 cad puma go shoe next year time buying two pair one tempo another easy long run maybe deviate nitro 3 velocity nitro 3 happy running
Puma 🤩😍,I think this looks Good 😍  what do you all think?,53,1g7ej09,SneakersIndia,https://www.reddit.com/gallery/1g7ej09,17,2024-10-19 17:52:00,Reddit,I think this looks Good 😍  what do you all think?,think look good think
Puma Suede Cord,,4,1g7yjtp,Sneakers,https://www.reddit.com/gallery/1g7yjtp,1,2024-10-20 13:20:36,Reddit,Puma Suede Cord,puma suede cord
FELIX THE CAT x PUMA Suede,,3,1g8fylc,PUMA,https://puma.com.im/suede-felix-the-cat-sneakers-unisex,0,2024-10-21 02:54:15,Reddit,FELIX THE CAT x PUMA Suede,felix cat x puma suede
"So, Puma does a Monster Hunter collab?",,81,1g80emg,MonsterHunter,https://i.redd.it/6qz9o4xdcxvd1.jpeg,9,2024-10-20 14:49:41,Reddit,"So, Puma does a Monster Hunter collab?",puma monster hunter collab
[Dunk] Bahamas and Florida sprinter Wanya McCoy secures NIL deal with Puma,"McCoy ran the short sprint double for Bahamas in the Paris Olympics and managed to make the 200m semi-final. Bettered his 200m PB to sub 20 and nearly sub 10 over 100m this past season. He made the 200m final in both outdoor and indoor NCAA championships. Also finished 4th in the 60m final. He’ll be looking to get his first NCAA champs medal for his last year at Gainesville. 

Source: https://x.com/fitzdunk/status/1847772211228115055?s=46&t=3xjZeBvwSoCzszu1KU-pvw",31,1g92bk0,trackandfield,https://i.redd.it/vd1knmutn6wd1.jpeg,1,2024-10-21 22:09:13,Reddit,"McCoy ran the short sprint double for Bahamas in the Paris Olympics and managed to make the 200m semi-final. Bettered his 200m PB to sub 20 and nearly sub 10 over 100m this past season. He made the 200m final in both outdoor and indoor NCAA championships. Also finished 4th in the 60m final. He’ll be looking to get his first NCAA champs medal for his last year at Gainesville. 

Source: https://x.com/fitzdunk/status/1847772211228115055?s=46&t=3xjZeBvwSoCzszu1KU-pvw",mccoy ran short sprint double bahamas paris olympics managed make 200m semi final bettered 200m pb sub 20 nearly sub 10 100m past season made 200m final outdoor indoor ncaa championship also finished 4th 60m final looking get first ncaa champ medal last year gainesville source
[WTS] CRK and a PUMA,"Couple of classics here. Payment is PPFF. Shipping is CONUS. Need any additonal pics let me know.

[Timestamp](https://imgur.com/a/zD1qWsR)

[Puma White Hunter](https://imgur.com/a/hAzycR2) with the Pumaster steel 6.1"" blade. Date code of 76582. Multiple owners on this one in excellent condition especially for its age. Comes with the Puma leather sheath .... **SV 290**

**SOLD** [Sebenza 31](https://imgur.com/a/CzhXAJL) size large in Magnacut. Condition is never cut, never carried, just admired. It was sent back in to CRK by the orginal owner for the glass blast treatment giving the scales that ultra smooth feel. Date is February 22, 2023. Comes with the full kit in box ... **SV 490** **SOLD**",6,1g7yphw,Knife_Swap,https://www.reddit.com/r/Knife_Swap/comments/1g7yphw/wts_crk_and_a_puma/,12,2024-10-20 13:28:32,Reddit,"Couple of classics here. Payment is PPFF. Shipping is CONUS. Need any additonal pics let me know.

[Timestamp](https://imgur.com/a/zD1qWsR)

[Puma White Hunter](https://imgur.com/a/hAzycR2) with the Pumaster steel 6.1"" blade. Date code of 76582. Multiple owners on this one in excellent condition especially for its age. Comes with the Puma leather sheath .... **SV 290**

**SOLD** [Sebenza 31](https://imgur.com/a/CzhXAJL) size large in Magnacut. Condition is never cut, never carried, just admired. It was sent back in to CRK by the orginal owner for the glass blast treatment giving the scales that ultra smooth feel. Date is February 22, 2023. Comes with the full kit in box ... **SV 490** **SOLD**",couple classic payment ppff shipping conus need additonal pic let know timestamp puma white hunter pumaster steel 6 1 blade date code 76582 multiple owner one excellent condition especially age come puma leather sheath sv 290 sold sebenza 31 size large magnacut condition never cut never carried admired sent back crk orginal owner glass blast treatment giving scale ultra smooth feel date february 22 2023 come full kit box sv 490 sold
Cadarço do Puma Suede XL X Pleasures,"Tenho um Puma Suede XL X Pleasures que comprei a mais ou menos 1 mês. Desde o primeiro uso notei que o Lace que veio nele é bastante frágil e fica desfiado/felpudo por qualquer coisa.

Noto isso bastante na hora de limpar, qualquer escovada o cadarço fica todo felpudo e acho isso esquisito. No momento ta dando de contornar isso escovando o cadarço pra dentro. Mas não sei até onde isso vai funcionar. Alguma dica? Algum modelo da cadarço que seja parecido e de melhor qualidade?",11,1g85q3l,SneakersBrasil,https://www.reddit.com/gallery/1g85q3l,2,2024-10-20 18:40:49,Reddit,"Tenho um Puma Suede XL X Pleasures que comprei a mais ou menos 1 mês. Desde o primeiro uso notei que o Lace que veio nele é bastante frágil e fica desfiado/felpudo por qualquer coisa.

Noto isso bastante na hora de limpar, qualquer escovada o cadarço fica todo felpudo e acho isso esquisito. No momento ta dando de contornar isso escovando o cadarço pra dentro. Mas não sei até onde isso vai funcionar. Alguma dica? Algum modelo da cadarço que seja parecido e de melhor qualidade?",tenho um puma suede xl x pleasure que comprei mais ou menos 1 mês desde primeiro uso notei que lace que veio nele é bastante frágil e fica desfiado felpudo por qualquer coisa noto isso bastante na hora de limpar qualquer escovada cadarço fica todo felpudo e acho isso esquisito momento ta dando de contornar isso escovando cadarço pra dentro ma não sei até onde isso vai funcionar alguma dica algum modelo da cadarço que seja parecido e de melhor qualidade
Help Pass Progressive Environmental Policies & Fight Back Against Anti-Science Conservatives - Vote Yes On 127 To Ban Puma Hunting In November,,3,1gabdt0,DemocraticSocialism,/r/Pumaconcolor/comments/1g8ql3q/vote_yes_on_127_to_ban_puma_hunting_in_november/,2,2024-10-23 14:05:20,Reddit,Help Pass Progressive Environmental Policies & Fight Back Against Anti-Science Conservatives - Vote Yes On 127 To Ban Puma Hunting In November,help pas progressive environmental policy fight back anti science conservative vote yes 127 ban puma hunting november
Team Zissou Pumas,"I'm finally going as a member of Team Zissou (from The Life Aquatic) for Halloween, so I made these custom Pumas. If you've seen the movie, you'll know that these are sacrilegious...I collect Pumas however, so I thought it would be fun to re-imagine the team shoes as something other than Adidas. I used leather paint to recolor the center of the stripe, and Cricut iron on vinyl for the logo. Original ""King"" logo was removed with acetone. ",11,1g7j0nx,Customsneakers,https://i.redd.it/bohf1s6h5svd1.png,2,2024-10-19 21:21:25,Reddit,"I'm finally going as a member of Team Zissou (from The Life Aquatic) for Halloween, so I made these custom Pumas. If you've seen the movie, you'll know that these are sacrilegious...I collect Pumas however, so I thought it would be fun to re-imagine the team shoes as something other than Adidas. I used leather paint to recolor the center of the stripe, and Cricut iron on vinyl for the logo. Original ""King"" logo was removed with acetone. ",finally going member team zissou life aquatic halloween made custom puma seen movie know sacrilegious collect puma however thought would fun imagine team shoe something adidas used leather paint recolor center stripe cricut iron vinyl logo original king logo removed acetone
Suede Pumas got stepped on. Any advice on how to clean it?,,10,1g8x4f2,Sneakers,https://i.redd.it/kphtos4wl5wd1.jpeg,11,2024-10-21 18:36:36,Reddit,Suede Pumas got stepped on. Any advice on how to clean it?,suede puma got stepped advice clean
Random photo of me (but I am not dressed scene it s just the hair and my banger t shirt and my beavis and butthead puma shoes ),,60,1ga6c72,Rawring20s,https://i.redd.it/dqbfidpo5hwd1.jpeg,2,2024-10-23 09:27:11,Reddit,Random photo of me (but I am not dressed scene it s just the hair and my banger t shirt and my beavis and butthead puma shoes ),random photo dressed scene hair banger shirt beavis butthead puma shoe
"Kutsuwa PUMA Kuru Toga KS Model .5mm in 3 'Metallic' shaft colors (Black, Blue and Gold), 880JPY ea., October 2024 release",,13,1g9qsaa,sharppencils,https://www.reddit.com/gallery/1g9qsaa,0,2024-10-22 19:30:13,Reddit,"Kutsuwa PUMA Kuru Toga KS Model .5mm in 3 'Metallic' shaft colors (Black, Blue and Gold), 880JPY ea., October 2024 release",kutsuwa puma kuru toga k model 5mm 3 metallic shaft color black blue gold 880jpy ea october 2024 release
Guillermo Martinez 59' Pumas (3) vs Atlético San Luis (0),,21,1g875kb,LigaMX,https://v.redd.it/z7widq8nsyvd1,3,2024-10-20 19:42:01,Reddit,Guillermo Martinez 59' Pumas (3) vs Atlético San Luis (0),guillermo martinez 59 puma 3 v atlético san luis 0
Mendoza Puma 3000 (22LR made in Mexico!),"https://imgur.com/a/sivEtCv

. 
Good evening everyone, hope you're having a great weekend. Here are some photos/details on my lesser-known Mexican-made rifle.

. 
- Manufacturer: Mendoza
- Make/Model: Puma 3000
- Barrel: 21""
- Caliber: 22LR
- Capacity: 17
- Magazine: Tube-fed
- Action: Semi-auto
- Stock: Walnut, thumbhole
- Iron sights: fiber-optic, orange
- Optic Mount: Welded on 5"" pic-rail
- Weight: 6.5lbs
- Trigger pull: 2.5lbs (love it!)
- PRICE: Guess without Googling, curious to see what people think 

. 
Other details: Incredibly easy to disassemble for cleaning. Simply remove the single screw at the bottom of the stock (can be done by hand). Then, use that screw to remove the pin near the flip-style safety located at the rear of the receiver. Unscrew the bolt handle, slide the bolt and springs out, DONE.

. 
The iron sights are fantastic, they're open-style, adjustable and have orange fiber-optic beads on the front and rear which are SUPER bright. I mounted a 3x Microprism (taken from my meme Type 81M I posted recently) because I prefer some magnification.

.
The walnut wood stock is beautiful and very ergonomic/comfortable to hold, has a grippy rubber butt-pad. I measured the trigger pull consistently at 2.5lbs and it's just great, fast shooter. Would love to hear if anyone has experience with this rifle or manufacturer! 

",18,1g7pck7,canadaguns,https://www.reddit.com/r/canadaguns/comments/1g7pck7/mendoza_puma_3000_22lr_made_in_mexico/,16,2024-10-20 02:56:47,Reddit,"https://imgur.com/a/sivEtCv

. 
Good evening everyone, hope you're having a great weekend. Here are some photos/details on my lesser-known Mexican-made rifle.

. 
- Manufacturer: Mendoza
- Make/Model: Puma 3000
- Barrel: 21""
- Caliber: 22LR
- Capacity: 17
- Magazine: Tube-fed
- Action: Semi-auto
- Stock: Walnut, thumbhole
- Iron sights: fiber-optic, orange
- Optic Mount: Welded on 5"" pic-rail
- Weight: 6.5lbs
- Trigger pull: 2.5lbs (love it!)
- PRICE: Guess without Googling, curious to see what people think 

. 
Other details: Incredibly easy to disassemble for cleaning. Simply remove the single screw at the bottom of the stock (can be done by hand). Then, use that screw to remove the pin near the flip-style safety located at the rear of the receiver. Unscrew the bolt handle, slide the bolt and springs out, DONE.

. 
The iron sights are fantastic, they're open-style, adjustable and have orange fiber-optic beads on the front and rear which are SUPER bright. I mounted a 3x Microprism (taken from my meme Type 81M I posted recently) because I prefer some magnification.

.
The walnut wood stock is beautiful and very ergonomic/comfortable to hold, has a grippy rubber butt-pad. I measured the trigger pull consistently at 2.5lbs and it's just great, fast shooter. Would love to hear if anyone has experience with this rifle or manufacturer! 

",good evening everyone hope great weekend photo detail lesser known mexican made rifle manufacturer mendoza make model puma 3000 barrel 21 caliber 22lr capacity 17 magazine tube fed action semi auto stock walnut thumbhole iron sight fiber optic orange optic mount welded 5 pic rail weight 6 5lbs trigger pull 2 5lbs love price guess without googling curious see people think detail incredibly easy disassemble cleaning simply remove single screw bottom stock done hand use screw remove pin near flip style safety located rear receiver unscrew bolt handle slide bolt spring done iron sight fantastic open style adjustable orange fiber optic bead front rear super bright mounted 3x microprism taken meme type 81m posted recently prefer magnification walnut wood stock beautiful ergonomic comfortable hold grippy rubber butt pad measured trigger pull consistently 2 5lbs great fast shooter would love hear anyone experience rifle manufacturer
"Puma suede Xl vs Adidas campus 00, vocês iriam em qual?","Já tava pensando em pegar o adidas campus essa próxima semana mas acabei de ver o puma suede xl e achei lindo, mais barato e da p usar melhor com minhas roupas acho, q tenho mt coisa da jordan, Nike etc e n gosto de misturar Nike com adidas. Aí tô nessa, pego o adidas campus por ser lindao e tá no hype ou vou no puma suede xl que é mais versátil e mais barato, porém meu xodó é o adidas",13,1g8agji,SneakersBrasil,https://www.reddit.com/gallery/1g8agji,21,2024-10-20 22:07:52,Reddit,"Já tava pensando em pegar o adidas campus essa próxima semana mas acabei de ver o puma suede xl e achei lindo, mais barato e da p usar melhor com minhas roupas acho, q tenho mt coisa da jordan, Nike etc e n gosto de misturar Nike com adidas. Aí tô nessa, pego o adidas campus por ser lindao e tá no hype ou vou no puma suede xl que é mais versátil e mais barato, porém meu xodó é o adidas",já tava pensando em pegar adidas campus essa próxima semana ma acabei de ver puma suede xl e achei lindo mais barato e da p usar melhor com minhas roupas acho q tenho mt coisa da jordan nike etc e n gosto de misturar nike com adidas aí tô nessa pego adidas campus por ser lindao e tá hype ou vou puma suede xl que é mais versátil e mais barato porém meu xodó é adidas
Help. Puma's Palermo AMG or Indoor Olive Green?,"I love the palermo for it's light color and versatility. But I already have 2 beige coloring classic shoes from adidas and new balance. I love the indoor olive green for it's conservative aesthetic and perfect balance of colors. But I think it'll be difficult to partner it with some of my present clothes.

I would love to buy both, but I only need 1 pair. Help me decide pls? I'm looking for something future proof btw. 


",2,1g80l49,Sneakers,https://www.reddit.com/gallery/1g80l49,4,2024-10-20 14:57:45,Reddit,"I love the palermo for it's light color and versatility. But I already have 2 beige coloring classic shoes from adidas and new balance. I love the indoor olive green for it's conservative aesthetic and perfect balance of colors. But I think it'll be difficult to partner it with some of my present clothes.

I would love to buy both, but I only need 1 pair. Help me decide pls? I'm looking for something future proof btw. 


",love palermo light color versatility already 2 beige coloring classic shoe adidas new balance love indoor olive green conservative aesthetic perfect balance color think difficult partner present clothes would love buy need 1 pair help decide pls looking something future proof btw
Puma Disc Blaze Graphers Rock,,33,1g74v1l,moresneakers,https://i.redd.it/eajg0t4ihovd1.jpeg,4,2024-10-19 09:01:44,Reddit,Puma Disc Blaze Graphers Rock,puma disc blaze graphers rock
Early 90’s Trapper Keeper inspired Puma. ,Where all my Gen X’ers at? ,50,1g7ab9v,EASPORTSWRC,https://www.reddit.com/gallery/1g7ab9v,6,2024-10-19 14:38:46,Reddit,Where all my Gen X’ers at? ,gen x er
Should I buy this puma shoes? It's under 2k in Flipkart deal,,3,1g8j26n,SneakersIndia,https://i.redd.it/zbwgulb1x1wd1.jpeg,9,2024-10-21 06:11:57,Reddit,Should I buy this puma shoes? It's under 2k in Flipkart deal,buy puma shoe 2k flipkart deal
"I Know Hasan Doesn't Cover Environmental Problems Too Much, But This May Interest Some Of You - Vote Yes On 127 To Ban Puma Hunting In November",,41,1g9k4bb,Hasan_Piker,/r/Pumaconcolor/comments/1g8ql3q/vote_yes_on_127_to_ban_puma_hunting_in_november/,1,2024-10-22 14:56:03,Reddit,"I Know Hasan Doesn't Cover Environmental Problems Too Much, But This May Interest Some Of You - Vote Yes On 127 To Ban Puma Hunting In November",know hasan cover environmental problem much may interest vote yes 127 ban puma hunting november
"🚀 Discover the Best Fashion Deals This Week: Massive savings on Nike, PUMA and more!",,2,1g8u71f,TheOmochaStory,https://theomochastory.com/blogs/news/%F0%9F%9A%80-discover-the-best-fashion-deals-this-week-13,0,2024-10-21 16:39:36,Reddit,"🚀 Discover the Best Fashion Deals This Week: Massive savings on Nike, PUMA and more!",discover best fashion deal week massive saving nike puma
W2C Puma Inhale x Asap Rocky,,6,1g7cwrl,FashionReps,https://www.reddit.com/gallery/1g7cwrl,4,2024-10-19 16:38:49,Reddit,W2C Puma Inhale x Asap Rocky,w2c puma inhale x asap rocky
quick sketchs of a puma & ocelot,,4,1g7hu61,DigitalArt,https://www.reddit.com/gallery/1g7hu61,0,2024-10-19 20:24:42,Reddit,quick sketchs of a puma & ocelot,quick sketch puma ocelot
Match Thread: Pumas UNAM vs Atlético de San Luis | Liga BBVA MX,"#**FT: Pumas UNAM 3-0 Atlético de San Luis**





--------

**Venue:** Estadio Olímpico Universitario

[Auto-refreshing reddit comments link](http://www.reddit-stream.com/comments/1g84rwz)

---------

[](#icon-notes-big) **LINE-UPS**

**Pumas UNAM**

Julio González, Lisandro Magallán, Rubén Duarte ([](#icon-sub)Ulises Rivas), Nathan Silva, Piero Quispe, Ángel Rico ([](#icon-sub)Jorge Ruvalcaba), José Caicedo ([](#icon-sub)Santiago Trigos), Robert Ergas ([](#icon-sub)Michell Rodríguez), Pablo Bennevendo, César Huerta, Guillermo Martínez ([](#icon-sub)Ignacio Pussetto).

**Subs:** Ali Avila, Gil Alcala, Pablo Alfonso Monroy, Rodrigo López, Rogelio Funes Mori.

^____________________________

**Atlético de San Luis**

Andrés Sánchez, Eduardo Águila, Aldo Cruz, Daniel Guillén, Javier Güemez ([](#icon-sub)Kevin Ortega), Sébastien Salles-Lamonge ([](#icon-sub)Léo Bonatini), Rodrigo Dourado, Juan Manuel Sanabria, Ricardo Chávez ([](#icon-sub)Iker Moreno), Franck Boli ([](#icon-sub)Luis Nájera), Yan Phillipe ([](#icon-sub)Benjamín Galdames).

**Subs:** Diego Urtiaga, Oscar Macías, Julio Domínguez, Mateo Klimowicz, Jürgen Damm.

------------

[](#icon-net-big) **MATCH EVENTS** | *via [ESPN](http://www.espn.com/soccer/match?gameId=703628)*



**37'** [](#icon-ball) **Own Goal by Eduardo Águila, Atlético San Luis. Pumas UNAM 0, Atlético San Luis 0.**

**42'** [](#icon-yellow) César Huerta (Pumas UNAM) is shown the yellow card for a bad foul.

**45'+2'** [](#icon-yellow) Guillermo Martínez (Pumas UNAM) is shown the yellow card.

**45'+2'** [](#icon-yellow) Daniel Guillén (Atlético San Luis) is shown the yellow card.

**45'+5'** [](#icon-ball) **Goal! Pumas UNAM 1, Atlético San Luis 0. César Huerta (Pumas UNAM) right footed shot from very close range to the bottom right corner. Assisted by Robert Ergas with a cross.**

**54'** [](#icon-ball) **Goal! Pumas UNAM 2, Atlético San Luis 0. César Huerta (Pumas UNAM) header from the centre of the box to the bottom left corner. Assisted by Piero Quispe with a cross.**

**59'** [](#icon-ball) **Goal! Pumas UNAM 3, Atlético San Luis 0. Guillermo Martínez (Pumas UNAM) right footed shot from very close range to the bottom right corner. Assisted by Robert Ergas with a cross following a fast break.**

**63'** [](#icon-sub) Substitution, Pumas UNAM. Ignacio Pussetto replaces Guillermo Martínez.

**63'** [](#icon-sub) Substitution, Pumas UNAM. Jorge Ruvalcaba replaces Ángel Rico.

**69'** [](#icon-yellow) Robert Ergas (Pumas UNAM) is shown the yellow card for a bad foul.

**70'** [](#icon-sub) Substitution, Atlético San Luis. Benjamín Galdames replaces Yan Phillipe.

**70'** [](#icon-sub) Substitution, Atlético San Luis. Léo Bonatini replaces Sébastien Salles-Lamonge.

**74'** [](#icon-sub) Substitution, Pumas UNAM. Ulíses Rivas replaces Rubén Duarte.

**81'** [](#icon-sub) Substitution, Pumas UNAM. Santiago Trigos replaces José Caicedo.

**82'** [](#icon-sub) Substitution, Pumas UNAM. Michell Rodríguez replaces Robert Ergas.

**82'** [](#icon-sub) Substitution, Atlético San Luis. Iker Moreno replaces Ricardo Chávez.

**82'** [](#icon-sub) Substitution, Atlético San Luis. Luis Nájera replaces Franck Boli.

**88'** [](#icon-sub) Substitution, Atlético San Luis. Kevin Ortega replaces Javier Güémez.



--------

*^(Don't see a thread for a match you're watching?) [^(Click here)](https://www.reddit.com/r/soccer/wiki/matchthreads#wiki_match_thread_bot) ^(to learn how to request a match thread from this bot.)*",14,1g84rwz,LigaMX,https://www.reddit.com/r/LigaMX/comments/1g84rwz/match_thread_pumas_unam_vs_atlético_de_san_luis/,26,2024-10-20 18:00:40,Reddit,"#**FT: Pumas UNAM 3-0 Atlético de San Luis**





--------

**Venue:** Estadio Olímpico Universitario

[Auto-refreshing reddit comments link](http://www.reddit-stream.com/comments/1g84rwz)

---------

[](#icon-notes-big) **LINE-UPS**

**Pumas UNAM**

Julio González, Lisandro Magallán, Rubén Duarte ([](#icon-sub)Ulises Rivas), Nathan Silva, Piero Quispe, Ángel Rico ([](#icon-sub)Jorge Ruvalcaba), José Caicedo ([](#icon-sub)Santiago Trigos), Robert Ergas ([](#icon-sub)Michell Rodríguez), Pablo Bennevendo, César Huerta, Guillermo Martínez ([](#icon-sub)Ignacio Pussetto).

**Subs:** Ali Avila, Gil Alcala, Pablo Alfonso Monroy, Rodrigo López, Rogelio Funes Mori.

^____________________________

**Atlético de San Luis**

Andrés Sánchez, Eduardo Águila, Aldo Cruz, Daniel Guillén, Javier Güemez ([](#icon-sub)Kevin Ortega), Sébastien Salles-Lamonge ([](#icon-sub)Léo Bonatini), Rodrigo Dourado, Juan Manuel Sanabria, Ricardo Chávez ([](#icon-sub)Iker Moreno), Franck Boli ([](#icon-sub)Luis Nájera), Yan Phillipe ([](#icon-sub)Benjamín Galdames).

**Subs:** Diego Urtiaga, Oscar Macías, Julio Domínguez, Mateo Klimowicz, Jürgen Damm.

------------

[](#icon-net-big) **MATCH EVENTS** | *via [ESPN](http://www.espn.com/soccer/match?gameId=703628)*



**37'** [](#icon-ball) **Own Goal by Eduardo Águila, Atlético San Luis. Pumas UNAM 0, Atlético San Luis 0.**

**42'** [](#icon-yellow) César Huerta (Pumas UNAM) is shown the yellow card for a bad foul.

**45'+2'** [](#icon-yellow) Guillermo Martínez (Pumas UNAM) is shown the yellow card.

**45'+2'** [](#icon-yellow) Daniel Guillén (Atlético San Luis) is shown the yellow card.

**45'+5'** [](#icon-ball) **Goal! Pumas UNAM 1, Atlético San Luis 0. César Huerta (Pumas UNAM) right footed shot from very close range to the bottom right corner. Assisted by Robert Ergas with a cross.**

**54'** [](#icon-ball) **Goal! Pumas UNAM 2, Atlético San Luis 0. César Huerta (Pumas UNAM) header from the centre of the box to the bottom left corner. Assisted by Piero Quispe with a cross.**

**59'** [](#icon-ball) **Goal! Pumas UNAM 3, Atlético San Luis 0. Guillermo Martínez (Pumas UNAM) right footed shot from very close range to the bottom right corner. Assisted by Robert Ergas with a cross following a fast break.**

**63'** [](#icon-sub) Substitution, Pumas UNAM. Ignacio Pussetto replaces Guillermo Martínez.

**63'** [](#icon-sub) Substitution, Pumas UNAM. Jorge Ruvalcaba replaces Ángel Rico.

**69'** [](#icon-yellow) Robert Ergas (Pumas UNAM) is shown the yellow card for a bad foul.

**70'** [](#icon-sub) Substitution, Atlético San Luis. Benjamín Galdames replaces Yan Phillipe.

**70'** [](#icon-sub) Substitution, Atlético San Luis. Léo Bonatini replaces Sébastien Salles-Lamonge.

**74'** [](#icon-sub) Substitution, Pumas UNAM. Ulíses Rivas replaces Rubén Duarte.

**81'** [](#icon-sub) Substitution, Pumas UNAM. Santiago Trigos replaces José Caicedo.

**82'** [](#icon-sub) Substitution, Pumas UNAM. Michell Rodríguez replaces Robert Ergas.

**82'** [](#icon-sub) Substitution, Atlético San Luis. Iker Moreno replaces Ricardo Chávez.

**82'** [](#icon-sub) Substitution, Atlético San Luis. Luis Nájera replaces Franck Boli.

**88'** [](#icon-sub) Substitution, Atlético San Luis. Kevin Ortega replaces Javier Güémez.



--------

*^(Don't see a thread for a match you're watching?) [^(Click here)](https://www.reddit.com/r/soccer/wiki/matchthreads#wiki_match_thread_bot) ^(to learn how to request a match thread from this bot.)*",ft puma unam 3 0 atlético de san luis venue estadio olímpico universitario auto refreshing reddit comment link icon note big line ups puma unam julio gonzález lisandro magallán rubén duarte icon sub ulises rivas nathan silva piero quispe ángel rico icon sub jorge ruvalcaba josé caicedo icon sub santiago trigos robert ergas icon sub michell rodríguez pablo bennevendo césar huerta guillermo martínez icon sub ignacio pussetto sub ali avila gil alcala pablo alfonso monroy rodrigo lópez rogelio funes mori atlético de san luis andrés sánchez eduardo águila aldo cruz daniel guillén javier güemez icon sub kevin ortega sébastien salles lamonge icon sub léo bonatini rodrigo dourado juan manuel sanabria ricardo chávez icon sub iker moreno franck boli icon sub luis nájera yan phillipe icon sub benjamín galdames sub diego urtiaga oscar macías julio domínguez mateo klimowicz jürgen damm icon net big match event via espn 37 icon ball goal eduardo águila atlético san luis puma unam 0 atlético san luis 0 42 icon yellow césar huerta puma unam shown yellow card bad foul 45 2 icon yellow guillermo martínez puma unam shown yellow card 45 2 icon yellow daniel guillén atlético san luis shown yellow card 45 5 icon ball goal puma unam 1 atlético san luis 0 césar huerta puma unam right footed shot close range bottom right corner assisted robert ergas cross 54 icon ball goal puma unam 2 atlético san luis 0 césar huerta puma unam header centre box bottom left corner assisted piero quispe cross 59 icon ball goal puma unam 3 atlético san luis 0 guillermo martínez puma unam right footed shot close range bottom right corner assisted robert ergas cross following fast break 63 icon sub substitution puma unam ignacio pussetto replaces guillermo martínez 63 icon sub substitution puma unam jorge ruvalcaba replaces ángel rico 69 icon yellow robert ergas puma unam shown yellow card bad foul 70 icon sub substitution atlético san luis benjamín galdames replaces yan phillipe 70 icon sub substitution atlético san luis léo bonatini replaces sébastien salles lamonge 74 icon sub substitution puma unam ulíses rivas replaces rubén duarte 81 icon sub substitution puma unam santiago trigos replaces josé caicedo 82 icon sub substitution puma unam michell rodríguez replaces robert ergas 82 icon sub substitution atlético san luis iker moreno replaces ricardo chávez 82 icon sub substitution atlético san luis luis nájera replaces franck boli 88 icon sub substitution atlético san luis kevin ortega replaces javier güémez see thread match watching click learn request match thread bot
Pumas new design,,286,1g61mc8,FunnyAnimals,https://i.redd.it/eiylwnx8udvd1.png,12,2024-10-17 21:13:59,Reddit,Pumas new design,puma new design
Is the Puma All-Pro Nitro Elite REALLY worth $250?,,33,1g7hewq,BBallShoes,https://youtu.be/7EOFyTnbZ8s,24,2024-10-19 20:04:47,Reddit,Is the Puma All-Pro Nitro Elite REALLY worth $250?,puma pro nitro elite really worth 250
PUMA F1® 2024 US GP T-shirt,"https://preview.redd.it/po69w89adqvd1.png?width=1600&format=png&auto=webp&s=058da86ed922b1d0d46baf8088dd095cb34e8ca7

These sold out pretty fast yesterday - you can buy them from [here](https://www.fuelforfans.com/us/en/f1-collection-puma-f1-2024-us-gp-t-shirt/701229154-white.html), be quick!! Note that they run pretty much true to size.",3,1g7bapw,CircuitOfTheAmericas,https://www.reddit.com/r/CircuitOfTheAmericas/comments/1g7bapw/puma_f1_2024_us_gp_tshirt/,2,2024-10-19 15:25:01,Reddit,"https://preview.redd.it/po69w89adqvd1.png?width=1600&format=png&auto=webp&s=058da86ed922b1d0d46baf8088dd095cb34e8ca7

These sold out pretty fast yesterday - you can buy them from [here](https://www.fuelforfans.com/us/en/f1-collection-puma-f1-2024-us-gp-t-shirt/701229154-white.html), be quick!! Note that they run pretty much true to size.",sold pretty fast yesterday buy quick note run pretty much true size
Black Pumas - Live From Brooklyn Paramount [Brooklyn Brownstone 2 LP],"[**Black Pumas - Live From Brooklyn Paramount [Brooklyn Brownstone 2 LP]**](https://vinylalerts.com/asin/B0DJH3QH4C)  
[direct](https://www.amazon.com/dp/B0DJH3QH4C)

* Get [Email Alerts for New Releases](https://vinyl.fyi)
* Join [Vinyl Chat Discord Server](http://discord.gg/vinylchat)",18,1g7oxdu,VinylReleases,https://www.reddit.com/r/VinylReleases/comments/1g7oxdu/black_pumas_live_from_brooklyn_paramount_brooklyn/,0,2024-10-20 02:30:55,Reddit,"[**Black Pumas - Live From Brooklyn Paramount [Brooklyn Brownstone 2 LP]**](https://vinylalerts.com/asin/B0DJH3QH4C)  
[direct](https://www.amazon.com/dp/B0DJH3QH4C)

* Get [Email Alerts for New Releases](https://vinyl.fyi)
* Join [Vinyl Chat Discord Server](http://discord.gg/vinylchat)",black puma live brooklyn paramount brooklyn brownstone 2 lp direct get email alert new release join vinyl chat discord server
Puma Mag Max,"Me: 42 y/o, 188 lb. Run 50 km per week. Other shoes are Saucony Endorphin Speed 3, Brooks Ghost Max, Asics Novablast 3, New Balance Fuelcell Rebel v4 and Supercomp Elite v3.

Runs: I've done 35 KM in these shoea the last week since receiving them. The upper initially feels low volume but stretches to accommodate my arthritic big toe. Fit feels true to size, secure. Not sloshy or sloppy at all. Heel counter is comfortable and fabric is soft even if your socks don't go high enough. Good laces. 

Midsole is incredible. So much bounce and comfort. Took them for 7 miles last evening and my legs feel great. Can really accommodate any pace, from tempo work to easy. Very stable wide due to extreme width. Just a joy to run in.

Outsole is pumagrip, possibly the best out there. Excellent traction in any weather.  

All in all, probably the best shoe I've ever run in. Can't wait to see how they hold up ",215,1g5us2l,RunningShoeGeeks,https://www.reddit.com/gallery/1g5us2l,61,2024-10-17 16:20:52,Reddit,"Me: 42 y/o, 188 lb. Run 50 km per week. Other shoes are Saucony Endorphin Speed 3, Brooks Ghost Max, Asics Novablast 3, New Balance Fuelcell Rebel v4 and Supercomp Elite v3.

Runs: I've done 35 KM in these shoea the last week since receiving them. The upper initially feels low volume but stretches to accommodate my arthritic big toe. Fit feels true to size, secure. Not sloshy or sloppy at all. Heel counter is comfortable and fabric is soft even if your socks don't go high enough. Good laces. 

Midsole is incredible. So much bounce and comfort. Took them for 7 miles last evening and my legs feel great. Can really accommodate any pace, from tempo work to easy. Very stable wide due to extreme width. Just a joy to run in.

Outsole is pumagrip, possibly the best out there. Excellent traction in any weather.  

All in all, probably the best shoe I've ever run in. Can't wait to see how they hold up ",42 188 lb run 50 km per week shoe saucony endorphin speed 3 brook ghost max asics novablast 3 new balance fuelcell rebel v4 supercomp elite v3 run done 35 km shoea last week since receiving upper initially feel low volume stretch accommodate arthritic big toe fit feel true size secure sloshy sloppy heel counter comfortable fabric soft even sock go high enough good lace midsole incredible much bounce comfort took 7 mile last evening leg feel great really accommodate pace tempo work easy stable wide due extreme width joy run outsole pumagrip possibly best excellent traction weather probably best shoe ever run wait see hold
"Apertura 2024 week 16 results and current table. Tigres, America, Pumas, Rayadas, Juarez, and Pachuca have secured an spot in the liguilla.",,10,1g8zcsn,LigaMXFemenil,https://www.reddit.com/gallery/1g8zcsn,1,2024-10-21 20:06:24,Reddit,"Apertura 2024 week 16 results and current table. Tigres, America, Pumas, Rayadas, Juarez, and Pachuca have secured an spot in the liguilla.",apertura 2024 week 16 result current table tigres america puma rayadas juarez pachuca secured spot liguilla
"I like her style at the ""PUMA x Balmain launch event"" - 2019",,70,1g7lxl1,AmberHeardFans,https://i.redd.it/0w0kyg6wusvd1.jpeg,2,2024-10-19 23:45:14,Reddit,"I like her style at the ""PUMA x Balmain launch event"" - 2019",like style puma x balmain launch event 2019
Can anyone ID these pumas? ,I found these pumas at a thrift store and I love them so much. I have been able to find similar ones but not the exact pair (specifically the fact they are laceless). I don’t know what year or model they are. Anyone who can help would be greatly appreciated! ,3,1g6z3da,WhatsThisShoe,https://www.reddit.com/gallery/1g6z3da,3,2024-10-19 02:28:12,Reddit,I found these pumas at a thrift store and I love them so much. I have been able to find similar ones but not the exact pair (specifically the fact they are laceless). I don’t know what year or model they are. Anyone who can help would be greatly appreciated! ,found puma thrift store love much able find similar one exact pair specifically fact laceless know year model anyone help would greatly appreciated
Puma 180 peeling off,"Hello! I have this Puma 180 i bought about 4th months ago and today i saw him peeling off, what can i do about this? Any tips?",2,1g6rdj4,Sneakers,https://i.redd.it/9e3972gymkvd1.jpeg,0,2024-10-18 20:05:10,Reddit,"Hello! I have this Puma 180 i bought about 4th months ago and today i saw him peeling off, what can i do about this? Any tips?",hello puma 180 bought 4th month ago today saw peeling tip
Where that guy that wiped some mold off one of these?,,11,1garc4q,golf,https://i.redd.it/5lnqvl4mzlwd1.jpeg,7,2024-10-24 01:42:00,Reddit,Where that guy that wiped some mold off one of these?,guy wiped mold one
Which one should i final?,"Puma or Asics

I need a pair for college so basic requirement is that i can wear it whole day(comfort) and it should go with most of outfits. So after weeks of browsing i have boiled down to these two, Puma ca pro and Asics ex89. ",12,1gaa0p5,SneakersIndia,https://www.reddit.com/gallery/1gaa0p5,16,2024-10-23 13:02:41,Reddit,"Puma or Asics

I need a pair for college so basic requirement is that i can wear it whole day(comfort) and it should go with most of outfits. So after weeks of browsing i have boiled down to these two, Puma ca pro and Asics ex89. ",puma asics need pair college basic requirement wear whole day comfort go outfit week browsing boiled two puma ca pro asics ex89
[eBay] #ad  PUMA Men's Astro Play Sneakers for $27.99 (Was $70 | free shipping),,9,1g7yd4j,SneakerDeals,https://www.ebay.com/itm/286089174390?mkcid=1&mkrid=711-53200-19255-0&siteid=0&campid=5339074607&customid=&toolid=10001&mkevt=1,0,2024-10-20 13:11:09,Reddit,[eBay] #ad  PUMA Men's Astro Play Sneakers for $27.99 (Was $70 | free shipping),ebay ad puma men astro play sneaker 27 99 70 free shipping
Defender Puma Dashboard Upgrade,"Hey I been searching to upgrade my old 2004 whole dashboard for the PUMA Version but, honestly paying 1,500 Euros for plastics? not really a fun way to spend budget, has anyone reached the holy grail to find a supplier for new one? Maybe in china?

  
Ofc Old Ebay opportunities may show up, always keeping an eye!",4,1g6bro2,LandroverDefender,https://www.reddit.com/r/LandroverDefender/comments/1g6bro2/defender_puma_dashboard_upgrade/,7,2024-10-18 06:32:16,Reddit,"Hey I been searching to upgrade my old 2004 whole dashboard for the PUMA Version but, honestly paying 1,500 Euros for plastics? not really a fun way to spend budget, has anyone reached the holy grail to find a supplier for new one? Maybe in china?

  
Ofc Old Ebay opportunities may show up, always keeping an eye!",hey searching upgrade old 2004 whole dashboard puma version honestly paying 1 500 euro plastic really fun way spend budget anyone reached holy grail find supplier new one maybe china ofc old ebay opportunity may show always keeping eye
Anyone planning to go to this? ,"Not sure what it will entail or how crowded it will be, but curious if anyone is planning to go? ",56,1g9y1lc,NYLiberty,https://i.redd.it/4u5vihj5mewd1.jpeg,6,2024-10-23 00:54:05,Reddit,"Not sure what it will entail or how crowded it will be, but curious if anyone is planning to go? ",sure entail crowded curious anyone planning go
Able Carry Max EDC OR Bellroy Venture Travel Pack?,"Looking for a Travel Pack that could accompany a carry on luggage when traveling. 

Currently I'm using a Puma FWD Backpack(says it's 18L but it packs more than my 20~23L packs) -  https://us.puma.com/us/en/pd/puma-fwd-backpack/079968?size=0100 

I've looked at Aer TP3 S, CPP and Evergoods CTB 20/26 but I think they have a little too much depth.

Narrowed it down to these two: 

* Able Carry Max EDC - https://ablecarry.com/products/max-edc?variant=49140367753528

* Bellroy Venture Travel pack - https://bellroy.com/products/venture-travel-pack?color=jet_black&material=element_coated_nylon&size=26l#slide-13

Any pros + cons from current and past owners would be amazing. I'm opened to any other suggestions as well. I'm refreshing Rofmia's site for the Daypack V2 M but I doubt I'll be lucky enough to order it. Thank you!",3,1ga9vhu,ManyBaggers,https://www.reddit.com/r/ManyBaggers/comments/1ga9vhu/able_carry_max_edc_or_bellroy_venture_travel_pack/,2,2024-10-23 12:55:47,Reddit,"Looking for a Travel Pack that could accompany a carry on luggage when traveling. 

Currently I'm using a Puma FWD Backpack(says it's 18L but it packs more than my 20~23L packs) -  https://us.puma.com/us/en/pd/puma-fwd-backpack/079968?size=0100 

I've looked at Aer TP3 S, CPP and Evergoods CTB 20/26 but I think they have a little too much depth.

Narrowed it down to these two: 

* Able Carry Max EDC - https://ablecarry.com/products/max-edc?variant=49140367753528

* Bellroy Venture Travel pack - https://bellroy.com/products/venture-travel-pack?color=jet_black&material=element_coated_nylon&size=26l#slide-13

Any pros + cons from current and past owners would be amazing. I'm opened to any other suggestions as well. I'm refreshing Rofmia's site for the Daypack V2 M but I doubt I'll be lucky enough to order it. Thank you!",looking travel pack could accompany carry luggage traveling currently using puma fwd backpack say 18l pack 20 23l pack looked aer tp3 cpp evergoods ctb 20 26 think little much depth narrowed two able carry max edc bellroy venture travel pack pro con current past owner would amazing opened suggestion well refreshing rofmia site daypack v2 doubt lucky enough order thank
Full body experience ,,34,1ga904j,ClothedMuscle,https://i.redd.it/bs95wx83zhwd1.jpeg,1,2024-10-23 12:12:00,Reddit,Full body experience ,full body experience
Anyone wearing Puma Avants?,"Saw them on sale for $100 on Amazon and grabbed a pair. I think they look clean as hell

Any reviews?

",10,1g5yjjf,golf,https://i.redd.it/qsib95cl6dvd1.jpeg,25,2024-10-17 19:00:59,Reddit,"Saw them on sale for $100 on Amazon and grabbed a pair. I think they look clean as hell

Any reviews?

",saw sale 100 amazon grabbed pair think look clean hell review
What happened to 'One Ford',"Remember Alan Mulally's 'One Ford' plan that took Ford out of recession, which globalized models? What happened, and where would it go wrong? I think in a lot of cases it could still work, and Ford's product planning in North America just makes me scratch my head.

For example, for years the Ford Explorer was a Ranger-based midsized SUV. And it worked out *fine*. There still is a Ranger-based midsized SUV,  but it's called the Everest and not sold here. Why isn't that our Explorer?

Small, cheap SUVs are selling well here. Look at the Chevy Trax as an example. Why don't we get the Puma? It doesn't make sense to me. The EcoSport was such a laughably bad product, of course it failed. And why do they even make the new Ford Territory? It just overlaps with the Puma.

And then you have the plans to discontinue products like the Edge and Escape in the states while continuing to sell them elsewhere. Why wouldn't these products sell well? The escape is still a great seller, and the Bronco Sport is smaller. And I find it hard to believe a redesigned Edge wouldn't sell. Ford has such a small lineup here as it is.

The Explorer EV. Why only Europe? Is that a stipulation with the Volkswagen agreement? It'd sell well here. 

Don't even get me started on China. ",55,1gadh1l,regularcarreviews,https://www.reddit.com/r/regularcarreviews/comments/1gadh1l/what_happened_to_one_ford/,57,2024-10-23 15:34:03,Reddit,"Remember Alan Mulally's 'One Ford' plan that took Ford out of recession, which globalized models? What happened, and where would it go wrong? I think in a lot of cases it could still work, and Ford's product planning in North America just makes me scratch my head.

For example, for years the Ford Explorer was a Ranger-based midsized SUV. And it worked out *fine*. There still is a Ranger-based midsized SUV,  but it's called the Everest and not sold here. Why isn't that our Explorer?

Small, cheap SUVs are selling well here. Look at the Chevy Trax as an example. Why don't we get the Puma? It doesn't make sense to me. The EcoSport was such a laughably bad product, of course it failed. And why do they even make the new Ford Territory? It just overlaps with the Puma.

And then you have the plans to discontinue products like the Edge and Escape in the states while continuing to sell them elsewhere. Why wouldn't these products sell well? The escape is still a great seller, and the Bronco Sport is smaller. And I find it hard to believe a redesigned Edge wouldn't sell. Ford has such a small lineup here as it is.

The Explorer EV. Why only Europe? Is that a stipulation with the Volkswagen agreement? It'd sell well here. 

Don't even get me started on China. ",remember alan mulally one ford plan took ford recession globalized model happened would go wrong think lot case could still work ford product planning north america make scratch head example year ford explorer ranger based midsized suv worked fine still ranger based midsized suv called everest sold explorer small cheap suv selling well look chevy trax example get puma make sense ecosport laughably bad product course failed even make new ford territory overlap puma plan discontinue product like edge escape state continuing sell elsewhere product sell well escape still great seller bronco sport smaller find hard believe redesigned edge sell ford small lineup explorer ev europe stipulation volkswagen agreement sell well even get started china
Basic fit for night out ,"Shirt and jeans from h&m 
Shoes- puma suede ",10,1gahq9b,IndianFashionAddicts,https://i.redd.it/i5ynhu93ujwd1.jpeg,2,2024-10-23 18:27:30,Reddit,"Shirt and jeans from h&m 
Shoes- puma suede ",shirt jean h shoe puma suede
Are the PumaClyde Base Leather Sneakers comfy? ,"I'm thinking of getting my first puma sneaker and saw this one on sale online. They aren't available at any store in my city. Are they comfortable? I'm a woman with narrow feet. I wanted something that goes with a lot of clothes and comfortable. Sometimes I also see the Puma Calis online, but I thought the clydes looked nicer",14,1g6hnyr,PUMA,https://i.redd.it/g435u5eqkivd1.jpeg,4,2024-10-18 13:09:08,Reddit,"I'm thinking of getting my first puma sneaker and saw this one on sale online. They aren't available at any store in my city. Are they comfortable? I'm a woman with narrow feet. I wanted something that goes with a lot of clothes and comfortable. Sometimes I also see the Puma Calis online, but I thought the clydes looked nicer",thinking getting first puma sneaker saw one sale online available store city comfortable woman narrow foot wanted something go lot clothes comfortable sometimes also see puma cali online thought clyde looked nicer
One of the highlights of homesteading ,"We just moved into our house and over the course of a month we've adopted this little fella. 

Apparently he belonged to a neighbour about a mile away who died in early summer. He first started coming over to our compost heap, then we left out some milk that was going off, and then we hid some deworming medicine in some curd and snuck some flee drops on his neck. 

Anyway now he comes at 5pm every evening for a snack and an evening on the sofa. We're working up to letting him sleep over, bit by bit. 

He was called Puma by his previous owner, but to us he's Zuko. ",228,1gadwc9,homestead,https://www.reddit.com/gallery/1gadwc9,29,2024-10-23 15:51:50,Reddit,"We just moved into our house and over the course of a month we've adopted this little fella. 

Apparently he belonged to a neighbour about a mile away who died in early summer. He first started coming over to our compost heap, then we left out some milk that was going off, and then we hid some deworming medicine in some curd and snuck some flee drops on his neck. 

Anyway now he comes at 5pm every evening for a snack and an evening on the sofa. We're working up to letting him sleep over, bit by bit. 

He was called Puma by his previous owner, but to us he's Zuko. ",moved house course month adopted little fella apparently belonged neighbour mile away died early summer first started coming compost heap left milk going hid deworming medicine curd snuck flee drop neck anyway come 5pm every evening snack evening sofa working letting sleep bit bit called puma previous owner u zuko
where can I get one of these?,just got into puma recently and saw one of these on the internet. Would like to know where can I get one since it's all sold out everywhere.,12,1ga6s2b,PUMA,https://i.redd.it/7qi442bebhwd1.jpeg,5,2024-10-23 09:59:11,Reddit,just got into puma recently and saw one of these on the internet. Would like to know where can I get one since it's all sold out everywhere.,got puma recently saw one internet would like know get one since sold everywhere
Need Help Finding Racing Game ,"Hello! I remember seeing a video on YouTube of a ps racing game released in the last few years with really good graphics. Every comment was basically saying the game was forgettable, a flash in the pan etc. Well fittingly, I'm now trying to remember the title of the game to try it out for myself. I remember the brand puma was licensed in the game because there was a big puma banner across the track at the start of one of the races I saw in a gameplay video...

I'm trying to see if I can get info from puma on video games they have involvement with but no one seems to understand what I'm asking. I don't think the game is listed anymore digitally.

Any help is greatly appreciated 🙏",2,1ga30co,racinggames,https://www.reddit.com/r/racinggames/comments/1ga30co/need_help_finding_racing_game/,6,2024-10-23 05:28:53,Reddit,"Hello! I remember seeing a video on YouTube of a ps racing game released in the last few years with really good graphics. Every comment was basically saying the game was forgettable, a flash in the pan etc. Well fittingly, I'm now trying to remember the title of the game to try it out for myself. I remember the brand puma was licensed in the game because there was a big puma banner across the track at the start of one of the races I saw in a gameplay video...

I'm trying to see if I can get info from puma on video games they have involvement with but no one seems to understand what I'm asking. I don't think the game is listed anymore digitally.

Any help is greatly appreciated 🙏",hello remember seeing video youtube p racing game released last year really good graphic every comment basically saying game forgettable flash pan etc well fittingly trying remember title game try remember brand puma licensed game big puma banner across track start one race saw gameplay video trying see get info puma video game involvement one seems understand asking think game listed anymore digitally help greatly appreciated
"Puma Thurman, such a love-bug 💜",,42,1g6282o,VoidCats,https://i.redd.it/1g6q7d76zdvd1.jpeg,2,2024-10-17 21:41:09,Reddit,"Puma Thurman, such a love-bug 💜",puma thurman love bug
Suçuarana / Onça-parda / Puma / Mossoroca / Onça-vermerlha / Leão-baio / Bodera / Leão-da-montanha ,"https://preview.redd.it/y40zbxpuxwvd1.jpg?width=640&format=pjpg&auto=webp&s=cee69448ded872ffb8150b6aaaed84a7fadc3615

",6,1g7yqel,BiologiaBrasil,https://www.reddit.com/r/BiologiaBrasil/comments/1g7yqel/suçuarana_onçaparda_puma_mossoroca_onçavermerlha/,0,2024-10-20 13:29:47,Reddit,"https://preview.redd.it/y40zbxpuxwvd1.jpg?width=640&format=pjpg&auto=webp&s=cee69448ded872ffb8150b6aaaed84a7fadc3615

",
Random photo dump,I love my sp t shirt and my beavis and butthead puma kicks I d wear them forevaaaaah >_< ,15,1ga6dx0,scene,https://www.reddit.com/gallery/1ga6dx0,1,2024-10-23 09:30:40,Reddit,I love my sp t shirt and my beavis and butthead puma kicks I d wear them forevaaaaah >_< ,love sp shirt beavis butthead puma kick wear forevaaaaah
"Cheryl Reeve in exit interview: ""Some of the things that ensued following the game were really unfortunate... that makes you question or feel let down by your league.""","Did I miss something here? I don't think I've heard complaints about anything that happened *following* the game. Did someone get caught on a hot mic being paid off by a Puma exec? Poor sportsmanship? Source interview is here:

[Minnesota Lynx reflect on 2024 season, WNBA Finals run](https://youtu.be/Jfm32Vncprs?si=pQndPmELV2W7GWrR&t=1297)",215,1g9y4ap,wnba,https://www.reddit.com/r/wnba/comments/1g9y4ap/cheryl_reeve_in_exit_interview_some_of_the_things/,306,2024-10-23 00:57:46,Reddit,"Did I miss something here? I don't think I've heard complaints about anything that happened *following* the game. Did someone get caught on a hot mic being paid off by a Puma exec? Poor sportsmanship? Source interview is here:

[Minnesota Lynx reflect on 2024 season, WNBA Finals run](https://youtu.be/Jfm32Vncprs?si=pQndPmELV2W7GWrR&t=1297)",miss something think heard complaint anything happened following game someone get caught hot mic paid puma exec poor sportsmanship source interview minnesota lynx reflect 2024 season wnba final run
Are casts actually cool? ,"So everyone knows casts actually suck. Of course they do. Nobody wants to be confined  for weeks. But didn't we always think a cast was ""cool"" Before We even got one? Or we still think ""It would be so cool to have a cast"" Because you haven't hade one for weeks/Months/ ",34,1g9rm79,cast_fetish,https://i.redd.it/ynt7e0qe6dwd1.jpeg,6,2024-10-22 20:04:04,Reddit,"So everyone knows casts actually suck. Of course they do. Nobody wants to be confined  for weeks. But didn't we always think a cast was ""cool"" Before We even got one? Or we still think ""It would be so cool to have a cast"" Because you haven't hade one for weeks/Months/ ",everyone know cast actually suck course nobody want confined week always think cast cool even got one still think would cool cast hade one week month
Continuing the weight loss journey,"A year ago started at my heaviest at 315, got to my lowest at 230 but after moving out with my girlfriend and a new job I gained some pounds up to 255. Weighed today and 253, and encouraged to keep it going to my goal weight of 200.",645,1g99v2d,CICO,https://www.reddit.com/gallery/1g99v2d,6,2024-10-22 04:27:10,Reddit,"A year ago started at my heaviest at 315, got to my lowest at 230 but after moving out with my girlfriend and a new job I gained some pounds up to 255. Weighed today and 253, and encouraged to keep it going to my goal weight of 200.",year ago started heaviest 315 got lowest 230 moving girlfriend new job gained pound 255 weighed today 253 encouraged keep going goal weight 200
Dune buggy from 'Watch out we're mad' movie,"Does anyone have the instructions and part list of the dune buggy from the movie Watch out we're mad, bud spencer and terence hill?
It was on lego ideas years ago but the project never saw the light",30,1g9qmv0,lego,https://i.redd.it/47nhgf4azcwd1.jpeg,5,2024-10-22 19:24:06,Reddit,"Does anyone have the instructions and part list of the dune buggy from the movie Watch out we're mad, bud spencer and terence hill?
It was on lego ideas years ago but the project never saw the light",anyone instruction part list dune buggy movie watch mad bud spencer terence hill lego idea year ago project never saw light
Daily Golf Deals | 10-23-2024 | (Nurseresidencies),"Your Wednesday daily deals. Sign-up to get these deals via email below, or join [my golf deals subreddit](https://www.reddit.com/r/DailyGolfSteals/) to get these a little earlier in the day (I can schedule ahead)

**GOLF CLUBS**

~~$600~~ [$300 NEW Callaway Epic Max Star Driver](https://www.dailygolfsteals.com/go/300-new-callaway-epic-max-star-driver/18676): Available in RH, Regular and Senior Flex and 12 Degrees Loft. Available in LH, Regular and Senior Flex and 10.5 Degrees Loft. No code needed. Shipping is free

~~$400~~ [$288 MINT TaylorMade Qi10 Tour Fairway Wood](https://www.dailygolfsteals.com/go/288-mint-taylormade-qi10-tour-fairway-wood/18678): Available in RH, Regular, Stiff and X-Stiff Flex, and 3-5W Loft. Use code GOLFER2024 at checkout. Shipping is free

~~$84~~ [$63 LIKE NEW Callaway Jaws MD5 Platinum ](https://www.dailygolfsteals.com/go/63-like-new-callaway-jaws-md5-platinum/18684): Available in RH, Regular and Stiff Flex, and 50-56 Degrees Loft. No code needed. Shipping is $9.95

~~$500~~ [$400 NEW Adams Golf Idea Iron Set](https://www.dailygolfsteals.com/go/400-new-adams-golf-idea-iron-set/18688): Available in RH and LH, 5-PW+AW. Other options also in stock. No code needed. Shipping is free

 

**ACCESSORIES**

~~$60~~ [$40 Winter Warming Heating Vest](https://www.dailygolfsteals.com/go/40-winter-warming-heating-vest/18680): As seen in the DailyGolfSteals Reddit Giveaway. Available in Black and Grey, Sizes S-3XL. Use code EHV33 at checkout. Shipping is free

~~$193~~ [$65 Oakley Sliver Stealth Sunglasses](https://www.dailygolfsteals.com/go/65-oakley-sliver-stealth-sunglasses/18682): Available in 'Grey Smoke'. One Size Fits All. Use code DGSKYS-FS at checkout. Shipping is free (refresh if link doesn't work)

 

**APPAREL**

~~$35~~ [$18 Men's Grand Slam Off Classic-Fit Solid Golf Polo](https://www.dailygolfsteals.com/go/18-mens-grand-slam-off-classic-fit-solid-golf-polo/18686): Available in 25+ colors, Sizes S-2XL (availability may vary). No code needed. Spend $49 for free shipping

~~$77~~ [$40 Puma Golf Dealer Shorts 8""](https://www.dailygolfsteals.com/go/40-puma-golf-dealer-shorts-8/18690): Available in 5+ colors, Sizes 28-42"". No code needed. Shipping is free on orders $99+

 

**SHOES**

~~$145~~ [$75 Puma Ignite Elevate Crafted Golf Shoes](https://www.dailygolfsteals.com/75-puma-ignite-elevate-crafted-golf-shoes): Available in White, Sizes 7-15. No code needed. Shipping is free

 

**GOLF BALLS**

~~$43~~ [$35 TaylorMade Tour Response Golf Balls](https://www.dailygolfsteals.com/go/45-taylormade-tour-response-golf-balls/18694): One Dozen - Available in 7+ designs. No code needed. Shipping is free with Prime subscription

 

**OTHER**

**Don't miss another deal** \- [Sign-up here](https://dailygolfsteals.com/sign-up-to-get-deals-in-your-inbox-daily) to get these posts via email every day (7:30am PT / 10:30am ET).

**Tuesday's deals** \- click [here](https://www.reddit.com/r/DailyGolfSteals/comments/1g9gpee/daily_golf_deals_canada_golf_deals_10222024/) in case you missed it

**DISCOUNT CODES:**

* Get up to 30% off TaylorMade Preowned clubs at [GlobalGolf.com](https://dailygolfsteals.com/go-store/globalgolf). No code needed. Use GOLFER2024 for 10% off anything else.
* Get 10% off at [JustGolfStuff.com](https://justgolfstuff.com/) with code GOLFSTUFF10. Exclusions apply.
* Get 15% off a single item at [WorldWideGolf.com](https://dailygolfsteals.com/go-store/worldwidegolfshops) with code WWGWB15 (exclusions apply)
* Use KOSTER15 at [Rhoback.com](https://www.rhoback.com) to get 15% off first-time orders
* Use HOLEINEONE at [RockBottomGolf.com](https://dailygolfsteals.com/go-store/rockbottomgolf) for $10 off $50
* Get 15% off used golf balls through month-end at [CleanGreenGolfBalls.com](https://dailygolfsteals.com/go/15-off-any-mint-quality-golf-balls-at-cleangreengolfballs-2/12087) with code CGGB15. Includes both low-end (e.g. [hit-away](https://cleangreengolfballs.com/products/100-recycled-hit-away-practice-golf-balls) and high-end balls (e.g. Mint AAAA+ [ProV1s](https://dailygolfsteals.com/go/20-1-dozen-titleist-pro-v1-mix-mint-condition-5a/12632), [TP5x](https://dailygolfsteals.com/go/21-1-dozen-taylormade-tp5x-mix-mint-condition-5a/12793))
* Veterans / First Responders (approximately 15% off across each): [Taylormade](https://www.taylormadegolf.com/idme), [PXG](https://www.pxg.com/en-us/heroes), [Dunlop brands - Srixon, Cleveland, XXIO](https://support.dunlopsports.com/hc/en-us/articles/360052054872-Military-Discounts), [Callaway](https://prf.hn/click/camref:1100ljyWz/ar:military/destination:https%3A%2F%2Fwww.callawaygolf.com%2Fmilitary-discount-program%2F), [Wilson](https://www.wilson.com/en-us/explore/military-discount) and [PING](https://ping.com/en-us/community/military-rebate) all offer discounts

Note: I may earn commissions on these deals when you make a purchase. This income helps cover the costs involved in building scraping tools / identifying these deals. This is cleared with the mods.",46,1gaal6k,golf,https://www.reddit.com/r/golf/comments/1gaal6k/daily_golf_deals_10232024_nurseresidencies/,0,2024-10-23 13:29:17,Reddit,"Your Wednesday daily deals. Sign-up to get these deals via email below, or join [my golf deals subreddit](https://www.reddit.com/r/DailyGolfSteals/) to get these a little earlier in the day (I can schedule ahead)

**GOLF CLUBS**

~~$600~~ [$300 NEW Callaway Epic Max Star Driver](https://www.dailygolfsteals.com/go/300-new-callaway-epic-max-star-driver/18676): Available in RH, Regular and Senior Flex and 12 Degrees Loft. Available in LH, Regular and Senior Flex and 10.5 Degrees Loft. No code needed. Shipping is free

~~$400~~ [$288 MINT TaylorMade Qi10 Tour Fairway Wood](https://www.dailygolfsteals.com/go/288-mint-taylormade-qi10-tour-fairway-wood/18678): Available in RH, Regular, Stiff and X-Stiff Flex, and 3-5W Loft. Use code GOLFER2024 at checkout. Shipping is free

~~$84~~ [$63 LIKE NEW Callaway Jaws MD5 Platinum ](https://www.dailygolfsteals.com/go/63-like-new-callaway-jaws-md5-platinum/18684): Available in RH, Regular and Stiff Flex, and 50-56 Degrees Loft. No code needed. Shipping is $9.95

~~$500~~ [$400 NEW Adams Golf Idea Iron Set](https://www.dailygolfsteals.com/go/400-new-adams-golf-idea-iron-set/18688): Available in RH and LH, 5-PW+AW. Other options also in stock. No code needed. Shipping is free

 

**ACCESSORIES**

~~$60~~ [$40 Winter Warming Heating Vest](https://www.dailygolfsteals.com/go/40-winter-warming-heating-vest/18680): As seen in the DailyGolfSteals Reddit Giveaway. Available in Black and Grey, Sizes S-3XL. Use code EHV33 at checkout. Shipping is free

~~$193~~ [$65 Oakley Sliver Stealth Sunglasses](https://www.dailygolfsteals.com/go/65-oakley-sliver-stealth-sunglasses/18682): Available in 'Grey Smoke'. One Size Fits All. Use code DGSKYS-FS at checkout. Shipping is free (refresh if link doesn't work)

 

**APPAREL**

~~$35~~ [$18 Men's Grand Slam Off Classic-Fit Solid Golf Polo](https://www.dailygolfsteals.com/go/18-mens-grand-slam-off-classic-fit-solid-golf-polo/18686): Available in 25+ colors, Sizes S-2XL (availability may vary). No code needed. Spend $49 for free shipping

~~$77~~ [$40 Puma Golf Dealer Shorts 8""](https://www.dailygolfsteals.com/go/40-puma-golf-dealer-shorts-8/18690): Available in 5+ colors, Sizes 28-42"". No code needed. Shipping is free on orders $99+

 

**SHOES**

~~$145~~ [$75 Puma Ignite Elevate Crafted Golf Shoes](https://www.dailygolfsteals.com/75-puma-ignite-elevate-crafted-golf-shoes): Available in White, Sizes 7-15. No code needed. Shipping is free

 

**GOLF BALLS**

~~$43~~ [$35 TaylorMade Tour Response Golf Balls](https://www.dailygolfsteals.com/go/45-taylormade-tour-response-golf-balls/18694): One Dozen - Available in 7+ designs. No code needed. Shipping is free with Prime subscription

 

**OTHER**

**Don't miss another deal** \- [Sign-up here](https://dailygolfsteals.com/sign-up-to-get-deals-in-your-inbox-daily) to get these posts via email every day (7:30am PT / 10:30am ET).

**Tuesday's deals** \- click [here](https://www.reddit.com/r/DailyGolfSteals/comments/1g9gpee/daily_golf_deals_canada_golf_deals_10222024/) in case you missed it

**DISCOUNT CODES:**

* Get up to 30% off TaylorMade Preowned clubs at [GlobalGolf.com](https://dailygolfsteals.com/go-store/globalgolf). No code needed. Use GOLFER2024 for 10% off anything else.
* Get 10% off at [JustGolfStuff.com](https://justgolfstuff.com/) with code GOLFSTUFF10. Exclusions apply.
* Get 15% off a single item at [WorldWideGolf.com](https://dailygolfsteals.com/go-store/worldwidegolfshops) with code WWGWB15 (exclusions apply)
* Use KOSTER15 at [Rhoback.com](https://www.rhoback.com) to get 15% off first-time orders
* Use HOLEINEONE at [RockBottomGolf.com](https://dailygolfsteals.com/go-store/rockbottomgolf) for $10 off $50
* Get 15% off used golf balls through month-end at [CleanGreenGolfBalls.com](https://dailygolfsteals.com/go/15-off-any-mint-quality-golf-balls-at-cleangreengolfballs-2/12087) with code CGGB15. Includes both low-end (e.g. [hit-away](https://cleangreengolfballs.com/products/100-recycled-hit-away-practice-golf-balls) and high-end balls (e.g. Mint AAAA+ [ProV1s](https://dailygolfsteals.com/go/20-1-dozen-titleist-pro-v1-mix-mint-condition-5a/12632), [TP5x](https://dailygolfsteals.com/go/21-1-dozen-taylormade-tp5x-mix-mint-condition-5a/12793))
* Veterans / First Responders (approximately 15% off across each): [Taylormade](https://www.taylormadegolf.com/idme), [PXG](https://www.pxg.com/en-us/heroes), [Dunlop brands - Srixon, Cleveland, XXIO](https://support.dunlopsports.com/hc/en-us/articles/360052054872-Military-Discounts), [Callaway](https://prf.hn/click/camref:1100ljyWz/ar:military/destination:https%3A%2F%2Fwww.callawaygolf.com%2Fmilitary-discount-program%2F), [Wilson](https://www.wilson.com/en-us/explore/military-discount) and [PING](https://ping.com/en-us/community/military-rebate) all offer discounts

Note: I may earn commissions on these deals when you make a purchase. This income helps cover the costs involved in building scraping tools / identifying these deals. This is cleared with the mods.",wednesday daily deal sign get deal via email join golf deal subreddit get little earlier day schedule ahead golf club 600 300 new callaway epic max star driver available rh regular senior flex 12 degree loft available lh regular senior flex 10 5 degree loft code needed shipping free 400 288 mint taylormade qi10 tour fairway wood available rh regular stiff x stiff flex 3 5w loft use code golfer2024 checkout shipping free 84 63 like new callaway jaw md5 platinum available rh regular stiff flex 50 56 degree loft code needed shipping 9 95 500 400 new adam golf idea iron set available rh lh 5 pw aw option also stock code needed shipping free accessory 60 40 winter warming heating vest seen dailygolfsteals reddit giveaway available black grey size 3xl use code ehv33 checkout shipping free 193 65 oakley sliver stealth sunglass available grey smoke one size fit use code dgskys f checkout shipping free refresh link work apparel 35 18 men grand slam classic fit solid golf polo available 25 color size 2xl availability may vary code needed spend 49 free shipping 77 40 puma golf dealer short 8 available 5 color size 28 42 code needed shipping free order 99 shoe 145 75 puma ignite elevate crafted golf shoe available white size 7 15 code needed shipping free golf ball 43 35 taylormade tour response golf ball one dozen available 7 design code needed shipping free prime subscription miss another deal sign get post via email every day 7 30am pt 10 30am et tuesday deal click case missed discount code get 30 taylormade preowned club globalgolf com code needed use golfer2024 10 anything else get 10 justgolfstuff com code golfstuff10 exclusion apply get 15 single item worldwidegolf com code wwgwb15 exclusion apply use koster15 rhoback com get 15 first time order use holeineone rockbottomgolf com 10 50 get 15 used golf ball month end cleangreengolfballs com code cggb15 includes low end e g hit away high end ball e g mint aaaa prov1s tp5x veteran first responder approximately 15 across taylormade pxg dunlop brand srixon cleveland xxio callaway wilson ping offer discount note may earn commission deal make purchase income help cover cost involved building scraping tool identifying deal cleared mod
"(20) in first 2 pics to (22) in the rest. Looking back, it might be a glow up? 😅",Not sure if I should keep the facial hair/glasses. ,21,1g9vrfv,GlowUps,https://www.reddit.com/gallery/1g9vrfv,11,2024-10-22 23:04:18,Reddit,Not sure if I should keep the facial hair/glasses. ,sure keep facial hair glass
Que carro é esse?,"Minha namorada encontrou no caminho de volta, imagino que seja um puma",56,1g9ry32,carros,https://i.redd.it/ptzbfsot8dwd1.jpeg,31,2024-10-22 20:17:36,Reddit,"Minha namorada encontrou no caminho de volta, imagino que seja um puma",minha namorada encontrou caminho de volta imagino que seja um puma
Quick Checklist ,Check before you buy ,24,1ga26zd,Palestine,https://boycott-israel.org/,3,2024-10-23 04:36:44,Reddit,Check before you buy ,check buy
Olympikus é uma marca subestimada,"A Olympikus é uma marca boa! To falando no quesito de tênis e até mesmo roupas. Mas o que eu vejo é o pessoal subestimando a marca. Claro, óbvio que a concorrência é grande, como a adidas, nike, puma... Então fica difícil competir. Porém, acho que deveríamos valorizar mais essa marca nacional, porque ela tem sim qualidade em seus produtos. Tem tênis de corrida da Olympikus que é maravilhoso de bom, mas... Óbvio que vão preferir pegar um com o dobro do preço, porque é de outra marca. Enfim. Adoro a Olympikus pela qualidade e o preço. Vamos valorizar essa empresa brasileira.",9,1gan2rx,opiniaoimpopular,https://www.reddit.com/r/opiniaoimpopular/comments/1gan2rx/olympikus_é_uma_marca_subestimada/,6,2024-10-23 22:19:04,Reddit,"A Olympikus é uma marca boa! To falando no quesito de tênis e até mesmo roupas. Mas o que eu vejo é o pessoal subestimando a marca. Claro, óbvio que a concorrência é grande, como a adidas, nike, puma... Então fica difícil competir. Porém, acho que deveríamos valorizar mais essa marca nacional, porque ela tem sim qualidade em seus produtos. Tem tênis de corrida da Olympikus que é maravilhoso de bom, mas... Óbvio que vão preferir pegar um com o dobro do preço, porque é de outra marca. Enfim. Adoro a Olympikus pela qualidade e o preço. Vamos valorizar essa empresa brasileira.",olympikus é uma marca boa falando quesito de tênis e até mesmo roupas ma que eu vejo é pessoal subestimando marca claro óbvio que concorrência é grande como adidas nike puma então fica difícil competir porém acho que deveríamos valorizar mais essa marca nacional porque ela tem sim qualidade em seus produtos tem tênis de corrida da olympikus que é maravilhoso de bom ma óbvio que vão preferir pegar um com dobro preço porque é de outra marca enfim adoro olympikus pela qualidade e preço vamos valorizar essa empresa brasileira
"Che fine hanno fatto i motori 1.6, 1.8 e 2.0? ","Sto cercando un' auto, benzina, non più di 5 anni. Avevo intenzione di prendere una giapponese, Nissan Qashqai - Juke, Toyota C-HR, o in alternativa una Fiat 500x o una Ford Puma. Risultato: a parte la C-HR col 1.8 e 2.0 è mai possibile che tutte le atre siano 1.0, 1.2 e 1.3? Mi fa rabbrividire il solo pensiero che possano aver fatto una Qashqai con motore 1.0. Dove sta il segreto? Un 1.2 da 120 CV vale quanto un 1.6 da 120 di 10 anni fa?",18,1gah7kn,ItalyMotori,https://www.reddit.com/r/ItalyMotori/comments/1gah7kn/che_fine_hanno_fatto_i_motori_16_18_e_20/,115,2024-10-23 18:06:32,Reddit,"Sto cercando un' auto, benzina, non più di 5 anni. Avevo intenzione di prendere una giapponese, Nissan Qashqai - Juke, Toyota C-HR, o in alternativa una Fiat 500x o una Ford Puma. Risultato: a parte la C-HR col 1.8 e 2.0 è mai possibile che tutte le atre siano 1.0, 1.2 e 1.3? Mi fa rabbrividire il solo pensiero che possano aver fatto una Qashqai con motore 1.0. Dove sta il segreto? Un 1.2 da 120 CV vale quanto un 1.6 da 120 di 10 anni fa?",sto cercando un auto benzina non più di 5 anni avevo intenzione di prendere una giapponese nissan qashqai juke toyota c hr alternativa una fiat 500x una ford puma risultato parte la c hr col 1 8 e 2 0 è mai possibile che tutte le atre siano 1 0 1 2 e 1 3 mi fa rabbrividire il solo pensiero che possano aver fatto una qashqai con motore 1 0 dove sta il segreto un 1 2 da 120 cv vale quanto un 1 6 da 120 di 10 anni fa
lahore,,98,1ga7f1l,angellowee,https://i.redd.it/brm7jcyuihwd1.jpeg,6,2024-10-23 10:41:00,Reddit,lahore,lahore
Daily Golf Deals | 10-23-2024,"Your Wednesday daily deals. Sign-up to get these deals via email below. Leave a comment if there is anything you would like me to keep an eye out for.

**GOLF CLUBS**

~~$600~~ [$300 NEW Callaway Epic Max Star Driver](https://www.dailygolfsteals.com/go/300-new-callaway-epic-max-star-driver/18676): Available in RH, Regular and Senior Flex and 12 Degrees Loft. Available in LH, Regular and Senior Flex and 10.5 Degrees Loft. No code needed. Shipping is free

~~$400~~ [$288 MINT TaylorMade Qi10 Tour Fairway Wood](https://www.dailygolfsteals.com/go/288-mint-taylormade-qi10-tour-fairway-wood/18678): Available in RH, Regular, Stiff and X-Stiff Flex, and 3-5W Loft. Use code GOLFER2024 at checkout. Shipping is free

~~$84~~ [$63 LIKE NEW Callaway Jaws MD5 Platinum ](https://www.dailygolfsteals.com/go/63-like-new-callaway-jaws-md5-platinum/18684): Available in RH, Regular and Stiff Flex, and 50-56 Degrees Loft. No code needed. Shipping is $9.95

~~$500~~ [$400 NEW Adams Golf Idea Iron Set](https://www.dailygolfsteals.com/go/400-new-adams-golf-idea-iron-set/18688): Available in RH and LH, 5-PW+AW. Other options also in stock. No code needed. Shipping is free

 

**ACCESSORIES**

~~$60~~ [$40 Winter Warming Heating Vest](https://www.dailygolfsteals.com/go/40-winter-warming-heating-vest/18680): As seen in the DailyGolfSteals Reddit Giveaway. Available in Black and Grey, Sizes S-3XL. Use code EHV33 at checkout. Shipping is free

~~$193~~ [$65 Oakley Sliver Stealth Sunglasses](https://www.dailygolfsteals.com/go/65-oakley-sliver-stealth-sunglasses/18682): Available in 'Grey Smoke'. One Size Fits All. Use code DGSKYS-FS at checkout. Shipping is free (refresh if link doesn't work)

 

**APPAREL**

~~$35~~ [$18 Men's Grand Slam Off Classic-Fit Solid Golf Polo](https://www.dailygolfsteals.com/go/18-mens-grand-slam-off-classic-fit-solid-golf-polo/18686): Available in 25+ colors, Sizes S-2XL (availability may vary). No code needed. Spend $49 for free shipping

~~$77~~ [$40 Puma Golf Dealer Shorts 8""](https://www.dailygolfsteals.com/go/40-puma-golf-dealer-shorts-8/18690): Available in 5+ colors, Sizes 28-42"". No code needed. Shipping is free on orders $99+

 

**SHOES**

~~$145~~ [$75 Puma Ignite Elevate Crafted Golf Shoes](https://www.dailygolfsteals.com/75-puma-ignite-elevate-crafted-golf-shoes): Available in White, Sizes 7-15. No code needed. Shipping is free

 

**GOLF BALLS**

~~$43~~ [$35 TaylorMade Tour Response Golf Balls](https://www.dailygolfsteals.com/go/45-taylormade-tour-response-golf-balls/18694): One Dozen - Available in 7+ designs. No code needed. Shipping is free with Prime subscription

 

**OTHER**

**Don't miss another deal** \- [Sign-up here](https://dailygolfsteals.com/sign-up-to-get-deals-in-your-inbox-daily) to get these posts via email every day (7:30am PT / 10:30am ET).

**Tuesday's deals** \- click [here](https://www.reddit.com/r/DailyGolfSteals/comments/1g9gpee/daily_golf_deals_canada_golf_deals_10222024/) in case you missed it

**DISCOUNT CODES:**

* Get up to 30% off TaylorMade Preowned clubs at [GlobalGolf.com](https://dailygolfsteals.com/go-store/globalgolf). No code needed. Use GOLFER2024 for 10% off anything else.
* Get 10% off at [JustGolfStuff.com](https://justgolfstuff.com/) with code GOLFSTUFF10. Exclusions apply.
* Get 15% off a single item at [WorldWideGolf.com](https://dailygolfsteals.com/go-store/worldwidegolfshops) with code WWGWB15 (exclusions apply)
* Use KOSTER15 at [Rhoback.com](https://www.rhoback.com) to get 15% off first-time orders
* Use HOLEINEONE at [RockBottomGolf.com](https://dailygolfsteals.com/go-store/rockbottomgolf) for $10 off $50
* Get 15% off used golf balls through month-end at [CleanGreenGolfBalls.com](https://dailygolfsteals.com/go/15-off-any-mint-quality-golf-balls-at-cleangreengolfballs-2/12087) with code CGGB15. Includes both low-end (e.g. [hit-away](https://cleangreengolfballs.com/products/100-recycled-hit-away-practice-golf-balls) and high-end balls (e.g. Mint AAAA+ [ProV1s](https://dailygolfsteals.com/go/20-1-dozen-titleist-pro-v1-mix-mint-condition-5a/12632), [TP5x](https://dailygolfsteals.com/go/21-1-dozen-taylormade-tp5x-mix-mint-condition-5a/12793))
* Veterans / First Responders (approximately 15% off across each): [Taylormade](https://www.taylormadegolf.com/idme), [PXG](https://www.pxg.com/en-us/heroes), [Dunlop brands - Srixon, Cleveland, XXIO](https://support.dunlopsports.com/hc/en-us/articles/360052054872-Military-Discounts), [Callaway](https://prf.hn/click/camref:1100ljyWz/ar:military/destination:https%3A%2F%2Fwww.callawaygolf.com%2Fmilitary-discount-program%2F), [Wilson](https://www.wilson.com/en-us/explore/military-discount) and [PING](https://ping.com/en-us/community/military-rebate) all offer discounts

Note: I may earn commissions on these deals when you make a purchase. This income helps cover the costs involved in building scraping tools / identifying these deals. This is cleared with the mods.",30,1ga95e5,DailyGolfSteals,https://www.reddit.com/r/DailyGolfSteals/comments/1ga95e5/daily_golf_deals_10232024/,6,2024-10-23 12:19:46,Reddit,"Your Wednesday daily deals. Sign-up to get these deals via email below. Leave a comment if there is anything you would like me to keep an eye out for.

**GOLF CLUBS**

~~$600~~ [$300 NEW Callaway Epic Max Star Driver](https://www.dailygolfsteals.com/go/300-new-callaway-epic-max-star-driver/18676): Available in RH, Regular and Senior Flex and 12 Degrees Loft. Available in LH, Regular and Senior Flex and 10.5 Degrees Loft. No code needed. Shipping is free

~~$400~~ [$288 MINT TaylorMade Qi10 Tour Fairway Wood](https://www.dailygolfsteals.com/go/288-mint-taylormade-qi10-tour-fairway-wood/18678): Available in RH, Regular, Stiff and X-Stiff Flex, and 3-5W Loft. Use code GOLFER2024 at checkout. Shipping is free

~~$84~~ [$63 LIKE NEW Callaway Jaws MD5 Platinum ](https://www.dailygolfsteals.com/go/63-like-new-callaway-jaws-md5-platinum/18684): Available in RH, Regular and Stiff Flex, and 50-56 Degrees Loft. No code needed. Shipping is $9.95

~~$500~~ [$400 NEW Adams Golf Idea Iron Set](https://www.dailygolfsteals.com/go/400-new-adams-golf-idea-iron-set/18688): Available in RH and LH, 5-PW+AW. Other options also in stock. No code needed. Shipping is free

 

**ACCESSORIES**

~~$60~~ [$40 Winter Warming Heating Vest](https://www.dailygolfsteals.com/go/40-winter-warming-heating-vest/18680): As seen in the DailyGolfSteals Reddit Giveaway. Available in Black and Grey, Sizes S-3XL. Use code EHV33 at checkout. Shipping is free

~~$193~~ [$65 Oakley Sliver Stealth Sunglasses](https://www.dailygolfsteals.com/go/65-oakley-sliver-stealth-sunglasses/18682): Available in 'Grey Smoke'. One Size Fits All. Use code DGSKYS-FS at checkout. Shipping is free (refresh if link doesn't work)

 

**APPAREL**

~~$35~~ [$18 Men's Grand Slam Off Classic-Fit Solid Golf Polo](https://www.dailygolfsteals.com/go/18-mens-grand-slam-off-classic-fit-solid-golf-polo/18686): Available in 25+ colors, Sizes S-2XL (availability may vary). No code needed. Spend $49 for free shipping

~~$77~~ [$40 Puma Golf Dealer Shorts 8""](https://www.dailygolfsteals.com/go/40-puma-golf-dealer-shorts-8/18690): Available in 5+ colors, Sizes 28-42"". No code needed. Shipping is free on orders $99+

 

**SHOES**

~~$145~~ [$75 Puma Ignite Elevate Crafted Golf Shoes](https://www.dailygolfsteals.com/75-puma-ignite-elevate-crafted-golf-shoes): Available in White, Sizes 7-15. No code needed. Shipping is free

 

**GOLF BALLS**

~~$43~~ [$35 TaylorMade Tour Response Golf Balls](https://www.dailygolfsteals.com/go/45-taylormade-tour-response-golf-balls/18694): One Dozen - Available in 7+ designs. No code needed. Shipping is free with Prime subscription

 

**OTHER**

**Don't miss another deal** \- [Sign-up here](https://dailygolfsteals.com/sign-up-to-get-deals-in-your-inbox-daily) to get these posts via email every day (7:30am PT / 10:30am ET).

**Tuesday's deals** \- click [here](https://www.reddit.com/r/DailyGolfSteals/comments/1g9gpee/daily_golf_deals_canada_golf_deals_10222024/) in case you missed it

**DISCOUNT CODES:**

* Get up to 30% off TaylorMade Preowned clubs at [GlobalGolf.com](https://dailygolfsteals.com/go-store/globalgolf). No code needed. Use GOLFER2024 for 10% off anything else.
* Get 10% off at [JustGolfStuff.com](https://justgolfstuff.com/) with code GOLFSTUFF10. Exclusions apply.
* Get 15% off a single item at [WorldWideGolf.com](https://dailygolfsteals.com/go-store/worldwidegolfshops) with code WWGWB15 (exclusions apply)
* Use KOSTER15 at [Rhoback.com](https://www.rhoback.com) to get 15% off first-time orders
* Use HOLEINEONE at [RockBottomGolf.com](https://dailygolfsteals.com/go-store/rockbottomgolf) for $10 off $50
* Get 15% off used golf balls through month-end at [CleanGreenGolfBalls.com](https://dailygolfsteals.com/go/15-off-any-mint-quality-golf-balls-at-cleangreengolfballs-2/12087) with code CGGB15. Includes both low-end (e.g. [hit-away](https://cleangreengolfballs.com/products/100-recycled-hit-away-practice-golf-balls) and high-end balls (e.g. Mint AAAA+ [ProV1s](https://dailygolfsteals.com/go/20-1-dozen-titleist-pro-v1-mix-mint-condition-5a/12632), [TP5x](https://dailygolfsteals.com/go/21-1-dozen-taylormade-tp5x-mix-mint-condition-5a/12793))
* Veterans / First Responders (approximately 15% off across each): [Taylormade](https://www.taylormadegolf.com/idme), [PXG](https://www.pxg.com/en-us/heroes), [Dunlop brands - Srixon, Cleveland, XXIO](https://support.dunlopsports.com/hc/en-us/articles/360052054872-Military-Discounts), [Callaway](https://prf.hn/click/camref:1100ljyWz/ar:military/destination:https%3A%2F%2Fwww.callawaygolf.com%2Fmilitary-discount-program%2F), [Wilson](https://www.wilson.com/en-us/explore/military-discount) and [PING](https://ping.com/en-us/community/military-rebate) all offer discounts

Note: I may earn commissions on these deals when you make a purchase. This income helps cover the costs involved in building scraping tools / identifying these deals. This is cleared with the mods.",wednesday daily deal sign get deal via email leave comment anything would like keep eye golf club 600 300 new callaway epic max star driver available rh regular senior flex 12 degree loft available lh regular senior flex 10 5 degree loft code needed shipping free 400 288 mint taylormade qi10 tour fairway wood available rh regular stiff x stiff flex 3 5w loft use code golfer2024 checkout shipping free 84 63 like new callaway jaw md5 platinum available rh regular stiff flex 50 56 degree loft code needed shipping 9 95 500 400 new adam golf idea iron set available rh lh 5 pw aw option also stock code needed shipping free accessory 60 40 winter warming heating vest seen dailygolfsteals reddit giveaway available black grey size 3xl use code ehv33 checkout shipping free 193 65 oakley sliver stealth sunglass available grey smoke one size fit use code dgskys f checkout shipping free refresh link work apparel 35 18 men grand slam classic fit solid golf polo available 25 color size 2xl availability may vary code needed spend 49 free shipping 77 40 puma golf dealer short 8 available 5 color size 28 42 code needed shipping free order 99 shoe 145 75 puma ignite elevate crafted golf shoe available white size 7 15 code needed shipping free golf ball 43 35 taylormade tour response golf ball one dozen available 7 design code needed shipping free prime subscription miss another deal sign get post via email every day 7 30am pt 10 30am et tuesday deal click case missed discount code get 30 taylormade preowned club globalgolf com code needed use golfer2024 10 anything else get 10 justgolfstuff com code golfstuff10 exclusion apply get 15 single item worldwidegolf com code wwgwb15 exclusion apply use koster15 rhoback com get 15 first time order use holeineone rockbottomgolf com 10 50 get 15 used golf ball month end cleangreengolfballs com code cggb15 includes low end e g hit away high end ball e g mint aaaa prov1s tp5x veteran first responder approximately 15 across taylormade pxg dunlop brand srixon cleveland xxio callaway wilson ping offer discount note may earn commission deal make purchase income help cover cost involved building scraping tool identifying deal cleared mod
The Race-Ready PUMA Speedcat Returns in Two Archival Colorways,,2,1g6qfjg,SneakerizeGR,https://sneakerize.gr/the-race-ready-puma-speedcat-returns-in-two-archival-colorways/,0,2024-10-18 19:24:03,Reddit,The Race-Ready PUMA Speedcat Returns in Two Archival Colorways,race ready puma speedcat return two archival colorways
Socks- anyone else hate them?,"I work 10-14 hours on my feet all day. I need to find socks that aren’t too tight, or loose enough where they fall down, but are soft and keep my feet dry and comfortable. I can’t believe I just paid almost $20 per pair to try bombas socks, but they have sizing which is hard for me to find (instead of one fits all) and I’m willing to try anything at this point. You ladies have any good recommendations? I’ve used puma ankle socks for a long time but they’re starting to be too tight/ scratchy- especially around my toes and the threads are starting to pull. ",17,1gag2gy,AuDHDWomen,https://www.reddit.com/r/AuDHDWomen/comments/1gag2gy/socks_anyone_else_hate_them/,17,2024-10-23 17:20:09,Reddit,"I work 10-14 hours on my feet all day. I need to find socks that aren’t too tight, or loose enough where they fall down, but are soft and keep my feet dry and comfortable. I can’t believe I just paid almost $20 per pair to try bombas socks, but they have sizing which is hard for me to find (instead of one fits all) and I’m willing to try anything at this point. You ladies have any good recommendations? I’ve used puma ankle socks for a long time but they’re starting to be too tight/ scratchy- especially around my toes and the threads are starting to pull. ",work 10 14 hour foot day need find sock tight loose enough fall soft keep foot dry comfortable believe paid almost 20 per pair try bombas sock sizing hard find instead one fit willing try anything point lady good recommendation used puma ankle sock long time starting tight scratchy especially around toe thread starting pull
Bad Bunny Gazelles and Jabber Low sizing comparisons to other popular Adidas models. ,"I was asked how the Bad Bunny Gazelles and the Jabber Lows fit especially in comparison to other adidas models in my past posts. All shoes are size 9 as that’s my usual size beside from Yeezys, Converse, Puma Suede. Pictured from the Bad Bunnys to the left are: 

Superstars - Fv2831 US 9/ UK 8.5 / FR 42 2/3
Jabber Low
Adilette Clogs -FY8970 US 9 / FR 43
Adilette 22
Stan Smiths 
Ultraboost DNA x Lego Colo - H67955
Samba Vegans - H01877
Gazelles 

Overall, I feel like they fit similarly to Stan Smiths (in terms of length), but the Bad Bunny Gazelles fit wider. For both models, I had to lace up the right shoe completely to get a tighter fit because my right foot fits more of a 8.5-9 as supposed to my left foot that fits 9-9.5. I’d personally recommend going with your usual size. ",19,1gal58a,adidas,https://www.reddit.com/gallery/1gal58a,9,2024-10-23 20:56:05,Reddit,"I was asked how the Bad Bunny Gazelles and the Jabber Lows fit especially in comparison to other adidas models in my past posts. All shoes are size 9 as that’s my usual size beside from Yeezys, Converse, Puma Suede. Pictured from the Bad Bunnys to the left are: 

Superstars - Fv2831 US 9/ UK 8.5 / FR 42 2/3
Jabber Low
Adilette Clogs -FY8970 US 9 / FR 43
Adilette 22
Stan Smiths 
Ultraboost DNA x Lego Colo - H67955
Samba Vegans - H01877
Gazelles 

Overall, I feel like they fit similarly to Stan Smiths (in terms of length), but the Bad Bunny Gazelles fit wider. For both models, I had to lace up the right shoe completely to get a tighter fit because my right foot fits more of a 8.5-9 as supposed to my left foot that fits 9-9.5. I’d personally recommend going with your usual size. ",asked bad bunny gazelle jabber low fit especially comparison adidas model past post shoe size 9 usual size beside yeezys converse puma suede pictured bad bunny left superstar fv2831 u 9 uk 8 5 fr 42 2 3 jabber low adilette clog fy8970 u 9 fr 43 adilette 22 stan smith ultraboost dna x lego colo h67955 samba vegan h01877 gazelle overall feel like fit similarly stan smith term length bad bunny gazelle fit wider model lace right shoe completely get tighter fit right foot fit 8 5 9 supposed left foot fit 9 9 5 personally recommend going usual size
Bury your face deep into my toes and inhale deep. Hold it. Let the smell marinade in your nose. Breathe out slowly. Now hand over your money slave 💰,,4,1g9w4gx,FootSlaveMarket,https://i.redd.it/np1sjfok5ewd1.jpeg,4,2024-10-22 23:21:10,Reddit,Bury your face deep into my toes and inhale deep. Hold it. Let the smell marinade in your nose. Breathe out slowly. Now hand over your money slave 💰,bury face deep toe inhale deep hold let smell marinade nose breathe slowly hand money slave
Help me find this,"I’m trying to find someone selling this hat, appreciate any help on where to look!",3,1g9rv6h,PUMA,https://i.redd.it/0iqwpfs78dwd1.jpeg,0,2024-10-22 20:14:11,Reddit,"I’m trying to find someone selling this hat, appreciate any help on where to look!",trying find someone selling hat appreciate help look
Got my first ever sneakers from Puma,,10,1g5sd2a,SneakersIndia,https://www.reddit.com/gallery/1g5sd2a,5,2024-10-17 14:36:35,Reddit,Got my first ever sneakers from Puma,got first ever sneaker puma
PUMA and LMC Unveil the Endless Routes Collection - sneakerize.gr,,2,1g6qgba,SneakerizeGR,https://sneakerize.gr/puma-and-lmc-unveil-the-endless-routes-collection/,0,2024-10-18 19:24:59,Reddit,PUMA and LMC Unveil the Endless Routes Collection - sneakerize.gr,puma lmc unveil endless route collection sneakerize gr
Anyone ordered from Puma website uk recently?? ,"Ordered on 13th October and my order still says processing with no indication of when it will arivve or if he's even been dispatched yet. It says typically arrive in 3-5 days of ordering....

",3,1g62f4p,PUMA,https://i.redd.it/oide359t0evd1.jpeg,2,2024-10-17 21:50:21,Reddit,"Ordered on 13th October and my order still says processing with no indication of when it will arivve or if he's even been dispatched yet. It says typically arrive in 3-5 days of ordering....

",ordered 13th october order still say processing indication arivve even dispatched yet say typically arrive 3 5 day ordering
La Florida being La Florida,,2,1ganh4x,NoEsLaLegal,https://i.redd.it/05augxml2lwd1.jpeg,0,2024-10-23 22:37:13,Reddit,La Florida being La Florida,la florida la florida
I bought Puma shoes accidentally ,"Hi guys, I bought Puma shoes two days ago without knowing they were on the boycott list. I bought them from a third party store and I have already worn them (and removed the tags) so return is not an option. Should I sell them?",7,1g5lc7b,BoycottIsrael,https://www.reddit.com/r/BoycottIsrael/comments/1g5lc7b/i_bought_puma_shoes_accidentally/,5,2024-10-17 07:25:45,Reddit,"Hi guys, I bought Puma shoes two days ago without knowing they were on the boycott list. I bought them from a third party store and I have already worn them (and removed the tags) so return is not an option. Should I sell them?",hi guy bought puma shoe two day ago without knowing boycott list bought third party store already worn removed tag return option sell
Quick Checklist ,Before you buy,8,1ga264s,Hasan_Piker,https://boycott-israel.org/,1,2024-10-23 04:35:19,Reddit,Before you buy,buy
"1,100 German Tournament List","Hi everyone. Playing around with some lists for an upcoming tournament. Still trying to get an understanding for what effective V3 force selection entails. How does this list look?

**Platoon 1**

1 Platoon Commander (Inexperienced)

10 Heer Grenadiers, 1 LMG (Regular)

10 Heer Grenadiers, 1 LMG (Regular)

10 Heer Grenadiers, 1 LMG (Regular)

8 Heer Grenadiers, 2 Submachine guns, 4 Assault Rifles, 2 Rifles (Regular)

Light Truck (Regular)

**Platoon 2**

1 Platoon Commander (Inexperienced)

1 Heavy Anti-Tank Gun (Regular)

1 Medium Howitzer, Gun Shield, Spotter (Regular)

**Platoon 3**

1 Platoon Commander (Inexperienced)

1 Medium Machine Gun Team (Regular)

1 Medium Mortar Team (Inexperienced)

**Platoon 4**

SdKfz 234/2 Puma Heavy Armored Car, Command Vehicle Special Rule (Regular)

Panzer II (Regular)

**Total: 1099**

**14 Order Dice**",3,1ganjem,boltaction,https://www.reddit.com/r/boltaction/comments/1ganjem/1100_german_tournament_list/,1,2024-10-23 22:40:08,Reddit,"Hi everyone. Playing around with some lists for an upcoming tournament. Still trying to get an understanding for what effective V3 force selection entails. How does this list look?

**Platoon 1**

1 Platoon Commander (Inexperienced)

10 Heer Grenadiers, 1 LMG (Regular)

10 Heer Grenadiers, 1 LMG (Regular)

10 Heer Grenadiers, 1 LMG (Regular)

8 Heer Grenadiers, 2 Submachine guns, 4 Assault Rifles, 2 Rifles (Regular)

Light Truck (Regular)

**Platoon 2**

1 Platoon Commander (Inexperienced)

1 Heavy Anti-Tank Gun (Regular)

1 Medium Howitzer, Gun Shield, Spotter (Regular)

**Platoon 3**

1 Platoon Commander (Inexperienced)

1 Medium Machine Gun Team (Regular)

1 Medium Mortar Team (Inexperienced)

**Platoon 4**

SdKfz 234/2 Puma Heavy Armored Car, Command Vehicle Special Rule (Regular)

Panzer II (Regular)

**Total: 1099**

**14 Order Dice**",hi everyone playing around list upcoming tournament still trying get understanding effective v3 force selection entail list look platoon 1 1 platoon commander inexperienced 10 heer grenadier 1 lmg regular 10 heer grenadier 1 lmg regular 10 heer grenadier 1 lmg regular 8 heer grenadier 2 submachine gun 4 assault rifle 2 rifle regular light truck regular platoon 2 1 platoon commander inexperienced 1 heavy anti tank gun regular 1 medium howitzer gun shield spotter regular platoon 3 1 platoon commander inexperienced 1 medium machine gun team regular 1 medium mortar team inexperienced platoon 4 sdkfz 234 2 puma heavy armored car command vehicle special rule regular panzer ii regular total 1099 14 order dice
Cop or drop ,Quick!,3,1ga6oc7,fashion,https://i.redd.it/focb5if2ahwd1.jpeg,7,2024-10-23 09:51:43,Reddit,Quick!,quick
Are they worth 1800 ?? Please check images.,"These are the Puma sneakers which I have bought from Flipkart in 1800 rs, they are little less comfortable than my other shoes. The right show is tight in front, otherwise they look cool. So please suggest me should I keep them or return ?",114,1g9beli,SneakersIndia,https://www.reddit.com/gallery/1g9beli,119,2024-10-22 06:07:59,Reddit,"These are the Puma sneakers which I have bought from Flipkart in 1800 rs, they are little less comfortable than my other shoes. The right show is tight in front, otherwise they look cool. So please suggest me should I keep them or return ?",puma sneaker bought flipkart 1800 r little less comfortable shoe right show tight front otherwise look cool please suggest keep return
Progress Photos: 32.5lbs lost in 5 months,"F25, 5'2, SW: 171.5, CW: 139, GW: 120

I don't have any great starting weight photos because I hated taking pictures of myself when I was at my heaviest and I honestly still don't like taking pictures but it's nice to see the progress that I've made so far.

I started my weightloss journey June 1st of this year and I lost weight very rapidly for the first 3 months throught strict diet (1200 calories a day) and exercise (many hours of running and walking every day). Then school started again in September and I had to switch my focus to that instead of weightloss so my progress slowed down a lot. 

I think it's better this way honestly, I was pushing my body too hard in the beginning and it was exhausting. I've finally accepted that it isn't necessary to lose weight quickly. Going slowly takes less of a toll on you physically and mentally and it's more sustainable. This might seem obvious to many people but it took some time for me to understand that. 

I still have another 20 or so pounds that I would like to lose but I'm taking my time to do it. I don't have a set goal date anymore, as long as I continue to lose then I am happy regardless of how long it takes.

I'm still running several times per week (I actually just completed my first half marathon over the weekend) but not just for weightloss anymore, I do it because I really enjoy it. And I continue to eat smaller healthier meals and track my calories but I'm not nearly as strict as I used to be. 

This method may not work for everyone but it works better for me and I'm happier now with my body and my mind than I ever have been.",442,1g909qr,CICO,https://www.reddit.com/gallery/1g909qr,7,2024-10-21 20:43:00,Reddit,"F25, 5'2, SW: 171.5, CW: 139, GW: 120

I don't have any great starting weight photos because I hated taking pictures of myself when I was at my heaviest and I honestly still don't like taking pictures but it's nice to see the progress that I've made so far.

I started my weightloss journey June 1st of this year and I lost weight very rapidly for the first 3 months throught strict diet (1200 calories a day) and exercise (many hours of running and walking every day). Then school started again in September and I had to switch my focus to that instead of weightloss so my progress slowed down a lot. 

I think it's better this way honestly, I was pushing my body too hard in the beginning and it was exhausting. I've finally accepted that it isn't necessary to lose weight quickly. Going slowly takes less of a toll on you physically and mentally and it's more sustainable. This might seem obvious to many people but it took some time for me to understand that. 

I still have another 20 or so pounds that I would like to lose but I'm taking my time to do it. I don't have a set goal date anymore, as long as I continue to lose then I am happy regardless of how long it takes.

I'm still running several times per week (I actually just completed my first half marathon over the weekend) but not just for weightloss anymore, I do it because I really enjoy it. And I continue to eat smaller healthier meals and track my calories but I'm not nearly as strict as I used to be. 

This method may not work for everyone but it works better for me and I'm happier now with my body and my mind than I ever have been.",f25 5 2 sw 171 5 cw 139 gw 120 great starting weight photo hated taking picture heaviest honestly still like taking picture nice see progress made far started weightloss journey june 1st year lost weight rapidly first 3 month throught strict diet 1200 calorie day exercise many hour running walking every day school started september switch focus instead weightloss progress slowed lot think better way honestly pushing body hard beginning exhausting finally accepted necessary lose weight quickly going slowly take less toll physically mentally sustainable might seem obvious many people took time understand still another 20 pound would like lose taking time set goal date anymore long continue lose happy regardless long take still running several time per week actually completed first half marathon weekend weightloss anymore really enjoy continue eat smaller healthier meal track calorie nearly strict used method may work everyone work better happier body mind ever
2017 Premiership Signed and Framed Guernsey,"Hi guys,

Selling this if anyone is interested, or knows of anyone who is. Located in Melbourne.

Feel free to message :)",38,1ga59kc,RichmondFC,https://i.redd.it/4197quz3rgwd1.jpeg,10,2024-10-23 08:05:27,Reddit,"Hi guys,

Selling this if anyone is interested, or knows of anyone who is. Located in Melbourne.

Feel free to message :)",hi guy selling anyone interested know anyone located melbourne feel free message
Reshma💥,,5,1g9m6lx,Actress_and_stuff,https://www.reddit.com/gallery/1g9m6lx,0,2024-10-22 16:21:44,Reddit,Reshma💥,reshma
Pumapalooza at Birnam Wood?,"Our brown tabby is STILL missing. Puma entered the arboretum near Birnam Wood, and we think he may emerge there looking for food or better shelter (rather than crossing back over Bill McDonald). It's been long enough that hunger may be overriding fear, causing him to emerge. 

This leads me to two things: 

1. If you live in Birnam Wood OR frequent the area---PLEASE keep an eye out for Puma and tell your friends! He could be hiding somewhere in the complex, trying to stay dry and warm. Or he may wander a bit looking for food.

2. Does anybody know who I could contact about coming to search at Birnam Woods? As we've searched the arb nearby, we've seen areas that a kitty could try and seek shelter in---some are behind a gate (so, not accessible just by wandering).

**Puma is a VERY skittish and timid cat. We suspect he'd still bolt if approached (but you never know with how hungry he must be at this point). If spotted, keeping a distance may be best, but PLEASE let us know where he was seen! 

He is microchipped and had a teal collar with a tag when he got out. 

We really appreciate all the help and support we've gotten. We love Puma very much and want to bring him home. We're still going out for him every day",50,1g8qu03,WWU,https://www.reddit.com/gallery/1g8qu03,22,2024-10-21 14:20:14,Reddit,"Our brown tabby is STILL missing. Puma entered the arboretum near Birnam Wood, and we think he may emerge there looking for food or better shelter (rather than crossing back over Bill McDonald). It's been long enough that hunger may be overriding fear, causing him to emerge. 

This leads me to two things: 

1. If you live in Birnam Wood OR frequent the area---PLEASE keep an eye out for Puma and tell your friends! He could be hiding somewhere in the complex, trying to stay dry and warm. Or he may wander a bit looking for food.

2. Does anybody know who I could contact about coming to search at Birnam Woods? As we've searched the arb nearby, we've seen areas that a kitty could try and seek shelter in---some are behind a gate (so, not accessible just by wandering).

**Puma is a VERY skittish and timid cat. We suspect he'd still bolt if approached (but you never know with how hungry he must be at this point). If spotted, keeping a distance may be best, but PLEASE let us know where he was seen! 

He is microchipped and had a teal collar with a tag when he got out. 

We really appreciate all the help and support we've gotten. We love Puma very much and want to bring him home. We're still going out for him every day",brown tabby still missing puma entered arboretum near birnam wood think may emerge looking food better shelter rather crossing back bill mcdonald long enough hunger may overriding fear causing emerge lead two thing 1 live birnam wood frequent area please keep eye puma tell friend could hiding somewhere complex trying stay dry warm may wander bit looking food 2 anybody know could contact coming search birnam wood searched arb nearby seen area kitty could try seek shelter behind gate accessible wandering puma skittish timid cat suspect still bolt approached never know hungry must point spotted keeping distance may best please let u know seen microchipped teal collar tag got really appreciate help support gotten love puma much want bring home still going every day
Pumapalooza at Birnam Wood?,"Our brown tabby is STILL missing. Puma entered the arboretum near Birnam Wood, and we think he may emerge there looking for food or better shelter (rather than crossing back over Bill McDonald). It's been long enough that hunger may be overriding fear, causing him to emerge. 

This leads me to two things: 

1. If you live in Birnam Wood OR frequent the area---PLEASE keep an eye out for Puma and tell your friends! He could be hiding somewhere in the complex, trying to stay dry and warm. Or he may wander a bit looking for food.

2. Does anybody know who I could contact about coming to search at Birnam Woods? As we've searched the arb nearby, we've seen areas that a kitty could try and seek shelter in---some are behind a gate (so, not accessible just by wandering).

**Puma is a VERY skittish and timid cat. We suspect he'd still bolt if approached (but you never know with how hungry he must be at this point). If spotted, keeping a distance may be best, but PLEASE let us know where he was seen! 

He is microchipped and had a teal collar with a tag when he got out. 

We really appreciate all the help and support we've gotten. We love Puma VERY much and want to bring him home. We're still going out for him every day",42,1g8qsz8,Bellingham,https://www.reddit.com/gallery/1g8qsz8,10,2024-10-21 14:19:00,Reddit,"Our brown tabby is STILL missing. Puma entered the arboretum near Birnam Wood, and we think he may emerge there looking for food or better shelter (rather than crossing back over Bill McDonald). It's been long enough that hunger may be overriding fear, causing him to emerge. 

This leads me to two things: 

1. If you live in Birnam Wood OR frequent the area---PLEASE keep an eye out for Puma and tell your friends! He could be hiding somewhere in the complex, trying to stay dry and warm. Or he may wander a bit looking for food.

2. Does anybody know who I could contact about coming to search at Birnam Woods? As we've searched the arb nearby, we've seen areas that a kitty could try and seek shelter in---some are behind a gate (so, not accessible just by wandering).

**Puma is a VERY skittish and timid cat. We suspect he'd still bolt if approached (but you never know with how hungry he must be at this point). If spotted, keeping a distance may be best, but PLEASE let us know where he was seen! 

He is microchipped and had a teal collar with a tag when he got out. 

We really appreciate all the help and support we've gotten. We love Puma VERY much and want to bring him home. We're still going out for him every day",brown tabby still missing puma entered arboretum near birnam wood think may emerge looking food better shelter rather crossing back bill mcdonald long enough hunger may overriding fear causing emerge lead two thing 1 live birnam wood frequent area please keep eye puma tell friend could hiding somewhere complex trying stay dry warm may wander bit looking food 2 anybody know could contact coming search birnam wood searched arb nearby seen area kitty could try seek shelter behind gate accessible wandering puma skittish timid cat suspect still bolt approached never know hungry must point spotted keeping distance may best please let u know seen microchipped teal collar tag got really appreciate help support gotten love puma much want bring home still going every day
Does anyone know the value of these Racer X shoes?!,"I found these shoes at Unclaimed baggage and did some research, these shoes were manufactured by Puma during the movie but when I contacted them they didn’t about these shoes. The shoes feel way to comfortable to be an off brand or a scam. ",27,1g9lf3d,speedracer,https://www.reddit.com/gallery/1g9lf3d,1,2024-10-22 15:50:09,Reddit,"I found these shoes at Unclaimed baggage and did some research, these shoes were manufactured by Puma during the movie but when I contacted them they didn’t about these shoes. The shoes feel way to comfortable to be an off brand or a scam. ",found shoe unclaimed baggage research shoe manufactured puma movie contacted shoe shoe feel way comfortable brand scam
Ari Mingueza x Puma ,,6,1g53jsr,AriMingueza,https://www.reddit.com/gallery/1g53jsr,0,2024-10-16 16:28:52,Reddit,Ari Mingueza x Puma ,ari mingueza x puma
First salary spree,Puma Slipstream Leather (White-Pumpkin Pie scheme) and Nike Air Max 90 Premium (White-Racer Blue scheme).,13,1g9hoxj,SneakersIndia,https://i.redd.it/bzp9jn614bwd1.png,2,2024-10-22 13:07:14,Reddit,Puma Slipstream Leather (White-Pumpkin Pie scheme) and Nike Air Max 90 Premium (White-Racer Blue scheme).,puma slipstream leather white pumpkin pie scheme nike air max 90 premium white racer blue scheme
Puma Future 7 Ultimate FTR,"I'm regularly a nike 7.5 (non-cleat wise) and the size 8 is the only one in stock, will that be fine? I'm also concerned about people that have said they aren't durable so will that be an issue? (I don't play for any leagues, I just go to my local park about 2-3 times a week and practice for when I play in the spring, I play CAM. CF & CM) My current phantom GT's are almost a year old and are holding up well but they aren't offering me enough control for my dribbling.

Edit 1: I wear a size 8 for my marching band shoes and it seems I’m almost a size 8 in Nike, so im still unsure about the sizing. And for the marketing bs or whatever, my cleats are slippery almost (they’re synthetic not leather) and i think the knitted feel would be a bit better for both comfort and efficiency with ball control, but that’s just what I think.",3,1g5felh,bootroom,https://www.reddit.com/r/bootroom/comments/1g5felh/puma_future_7_ultimate_ftr/,3,2024-10-17 01:22:21,Reddit,"I'm regularly a nike 7.5 (non-cleat wise) and the size 8 is the only one in stock, will that be fine? I'm also concerned about people that have said they aren't durable so will that be an issue? (I don't play for any leagues, I just go to my local park about 2-3 times a week and practice for when I play in the spring, I play CAM. CF & CM) My current phantom GT's are almost a year old and are holding up well but they aren't offering me enough control for my dribbling.

Edit 1: I wear a size 8 for my marching band shoes and it seems I’m almost a size 8 in Nike, so im still unsure about the sizing. And for the marketing bs or whatever, my cleats are slippery almost (they’re synthetic not leather) and i think the knitted feel would be a bit better for both comfort and efficiency with ball control, but that’s just what I think.",regularly nike 7 5 non cleat wise size 8 one stock fine also concerned people said durable issue play league go local park 2 3 time week practice play spring play cam cf cm current phantom gt almost year old holding well offering enough control dribbling edit 1 wear size 8 marching band shoe seems almost size 8 nike im still unsure sizing marketing b whatever cleat slippery almost synthetic leather think knitted feel would bit better comfort efficiency ball control think
Is this why he's the LeBron James of soccer?,,10,1ga6x5v,soccercirclejerk,https://i.redd.it/ko19sdz1dhwd1.png,2,2024-10-23 10:08:28,Reddit,Is this why he's the LeBron James of soccer?,lebron james soccer
Street photography taken in Havana this past Summer. ,,88,1g8xhpz,cuba,https://www.reddit.com/gallery/1g8xhpz,11,2024-10-21 18:51:25,Reddit,Street photography taken in Havana this past Summer. ,street photography taken havana past summer
Finally beat Melbourne ,"After what seemed like ten straight second place finishes with the GR Yaris, Finally beat Melbourne on my second attempt with the Puma",5,1g9n5sf,RealRacing3,https://i.redd.it/0edtoy2v9cwd1.png,0,2024-10-22 17:01:38,Reddit,"After what seemed like ten straight second place finishes with the GR Yaris, Finally beat Melbourne on my second attempt with the Puma",seemed like ten straight second place finish gr yaris finally beat melbourne second attempt puma
Puma Basketball is seriously slept on…,,6,1g5elfi,BBallShoes,https://youtu.be/twPolsMtdf8?si=ZqrnSrlaelYJzLEO,4,2024-10-17 00:40:41,Reddit,Puma Basketball is seriously slept on…,puma basketball seriously slept
my outlet hoop shoe rotation,"here is a look at my current hoop shoe rotation. all were below $60 with my favorite pair being the two wxy v4s. they’re just absolutely amazing lol

ja 1-$50 at the nike outlet
two wxy v4s-$35 at the nb outlet
don issue 5s-$35 at burlington
puma all pro nitro-$40 at ross

if you guys have questions about the performance feel free to leave a comment 

for reference i am a 5’9” 167 lb combo guard with my strengths being my outside shot and crafty footwork. also i am not very shifty lol i just have great footwork and timing",7,1ga2h53,BBallShoes,https://i.redd.it/g5zkfczysfwd1.jpeg,11,2024-10-23 04:54:05,Reddit,"here is a look at my current hoop shoe rotation. all were below $60 with my favorite pair being the two wxy v4s. they’re just absolutely amazing lol

ja 1-$50 at the nike outlet
two wxy v4s-$35 at the nb outlet
don issue 5s-$35 at burlington
puma all pro nitro-$40 at ross

if you guys have questions about the performance feel free to leave a comment 

for reference i am a 5’9” 167 lb combo guard with my strengths being my outside shot and crafty footwork. also i am not very shifty lol i just have great footwork and timing",look current hoop shoe rotation 60 favorite pair two wxy v4s absolutely amazing lol ja 1 50 nike outlet two wxy v4s 35 nb outlet issue 5 35 burlington puma pro nitro 40 ross guy question performance feel free leave comment reference 5 9 167 lb combo guard strength outside shot crafty footwork also shifty lol great footwork timing
25m,,18,1g8hhk3,GayRateMe,https://i.redd.it/bvcg0gdsd1wd1.jpeg,2,2024-10-21 04:24:04,Reddit,25m,25m
Danilo Lavieri: Sportingbet avança e vira a favorita para substituir Crefisa no Palmeiras,"O Palmeiras avançou nas conversas com a Sportingbet para acertar o acordo de patrocínio máster a partir de 2025, para um acordo que deve durar três anos. Ainda não há contrato assinado, mas o papo já não é mais inicial como era há 20 dias, quando essa coluna revelou a negociação. Hoje, os dois já trocam condições finais para bater o martelo.

A casa de apostas tem a melhor proposta do momento e só não é a vencedora da concorrência porque o clube ainda conversa com outras empresas interessadas e tem a expectativa de receber uma oferta melhor.

O Palmeiras não quis comentar o assunto e disse que ainda há uma concorrência em andamento

Leila Pereira tem resistência a entrar no mundo das bets, mas entende que a empresa tem um longo histórico no exterior, fundada na Inglaterra em 1997, e tem parcerias sólidas com outros players do futebol como a Conmebol. Além disso, também está entre as casas regularizadas na nova legislação do governo.

A ideia do Palmeiras é fechar com um patrocinador máster e pelo menos mais duas propriedades para chegar na casa dos R$ 150 milhões com o seu uniforme, sem contar os quase R$ 50 milhões que ganha com o acordo com a Puma.

No momento, o Alviverde recebe R$ 81 milhões de patrocínio da Crefisa e da Faculdade das América pela exclusividade em todas as propriedades do uniforme.",3,1gasmq4,futebol,https://www.uol.com.br/esporte/colunas/danilo-lavieri/2024/10/23/sportingbet-avanca-e-vira-a-favorita-para-substituir-crefisa-no-palmeiras.htm,3,2024-10-24 02:48:23,Reddit,"O Palmeiras avançou nas conversas com a Sportingbet para acertar o acordo de patrocínio máster a partir de 2025, para um acordo que deve durar três anos. Ainda não há contrato assinado, mas o papo já não é mais inicial como era há 20 dias, quando essa coluna revelou a negociação. Hoje, os dois já trocam condições finais para bater o martelo.

A casa de apostas tem a melhor proposta do momento e só não é a vencedora da concorrência porque o clube ainda conversa com outras empresas interessadas e tem a expectativa de receber uma oferta melhor.

O Palmeiras não quis comentar o assunto e disse que ainda há uma concorrência em andamento

Leila Pereira tem resistência a entrar no mundo das bets, mas entende que a empresa tem um longo histórico no exterior, fundada na Inglaterra em 1997, e tem parcerias sólidas com outros players do futebol como a Conmebol. Além disso, também está entre as casas regularizadas na nova legislação do governo.

A ideia do Palmeiras é fechar com um patrocinador máster e pelo menos mais duas propriedades para chegar na casa dos R$ 150 milhões com o seu uniforme, sem contar os quase R$ 50 milhões que ganha com o acordo com a Puma.

No momento, o Alviverde recebe R$ 81 milhões de patrocínio da Crefisa e da Faculdade das América pela exclusividade em todas as propriedades do uniforme.",palmeiras avançou na conversas com sportingbet para acertar acordo de patrocínio máster partir de 2025 para um acordo que deve durar três ano ainda não há contrato assinado ma papo já não é mais inicial como era há 20 dia quando essa coluna revelou negociação hoje o doi já trocam condições finais para bater martelo casa de apostas tem melhor proposta momento e só não é vencedora da concorrência porque clube ainda conversa com outras empresas interessadas e tem expectativa de receber uma oferta melhor palmeiras não quis comentar assunto e disse que ainda há uma concorrência em andamento leila pereira tem resistência entrar mundo da bet ma entende que empresa tem um longo histórico exterior fundada na inglaterra em 1997 e tem parcerias sólidas com outros player futebol como conmebol além disso também está entre casas regularizadas na nova legislação governo ideia palmeiras é fechar com um patrocinador máster e pelo menos mais duas propriedades para chegar na casa do r 150 milhões com seu uniforme sem contar o quase r 50 milhões que ganha com acordo com puma momento alviverde recebe r 81 milhões de patrocínio da crefisa e da faculdade da américa pela exclusividade em toda propriedades uniforme
Picked up these suede Calderone vans for $45 at DSW.,"Would have preferred the all blacks and plan to swap the white laces for black but they seem pretty sick regardless at the price point.

What I appreciate is a mesh side that my all black classic pumas didn't have and they would get a little stuffy. 

Def recommend a day in.",2,1g9uhq9,Sneakers,https://v.redd.it/mr10w4j6sdwd1,1,2024-10-22 22:06:07,Reddit,"Would have preferred the all blacks and plan to swap the white laces for black but they seem pretty sick regardless at the price point.

What I appreciate is a mesh side that my all black classic pumas didn't have and they would get a little stuffy. 

Def recommend a day in.",would preferred black plan swap white lace black seem pretty sick regardless price point appreciate mesh side black classic puma would get little stuffy def recommend day
revised 2024 ford puma livery,,8,1g4z2qy,EASPORTSWRC,https://www.reddit.com/gallery/1g4z2qy,0,2024-10-16 13:13:37,Reddit,revised 2024 ford puma livery,revised 2024 ford puma livery
LC Brown - Give It Up or Start The Fire (Andrew Beyer vs. Eli & Fur),,5,1g9tmsq,mashups,https://youtu.be/RAFqt-LrOPw?si=s73IYRjIKn2f23YG,0,2024-10-22 21:28:52,Reddit,LC Brown - Give It Up or Start The Fire (Andrew Beyer vs. Eli & Fur),lc brown give start fire andrew beyer v eli fur
I am scared to wear my new shoes.,"I (32m) grew up relatively poor, when i was growing up in the beginning of every school year I would get one white pair of shoes and one black pair of shoes and they would have to last me until next school year. As I gotten into my teens I was able to pick out an additional shoe for my birthday and or Christmas with the sacrifice of a video game. 

Now over the past few years I make my own money, I have a decent job and can afford any shoe I want. Here is the issue, everything I buy new shoes I DONT WEAR THEM. I get scared to because I do not want to ruin them. Some of these shoes i have are retros and relaunched from when I was a kid. For example. I have two pairs for Gilbert Arenas Shoes that I wanted growing up. I wear one for basketball and the other one is just collecting dust. I also have a par of Orlando Magic T-Mac 1s. And a space Grey T-Mac 2s. I also have an exclusive edition of PS5 Pumas that came out recently. And a few others. Of course I need to wear shoes so sometimes I sill go into like a Snipes or find clearance shoes on Adidas or Puma and wear those. But I will buy two pairs and wear one until they run its corse then I will wear the second one I bought.  I have been using the same two pairs for the past 3 years. But I have bought shoes I am scared to wear in between.  Does anyone else have this problem? Anyone else buys things they have always wanted but scared to use? Anyone else can share something similar?

Thank you for reading.  ",9,1g9oikf,TrueOffMyChest,https://www.reddit.com/r/TrueOffMyChest/comments/1g9oikf/i_am_scared_to_wear_my_new_shoes/,6,2024-10-22 17:57:38,Reddit,"I (32m) grew up relatively poor, when i was growing up in the beginning of every school year I would get one white pair of shoes and one black pair of shoes and they would have to last me until next school year. As I gotten into my teens I was able to pick out an additional shoe for my birthday and or Christmas with the sacrifice of a video game. 

Now over the past few years I make my own money, I have a decent job and can afford any shoe I want. Here is the issue, everything I buy new shoes I DONT WEAR THEM. I get scared to because I do not want to ruin them. Some of these shoes i have are retros and relaunched from when I was a kid. For example. I have two pairs for Gilbert Arenas Shoes that I wanted growing up. I wear one for basketball and the other one is just collecting dust. I also have a par of Orlando Magic T-Mac 1s. And a space Grey T-Mac 2s. I also have an exclusive edition of PS5 Pumas that came out recently. And a few others. Of course I need to wear shoes so sometimes I sill go into like a Snipes or find clearance shoes on Adidas or Puma and wear those. But I will buy two pairs and wear one until they run its corse then I will wear the second one I bought.  I have been using the same two pairs for the past 3 years. But I have bought shoes I am scared to wear in between.  Does anyone else have this problem? Anyone else buys things they have always wanted but scared to use? Anyone else can share something similar?

Thank you for reading.  ",32m grew relatively poor growing beginning every school year would get one white pair shoe one black pair shoe would last next school year gotten teen able pick additional shoe birthday christmas sacrifice video game past year make money decent job afford shoe want issue everything buy new shoe dont wear get scared want ruin shoe retro relaunched kid example two pair gilbert arena shoe wanted growing wear one basketball one collecting dust also par orlando magic mac 1 space grey mac 2 also exclusive edition ps5 puma came recently others course need wear shoe sometimes sill go like snipe find clearance shoe adidas puma wear buy two pair wear one run corse wear second one bought using two pair past 3 year bought shoe scared wear anyone else problem anyone else buy thing always wanted scared use anyone else share something similar thank reading
When are the next big shopee sales in the following months besides 11.11?,"Does anyone know when start ng mga major sales besides 11.11?

Yung damay sana for the ff shops:
- Apple flagship store
- Xiaomi
- Above athletica
- Adidas
- Puma",2,1g9oc8x,ShopeePH,https://www.reddit.com/r/ShopeePH/comments/1g9oc8x/when_are_the_next_big_shopee_sales_in_the/,2,2024-10-22 17:50:19,Reddit,"Does anyone know when start ng mga major sales besides 11.11?

Yung damay sana for the ff shops:
- Apple flagship store
- Xiaomi
- Above athletica
- Adidas
- Puma",anyone know start ng mga major sale besides 11 11 yung damay sana ff shop apple flagship store xiaomi athletica adidas puma
2024 ford puma livery,,10,1g4s187,EASPORTSWRC,https://www.reddit.com/gallery/1g4s187,6,2024-10-16 05:22:16,Reddit,2024 ford puma livery,2024 ford puma livery
Como lacear esse tênis?,"https://preview.redd.it/x5n0mm3fkewd1.png?width=1000&format=png&auto=webp&s=ed1cd7fff4f23fb5158367fd0c4c7a7747fb7013

Olá pessoal, boa noite. Recentemente minha namorada veio do Canadá e me trouxe um tênis semelhante a esse *(mesmo modelo, porém o esquema de cores muda).* O tamanho está correto mas a largura está apertando e muito meu pé. Gostaria de saber como eu faço para lacear o tênis, já que não dá para trocar e como foi um presente especial, não gostaria de vender para comprar um maior, esse é tamanho 46.

Se alguém quiser saber o material dele [aqui está o anúncio](https://br.puma.com/tenis-trinity-scuderia-ferrari-307950-04.html). ",4,1g9xyin,SneakersBrasil,https://www.reddit.com/r/SneakersBrasil/comments/1g9xyin/como_lacear_esse_tênis/,3,2024-10-23 00:49:53,Reddit,"https://preview.redd.it/x5n0mm3fkewd1.png?width=1000&format=png&auto=webp&s=ed1cd7fff4f23fb5158367fd0c4c7a7747fb7013

Olá pessoal, boa noite. Recentemente minha namorada veio do Canadá e me trouxe um tênis semelhante a esse *(mesmo modelo, porém o esquema de cores muda).* O tamanho está correto mas a largura está apertando e muito meu pé. Gostaria de saber como eu faço para lacear o tênis, já que não dá para trocar e como foi um presente especial, não gostaria de vender para comprar um maior, esse é tamanho 46.

Se alguém quiser saber o material dele [aqui está o anúncio](https://br.puma.com/tenis-trinity-scuderia-ferrari-307950-04.html). ",olá pessoal boa noite recentemente minha namorada veio canadá e trouxe um tênis semelhante esse mesmo modelo porém esquema de core muda tamanho está correto ma largura está apertando e muito meu pé gostaria de saber como eu faço para lacear tênis já que não dá para trocar e como foi um presente especial não gostaria de vender para comprar um maior esse é tamanho 46 se alguém quiser saber material dele aqui está anúncio
Most likely my last harvest of the season,"A bittersweet feeling! Still a bunch to ripen but night temps are hanging in the 30s and 40s. Some thai peppers,lemon drop, aji cristal, sweet red peppers, arbol, puma and blue ghost peach. ",32,1g96oxm,HotPeppers,https://www.reddit.com/gallery/1g96oxm,2,2024-10-22 01:37:49,Reddit,"A bittersweet feeling! Still a bunch to ripen but night temps are hanging in the 30s and 40s. Some thai peppers,lemon drop, aji cristal, sweet red peppers, arbol, puma and blue ghost peach. ",bittersweet feeling still bunch ripen night temp hanging 30 40 thai pepper lemon drop aji cristal sweet red pepper arbol puma blue ghost peach
Opiniões 20-25k carro automático,"Bom dia, estive a fazer uma pesquisa de carros, de caixa automática, que se incluem no meu orçamento.  
Estes foram alguns dos que destaquei.

Skoda Scala [https://www.standvirtual.com/carros/anuncio/skoda-scala-ver-1-0-tsi-dsg-ID8PKf7K.html](https://www.standvirtual.com/carros/anuncio/skoda-scala-ver-1-0-tsi-dsg-ID8PKf7K.html)

Ford Puma [https://www.standvirtual.com/carros/anuncio/ford-puma-ver-1-0-ecoboost-mhev-titanium-aut-ID8PIrAB.html](https://www.standvirtual.com/carros/anuncio/ford-puma-ver-1-0-ecoboost-mhev-titanium-aut-ID8PIrAB.html)

Dacia Sandero 1.0 TCe Stepway Extreme CVT [https://www.standvirtual.com/carros/anuncio/dacia-sandero-ver-1-0-tce-stepway-extreme-cvt-ID8PKGfi.html](https://www.standvirtual.com/carros/anuncio/dacia-sandero-ver-1-0-tce-stepway-extreme-cvt-ID8PKGfi.html)

SEAT Ibiza [https://www.standvirtual.com/carros/anuncio/seat-ibiza-ver-1-0-tsi-style-dsg-ID8PJEMZ.html](https://www.standvirtual.com/carros/anuncio/seat-ibiza-ver-1-0-tsi-style-dsg-ID8PJEMZ.html)

SEAT Arona [https://www.standvirtual.com/carros/anuncio/seat-arona-ver-1-0-tsi-xperience-dsg-ID8PKn4P.html](https://www.standvirtual.com/carros/anuncio/seat-arona-ver-1-0-tsi-xperience-dsg-ID8PKn4P.html)

kia Stonic [https://www.standvirtual.com/carros/anuncio/kia-stonic-ver-1-0-t-gdi-drive-7dct-ID8PKbCv.html](https://www.standvirtual.com/carros/anuncio/kia-stonic-ver-1-0-t-gdi-drive-7dct-ID8PKbCv.html)

Hyundai i20 [https://caetanoretail.pt/veiculo/NLHBN51GGPZ352559/](https://caetanoretail.pt/veiculo/NLHBN51GGPZ352559/)

Mazda 2 1.5 L Hybrid [https://www.standvirtual.com/carros/anuncio/mazda-2-ver-1-5-l-hybrid-vvt-i-agile-ID8PFaB9.html|](https://www.standvirtual.com/carros/anuncio/mazda-2-ver-1-5-l-hybrid-vvt-i-agile-ID8PFaB9.html|)

Alguns deles não têm câmara de marcha-atrás, o que é uma pena. Mas relativamente à fiabilidade, condução e tendo em conta a vossa experiência, qual acham a melhor opção?

* condução diária de 20km (viagens mais longas ocasionais).
* elétrico, fora de opção.
* caixa automática é um must.",1,1g9g1fa,AutoTuga,https://www.reddit.com/r/AutoTuga/comments/1g9g1fa/opiniões_2025k_carro_automático/,43,2024-10-22 11:41:13,Reddit,"Bom dia, estive a fazer uma pesquisa de carros, de caixa automática, que se incluem no meu orçamento.  
Estes foram alguns dos que destaquei.

Skoda Scala [https://www.standvirtual.com/carros/anuncio/skoda-scala-ver-1-0-tsi-dsg-ID8PKf7K.html](https://www.standvirtual.com/carros/anuncio/skoda-scala-ver-1-0-tsi-dsg-ID8PKf7K.html)

Ford Puma [https://www.standvirtual.com/carros/anuncio/ford-puma-ver-1-0-ecoboost-mhev-titanium-aut-ID8PIrAB.html](https://www.standvirtual.com/carros/anuncio/ford-puma-ver-1-0-ecoboost-mhev-titanium-aut-ID8PIrAB.html)

Dacia Sandero 1.0 TCe Stepway Extreme CVT [https://www.standvirtual.com/carros/anuncio/dacia-sandero-ver-1-0-tce-stepway-extreme-cvt-ID8PKGfi.html](https://www.standvirtual.com/carros/anuncio/dacia-sandero-ver-1-0-tce-stepway-extreme-cvt-ID8PKGfi.html)

SEAT Ibiza [https://www.standvirtual.com/carros/anuncio/seat-ibiza-ver-1-0-tsi-style-dsg-ID8PJEMZ.html](https://www.standvirtual.com/carros/anuncio/seat-ibiza-ver-1-0-tsi-style-dsg-ID8PJEMZ.html)

SEAT Arona [https://www.standvirtual.com/carros/anuncio/seat-arona-ver-1-0-tsi-xperience-dsg-ID8PKn4P.html](https://www.standvirtual.com/carros/anuncio/seat-arona-ver-1-0-tsi-xperience-dsg-ID8PKn4P.html)

kia Stonic [https://www.standvirtual.com/carros/anuncio/kia-stonic-ver-1-0-t-gdi-drive-7dct-ID8PKbCv.html](https://www.standvirtual.com/carros/anuncio/kia-stonic-ver-1-0-t-gdi-drive-7dct-ID8PKbCv.html)

Hyundai i20 [https://caetanoretail.pt/veiculo/NLHBN51GGPZ352559/](https://caetanoretail.pt/veiculo/NLHBN51GGPZ352559/)

Mazda 2 1.5 L Hybrid [https://www.standvirtual.com/carros/anuncio/mazda-2-ver-1-5-l-hybrid-vvt-i-agile-ID8PFaB9.html|](https://www.standvirtual.com/carros/anuncio/mazda-2-ver-1-5-l-hybrid-vvt-i-agile-ID8PFaB9.html|)

Alguns deles não têm câmara de marcha-atrás, o que é uma pena. Mas relativamente à fiabilidade, condução e tendo em conta a vossa experiência, qual acham a melhor opção?

* condução diária de 20km (viagens mais longas ocasionais).
* elétrico, fora de opção.
* caixa automática é um must.",bom dia estive fazer uma pesquisa de carros de caixa automática que se incluem meu orçamento estes foram alguns do que destaquei skoda scala ford puma dacia sandero 1 0 tce stepway extreme cvt seat ibiza seat arona kia stonic hyundai i20 mazda 2 1 5 l hybrid alguns deles não têm câmara de marcha atrás que é uma pena ma relativamente à fiabilidade condução e tendo em conta vossa experiência qual acham melhor opção condução diária de 20km viagens mais longas ocasionais elétrico forum de opção caixa automática é um must
"[For Sale] Janelle Monae, Jhene Aiko, Dredg, Sufjan, & More + Leftovers","Continuing to clear space with records that have been sitting on the shelf. All records graded conservatively & packed in LP mailers. DM for any questions/pics. Ships from Houston, TX.

$5 shipping (+$1 for each additional) within CONUS. PayPal G&S only.

**Check my previous post for leftovers:** [https://www.reddit.com/r/VinylCollectors/comments/1ftzau2/for\_sale\_lowered\_prices\_new\_additions/](https://www.reddit.com/r/VinylCollectors/comments/1ftzau2/for_sale_lowered_prices_new_additions/)

|Artist/Album|Variant Description|Media Condition|Jacket Condition|Price|
|:-|:-|:-|:-|:-|
|[Janelle Monáe – Dirty Computer](https://www.discogs.com/release/12562024-Janelle-Mon%C3%A1e-Dirty-Computer)|UO Exclusive: Neon Pink|NEW/SEALED|NEW/SEALED (NM-/VG+)|$70|
|[Jhené Aiko – Souled Out](https://www.discogs.com/release/6214954-Jhen%C3%A9-Aiko-Souled-Out)|Black|NEW/SEALED|NEW/SEALED (NM-/VG+)|$35|
|[Black Pumas – Chronicles Of A Diamond](https://www.discogs.com/release/28907002-Black-Pumas-Chronicles-Of-A-Diamond)|VMP Exclusive (x/750): Gold & Cream|NEW/SEALED|NEW/SEALED (NM-/VG+)|$25|
|[Dredg – El Cielo](https://www.discogs.com/release/27090645-Dredg-El-Cielo)|Blue/White/Grey Marble|NEW/SEALED|NEW/SEALED (NM-/VG+)|$75|
|~~Father John Misty – I Loved You, Honeybee~~|~~RSD 2015 Exclusive: Red Heart Shape 7""~~|~~NM-/VG+, never played~~|~~NM-/VG+, comes in clear PVC~~|~~$OLD~~|
|[Sufjan Stevens – Javelin](https://www.discogs.com/release/28481833-Sufjan-Stevens-Javelin)|RT Exclusive (x/3000): Green Smoke + Bonus CD|NEW/SEALED|NEW/SEALED (NM-/VG+)|$38|",3,1g9o5kp,VinylCollectors,https://www.reddit.com/r/VinylCollectors/comments/1g9o5kp/for_sale_janelle_monae_jhene_aiko_dredg_sufjan/,5,2024-10-22 17:42:40,Reddit,"Continuing to clear space with records that have been sitting on the shelf. All records graded conservatively & packed in LP mailers. DM for any questions/pics. Ships from Houston, TX.

$5 shipping (+$1 for each additional) within CONUS. PayPal G&S only.

**Check my previous post for leftovers:** [https://www.reddit.com/r/VinylCollectors/comments/1ftzau2/for\_sale\_lowered\_prices\_new\_additions/](https://www.reddit.com/r/VinylCollectors/comments/1ftzau2/for_sale_lowered_prices_new_additions/)

|Artist/Album|Variant Description|Media Condition|Jacket Condition|Price|
|:-|:-|:-|:-|:-|
|[Janelle Monáe – Dirty Computer](https://www.discogs.com/release/12562024-Janelle-Mon%C3%A1e-Dirty-Computer)|UO Exclusive: Neon Pink|NEW/SEALED|NEW/SEALED (NM-/VG+)|$70|
|[Jhené Aiko – Souled Out](https://www.discogs.com/release/6214954-Jhen%C3%A9-Aiko-Souled-Out)|Black|NEW/SEALED|NEW/SEALED (NM-/VG+)|$35|
|[Black Pumas – Chronicles Of A Diamond](https://www.discogs.com/release/28907002-Black-Pumas-Chronicles-Of-A-Diamond)|VMP Exclusive (x/750): Gold & Cream|NEW/SEALED|NEW/SEALED (NM-/VG+)|$25|
|[Dredg – El Cielo](https://www.discogs.com/release/27090645-Dredg-El-Cielo)|Blue/White/Grey Marble|NEW/SEALED|NEW/SEALED (NM-/VG+)|$75|
|~~Father John Misty – I Loved You, Honeybee~~|~~RSD 2015 Exclusive: Red Heart Shape 7""~~|~~NM-/VG+, never played~~|~~NM-/VG+, comes in clear PVC~~|~~$OLD~~|
|[Sufjan Stevens – Javelin](https://www.discogs.com/release/28481833-Sufjan-Stevens-Javelin)|RT Exclusive (x/3000): Green Smoke + Bonus CD|NEW/SEALED|NEW/SEALED (NM-/VG+)|$38|",continuing clear space record sitting shelf record graded conservatively packed lp mailer dm question pic ship houston tx 5 shipping 1 additional within conus paypal g check previous post leftover artist album variant description medium condition jacket condition price janelle monáe dirty computer exclusive neon pink new sealed new sealed nm vg 70 jhené aiko souled nm vg 35 black puma chronicle diamond exclusive x 750 gold cream new sealed new sealed nm vg 25 dredg el cielo marble new sealed new sealed nm vg 75 father john misty loved honeybee rsd 2015 exclusive red heart shape 7 nm vg never played nm vg come clear pvc old sufjan stevens javelin exclusive x 3000 green smoke bonus cd new sealed new sealed nm vg 38
Why doesn't soled store get any recognition?,These to me look super dope. Why always nike jordan adidas puma? These are some really good sneaker design and engineering. All three of these look super dope. Idk about the comfort tho. (Comfort usuall is not something im looking for as long as the don't hurt I'm fine). The mavericks are bangers with the strap it just gives it some personality the Deadpool ones are well Deadpool so they are dope and the last one is soooo clean. Your thoughts.....,24,1g9eooi,SneakersIndia,https://www.reddit.com/gallery/1g9eooi,35,2024-10-22 10:14:37,Reddit,These to me look super dope. Why always nike jordan adidas puma? These are some really good sneaker design and engineering. All three of these look super dope. Idk about the comfort tho. (Comfort usuall is not something im looking for as long as the don't hurt I'm fine). The mavericks are bangers with the strap it just gives it some personality the Deadpool ones are well Deadpool so they are dope and the last one is soooo clean. Your thoughts.....,look super dope always nike jordan adidas puma really good sneaker design engineering three look super dope idk comfort tho comfort usuall something im looking long hurt fine maverick banger strap give personality deadpool one well deadpool dope last one soooo clean thought
FS22 Southern Sweden milk load trigger does not work how to fix?,,3,1gafd81,farmingsimulator,https://i.redd.it/kgnumzhtcjwd1.jpeg,3,2024-10-23 16:51:33,Reddit,FS22 Southern Sweden milk load trigger does not work how to fix?,fs22 southern sweden milk load trigger work fix
Brown puma's,Anybody know what these shoes are called?,24,1g44t8c,PUMA,https://i.redd.it/ykiuf3h3hwud1.jpeg,3,2024-10-15 10:49:33,Reddit,Anybody know what these shoes are called?,anybody know shoe called
Are these original puma sneakers ,Got these from ajio puma slip stream seems kinda odd as there is one thread coming out and it was not as comfortable as i have worn in showroom ig because showroom one was of 8 size whearas this one is 7 also future rider material seems kinda thin and also ligh weight are future rider meant to be that way and also why is one in green box and other in red. Also future rider insole was sticked to sneaker so i didn't remove them,4,1g4wu01,IndianFashionAddicts,https://www.reddit.com/gallery/1g4wu01,3,2024-10-16 11:12:11,Reddit,Got these from ajio puma slip stream seems kinda odd as there is one thread coming out and it was not as comfortable as i have worn in showroom ig because showroom one was of 8 size whearas this one is 7 also future rider material seems kinda thin and also ligh weight are future rider meant to be that way and also why is one in green box and other in red. Also future rider insole was sticked to sneaker so i didn't remove them,got ajio puma slip stream seems kinda odd one thread coming comfortable worn showroom ig showroom one 8 size whearas one 7 also future rider material seems kinda thin also ligh weight future rider meant way also one green box red also future rider insole sticked sneaker remove
La emoción después de fotografiar a un puma salvaje en Santiago del Estero,,261,1g5h344,argentina,https://v.redd.it/8t4lz5jcd8vd1,23,2024-10-17 02:52:33,Reddit,La emoción después de fotografiar a un puma salvaje en Santiago del Estero,la emoción después de fotografiar un puma salvaje en santiago del estero
"Looking to buy Puma, Adidas,Champion socks",100+ of each ,2,1g5d1o2,wholesaleproducts,https://www.reddit.com/r/wholesaleproducts/comments/1g5d1o2/looking_to_buy_puma_adidaschampion_socks/,0,2024-10-16 23:21:50,Reddit,100+ of each ,100
The MB04 Is one of Puma’s Best,,4,1g5ej82,PUMA,https://youtu.be/twPolsMtdf8?si=ZqrnSrlaelYJzLEO,3,2024-10-17 00:37:29,Reddit,The MB04 Is one of Puma’s Best,mb04 one puma best
"New to Casual Sneakers—Need Recommendations Under ₹3,000","Hi everyone,

I’m new to sneakers and looking for a pair of casual white sneakers.  
Currently, I wear Nike Revolution 7 Easy-On and Puma Zod runners for everyday use.  
  
I’d love something similar to PUMA Caven or Nike Court Vision that’s comfy and doesn’t crease easily. Budget is ₹2,000 to ₹3,000.

If you have any recommendations or experiences with specific models, I’d really appreciate your help! Thanks in advance!",2,1g8vf39,SneakersIndia,https://www.reddit.com/r/SneakersIndia/comments/1g8vf39/new_to_casual_sneakersneed_recommendations_under/,2,2024-10-21 17:28:17,Reddit,"Hi everyone,

I’m new to sneakers and looking for a pair of casual white sneakers.  
Currently, I wear Nike Revolution 7 Easy-On and Puma Zod runners for everyday use.  
  
I’d love something similar to PUMA Caven or Nike Court Vision that’s comfy and doesn’t crease easily. Budget is ₹2,000 to ₹3,000.

If you have any recommendations or experiences with specific models, I’d really appreciate your help! Thanks in advance!",hi everyone new sneaker looking pair casual white sneaker currently wear nike revolution 7 easy puma zod runner everyday use love something similar puma caven nike court vision comfy crease easily budget 2 000 3 000 recommendation experience specific model really appreciate help thanks advance
Bought my first sneakers in life.,"Puma cavens: year of the sport.
For 2.2k.

Cop or drop?",25,1g8rnzw,SneakersIndia,https://i.redd.it/dn0a6nhoi4wd1.png,6,2024-10-21 14:56:50,Reddit,"Puma cavens: year of the sport.
For 2.2k.

Cop or drop?",puma cavens year sport 2 2k cop drop
Looking for suggestions ,"I'm looking for vibrant and energetic songs like Fire Confetti by TWS, and songs like PUMA by TXT and Charla by tripleS. And other more ""calm"" ones like Whenever it rains by Dept, lovememore. by dosii and the girl in my memories by jeebanoff

If it helps, my favorite groups are BOYNEXTDOOR, TWS, WJSN and tripleS ",2,1g9glf6,kpophelp,https://www.reddit.com/r/kpophelp/comments/1g9glf6/looking_for_suggestions/,2,2024-10-22 12:11:02,Reddit,"I'm looking for vibrant and energetic songs like Fire Confetti by TWS, and songs like PUMA by TXT and Charla by tripleS. And other more ""calm"" ones like Whenever it rains by Dept, lovememore. by dosii and the girl in my memories by jeebanoff

If it helps, my favorite groups are BOYNEXTDOOR, TWS, WJSN and tripleS ",looking vibrant energetic song like fire confetti tws song like puma txt charla triple calm one like whenever rain dept lovememore dosii girl memory jeebanoff help favorite group boynextdoor tws wjsn triple
Brown puma's,Anybody know what these shoes are called?,5,1g44t6n,PUMA,https://i.redd.it/io5cy623hwud1.jpeg,1,2024-10-15 10:49:29,Reddit,Anybody know what these shoes are called?,anybody know shoe called
first sneakers,"hi guys, just wanted to know your opinions on the puma sneakers, i got them for 2.4K",13,1g8ppbi,SneakersIndia,https://i.redd.it/32zs78u034wd1.jpeg,4,2024-10-21 13:29:04,Reddit,"hi guys, just wanted to know your opinions on the puma sneakers, i got them for 2.4K",hi guy wanted know opinion puma sneaker got 2 4k
Loving the Puma MB.04 LaMelo Sneakers ,,2,1g5ejq2,BasketballShoes,https://youtu.be/twPolsMtdf8?si=ZqrnSrlaelYJzLEO,0,2024-10-17 00:38:13,Reddit,Loving the Puma MB.04 LaMelo Sneakers ,loving puma mb 04 lamelo sneaker
Is this legitimate ?,"

Link : https://www.nykaaman.com/puma-smashic-unisex-white-sneakers/p/9750191?se=0
",3,1g8t55r,SneakersIndia,https://i.redd.it/gnfgynqgt4wd1.jpeg,5,2024-10-21 15:57:17,Reddit,"

Link : https://www.nykaaman.com/puma-smashic-unisex-white-sneakers/p/9750191?se=0
",link
"Bought the Brooks Glycerin Max, not happy after a long run","Hello all. Have a question but some background first.

I recently bought the Brooks Glycerin Max thinking it will be a great non-plated shoe for my long easy runs (16km+). For context, I usually run with a plated shoe Endorphin Speed 3 and 4, Puma deviate nitro 2, and occasionally my race shoes, adios pro 2 and 3 and Vaporflys.

I read the reviews for the Glycerin Max that it's a great easy run shoe for long distance akin to the Superblast 2 (hard to find sizes now). I tried it on the store, felt comfy and cushiony.

However, when I actually ran with it I didn't enjoy it at all. I find it slow for my liking and heavy. I did 2 10kms with it and even at the 2km mark I wanted to go back home and switch shoes.

Question is, is this normal and I just need to break it in some more to enjoy it? Or just accept this expensive lesson not to buy the first generation of a shoe? :(",3,1g9zvuq,AskRunningShoeGeeks,https://www.reddit.com/r/AskRunningShoeGeeks/comments/1g9zvuq/bought_the_brooks_glycerin_max_not_happy_after_a/,16,2024-10-23 02:26:52,Reddit,"Hello all. Have a question but some background first.

I recently bought the Brooks Glycerin Max thinking it will be a great non-plated shoe for my long easy runs (16km+). For context, I usually run with a plated shoe Endorphin Speed 3 and 4, Puma deviate nitro 2, and occasionally my race shoes, adios pro 2 and 3 and Vaporflys.

I read the reviews for the Glycerin Max that it's a great easy run shoe for long distance akin to the Superblast 2 (hard to find sizes now). I tried it on the store, felt comfy and cushiony.

However, when I actually ran with it I didn't enjoy it at all. I find it slow for my liking and heavy. I did 2 10kms with it and even at the 2km mark I wanted to go back home and switch shoes.

Question is, is this normal and I just need to break it in some more to enjoy it? Or just accept this expensive lesson not to buy the first generation of a shoe? :(",hello question background first recently bought brook glycerin max thinking great non plated shoe long easy run 16km context usually run plated shoe endorphin speed 3 4 puma deviate nitro 2 occasionally race shoe adios pro 2 3 vaporflys read review glycerin max great easy run shoe long distance akin superblast 2 hard find size tried store felt comfy cushiony however actually ran enjoy find slow liking heavy 2 10kms even 2km mark wanted go back home switch shoe question normal need break enjoy accept expensive lesson buy first generation shoe
New kicks for college,Puma Court Shatter Low from Myntra for 1.8k,23,1g8kntz,SneakersIndia,https://i.redd.it/mp4qzh59j2wd1.jpeg,6,2024-10-21 08:16:32,Reddit,Puma Court Shatter Low from Myntra for 1.8k,puma court shatter low myntra 1 8k
Pepper recommendations for extremely hot climates?,This year was pretty rough on my peppers in the central valley of California with 60 days over 100°f but my Habeneros handled the heat like a champ and gave me quite the bumper crop (15lbs off just 6 plants so far) tucked in between my basil (left) and Puma peppers (right). Anyone else in very hot climates have recommendations for hot (or sweet) peppers that have high yeilds in extreme heat?,23,1g8zb4z,HotPeppers,https://i.redd.it/lmwcu08l16wd1.jpeg,21,2024-10-21 20:04:35,Reddit,This year was pretty rough on my peppers in the central valley of California with 60 days over 100°f but my Habeneros handled the heat like a champ and gave me quite the bumper crop (15lbs off just 6 plants so far) tucked in between my basil (left) and Puma peppers (right). Anyone else in very hot climates have recommendations for hot (or sweet) peppers that have high yeilds in extreme heat?,year pretty rough pepper central valley california 60 day 100 f habeneros handled heat like champ gave quite bumper crop 15lbs 6 plant far tucked basil left puma pepper right anyone else hot climate recommendation hot sweet pepper high yeilds extreme heat
White,,2,1g8rao2,pinayinswimsuit,https://www.reddit.com/gallery/1g8rao2,1,2024-10-21 14:40:44,Reddit,White,white
Does anyone know what these are?,I think they are super cool but I can’t find anything,3,1gau9c8,PUMA,https://i.redd.it/j932f8dsrmwd1.jpeg,1,2024-10-24 04:19:55,Reddit,I think they are super cool but I can’t find anything,think super cool find anything
Personal experience with the Wade flash ,"Hey, looking into buying a new shoe for vball and was looking between puma trc blaze court, giannis immortality 4 and the wade flash which after watching reviews it interested me. All 3 of them go for the same price in my country.

Any personal experiences with any of these 3 shoes?

Cheers!",2,1g98s9w,vballshoes,https://www.reddit.com/r/vballshoes/comments/1g98s9w/personal_experience_with_the_wade_flash/,7,2024-10-22 03:26:01,Reddit,"Hey, looking into buying a new shoe for vball and was looking between puma trc blaze court, giannis immortality 4 and the wade flash which after watching reviews it interested me. All 3 of them go for the same price in my country.

Any personal experiences with any of these 3 shoes?

Cheers!",hey looking buying new shoe vball looking puma trc blaze court giannis immortality 4 wade flash watching review interested 3 go price country personal experience 3 shoe cheer
Puma Needs Help! ,"Our brown tabby cat is still missing! We are still going out and searching multiple times daily---and are still asking folks to PLEASE keep an eye out for him. 

He is VERY skiddish, so if seen, please don't approach if he's hiding. But let us know. He was last seen in the areas in the attached photo. So, if you see folks wandering around and calling in the area, it's us (just as a heads up!). 

Puma may be your standard issue cat, but he isn't a standard issue boy. He is very loved and VERY missed. If you're in the area, PLEASE keep an eye out for him, and if you're not, please let folks in the area know about Puma. He is microchipped and had a collar with a tag.

Thank you---and thank you for all the love and support we have received thus far. The community has really rallied, and that has really helped. 💙💙",88,1g3lj92,Bellingham,https://www.reddit.com/gallery/1g3lj92,16,2024-10-14 17:31:09,Reddit,"Our brown tabby cat is still missing! We are still going out and searching multiple times daily---and are still asking folks to PLEASE keep an eye out for him. 

He is VERY skiddish, so if seen, please don't approach if he's hiding. But let us know. He was last seen in the areas in the attached photo. So, if you see folks wandering around and calling in the area, it's us (just as a heads up!). 

Puma may be your standard issue cat, but he isn't a standard issue boy. He is very loved and VERY missed. If you're in the area, PLEASE keep an eye out for him, and if you're not, please let folks in the area know about Puma. He is microchipped and had a collar with a tag.

Thank you---and thank you for all the love and support we have received thus far. The community has really rallied, and that has really helped. 💙💙",brown tabby cat still missing still going searching multiple time daily still asking folk please keep eye skiddish seen please approach hiding let u know last seen area attached photo see folk wandering around calling area u head puma may standard issue cat standard issue boy loved missed area please keep eye please let folk area know puma microchipped collar tag thank thank love support received thus far community really rallied really helped
Puma Needs Help! ,"Our brown tabby cat is still missing! We are still going out and searching multiple times daily---and are still asking folks to PLEASE keep an eye out for him. 

He is VERY skiddish, so if seen, please don't approach if he's hiding. But let us know. He was last seen in the areas in the attached photo. So, if you see folks wandering around and calling in the area, it's us (just as a heads up!). 

Puma may be your standard issue cat, but he isn't a standard issue boy. He is very loved and VERY missed. If you're in the area, PLEASE keep an eye out for him, and if you're not, please let folks in the area know about Puma. He is microchipped and had a collar with a tag.

Thank you---and thank you for all the love and support we have received thus far. The community has really rallied, and that has really helped. 💙💙",52,1g3lklk,WWU,https://www.reddit.com/gallery/1g3lklk,9,2024-10-14 17:32:41,Reddit,"Our brown tabby cat is still missing! We are still going out and searching multiple times daily---and are still asking folks to PLEASE keep an eye out for him. 

He is VERY skiddish, so if seen, please don't approach if he's hiding. But let us know. He was last seen in the areas in the attached photo. So, if you see folks wandering around and calling in the area, it's us (just as a heads up!). 

Puma may be your standard issue cat, but he isn't a standard issue boy. He is very loved and VERY missed. If you're in the area, PLEASE keep an eye out for him, and if you're not, please let folks in the area know about Puma. He is microchipped and had a collar with a tag.

Thank you---and thank you for all the love and support we have received thus far. The community has really rallied, and that has really helped. 💙💙",brown tabby cat still missing still going searching multiple time daily still asking folk please keep eye skiddish seen please approach hiding let u know last seen area attached photo see folk wandering around calling area u head puma may standard issue cat standard issue boy loved missed area please keep eye please let folk area know puma microchipped collar tag thank thank love support received thus far community really rallied really helped
Mirage og ,,7,1gampxv,PUMA,https://www.reddit.com/gallery/1gampxv,1,2024-10-23 22:03:09,Reddit,Mirage og ,mirage og
Puma Thurman likes to perch on Dad’s chair,Murder Mittens 💜,139,1g4jadl,VoidCats,https://i.redd.it/4pb538tjpzud1.jpeg,4,2024-10-15 21:43:15,Reddit,Murder Mittens 💜,murder mitten
QC Nike sneakers,,2,1ga0psj,JoyabuyOfficial,https://www.reddit.com/gallery/1ga0psj,2,2024-10-23 03:11:54,Reddit,QC Nike sneakers,qc nike sneaker
EA SPORTS WRC 24| 2024 Ford Puma Rally 1 Hybrid| Central European Rally,,2,1g5p2st,EASPORTSWRC,https://youtu.be/PBzJV4F1LD0?si=hVL62zooXS8OV994,0,2024-10-17 11:53:23,Reddit,EA SPORTS WRC 24| 2024 Ford Puma Rally 1 Hybrid| Central European Rally,ea sport wrc 24 2024 ford puma rally 1 hybrid central european rally
got this yesterday as a lil gift for myself for dealing with a puma employee💀,"bought a hotwheels after almost 10 years, Now as an almost adult.

Yes me and my buddy bought two for each.",17,1g5ljx5,HotWheels,https://www.reddit.com/gallery/1g5ljx5,3,2024-10-17 07:42:47,Reddit,"bought a hotwheels after almost 10 years, Now as an almost adult.

Yes me and my buddy bought two for each.",bought hotwheels almost 10 year almost adult yes buddy bought two
How Do People Commute Into Manhattan?,,130,1g937qk,MapPorn,https://i.redd.it/jd2bvyust6wd1.png,28,2024-10-21 22:49:57,Reddit,How Do People Commute Into Manhattan?,people commute manhattan
Car for a retired lady,"Hello please advise on what car should my aunt an active pensioner purchase 
Based in Portsmouth England

Her current car has lived it's life and needs to be replaced

New car budget 
Budget about 30k


Usage
Annual about 5000 miles including
6-8 round trips of 120-150 miles 
Automatic gears 

Would like
5 door hatchback
Parking sensors on front and back
Heated seating 
Folding side mirrors
Automatic boot closing 

She is considering 
Lexus LBX 
Fors puma
Yaris  cross excel 
But open to any suggestions and advise
She does noyhave automotive mechanical skills
I am not based in UK and english is not my first language so apologies for any mistakes

UPDATE
Its down to the Yaris cross and the Ford Puma
.... I think she is leaning towards the Puma because her last 2 cars have been fords.",3,1g83g6y,CarTalkUK,https://www.reddit.com/r/CarTalkUK/comments/1g83g6y/car_for_a_retired_lady/,10,2024-10-20 17:03:03,Reddit,"Hello please advise on what car should my aunt an active pensioner purchase 
Based in Portsmouth England

Her current car has lived it's life and needs to be replaced

New car budget 
Budget about 30k


Usage
Annual about 5000 miles including
6-8 round trips of 120-150 miles 
Automatic gears 

Would like
5 door hatchback
Parking sensors on front and back
Heated seating 
Folding side mirrors
Automatic boot closing 

She is considering 
Lexus LBX 
Fors puma
Yaris  cross excel 
But open to any suggestions and advise
She does noyhave automotive mechanical skills
I am not based in UK and english is not my first language so apologies for any mistakes

UPDATE
Its down to the Yaris cross and the Ford Puma
.... I think she is leaning towards the Puma because her last 2 cars have been fords.",hello please advise car aunt active pensioner purchase based portsmouth england current car lived life need replaced new car budget budget 30k usage annual 5000 mile including 6 8 round trip 120 150 mile automatic gear would like 5 door hatchback parking sensor front back heated seating folding side mirror automatic boot closing considering lexus lbx fors puma yaris cross excel open suggestion advise noyhave automotive mechanical skill based uk english first language apology mistake update yaris cross ford puma think leaning towards puma last 2 car ford
What the fuck is wrong with Indian Sneaker(literally any shoe) Resellers?,"These people don't want you buying ANY shoe from the market 

Be it new balance, nike, adidas, puma, asics etc..

Any shoe you wanna buy, these dickheads have bought the whole stock and marked it up by 70% already 

Why?? No answer, that's the only thing they can do with their full brain capacity 

If something is extremely rare, it's fine but you have to put extra 5k up their asses to get any shoe you want, even if it was available in the store a day ago 

And on top of this ugly mark up game which they learnt from International resellers, their services suck  
Order dispatching sucks, no returns on ""discount"" items which are still marked up, no confirm delivery time as if they have millions of traffic on the website 

Nike had a sale(35% FRESH one), why did the items get out of stock? People bought them? Hell nah, these bastards got their hands and now selling 5k shoe for 11k as if the sale never happened 

Adidas cut ties with kanye, yeezys are useless for them so they sell em for 50% off, But but but, our beloved resellers but them and MARK THE FUCK UP, now yeezys are back to their ""hype"" price 

Just one question, why?

I am happy that the ""hype"" for some shoes are dying so these smart asses get a reality check that increasing cost of footwear isn't an achievement, price tag hi change karte reh jayenge chutiye delivery QC to hota nahi 

",27,1g9ek1j,SneakersIndia,https://www.reddit.com/r/SneakersIndia/comments/1g9ek1j/what_the_fuck_is_wrong_with_indian/,8,2024-10-22 10:06:01,Reddit,"These people don't want you buying ANY shoe from the market 

Be it new balance, nike, adidas, puma, asics etc..

Any shoe you wanna buy, these dickheads have bought the whole stock and marked it up by 70% already 

Why?? No answer, that's the only thing they can do with their full brain capacity 

If something is extremely rare, it's fine but you have to put extra 5k up their asses to get any shoe you want, even if it was available in the store a day ago 

And on top of this ugly mark up game which they learnt from International resellers, their services suck  
Order dispatching sucks, no returns on ""discount"" items which are still marked up, no confirm delivery time as if they have millions of traffic on the website 

Nike had a sale(35% FRESH one), why did the items get out of stock? People bought them? Hell nah, these bastards got their hands and now selling 5k shoe for 11k as if the sale never happened 

Adidas cut ties with kanye, yeezys are useless for them so they sell em for 50% off, But but but, our beloved resellers but them and MARK THE FUCK UP, now yeezys are back to their ""hype"" price 

Just one question, why?

I am happy that the ""hype"" for some shoes are dying so these smart asses get a reality check that increasing cost of footwear isn't an achievement, price tag hi change karte reh jayenge chutiye delivery QC to hota nahi 

",people want buying shoe market new balance nike adidas puma asics etc shoe wanna buy dickhead bought whole stock marked 70 already answer thing full brain capacity something extremely rare fine put extra 5k ass get shoe want even available store day ago top ugly mark game learnt international resellers service suck order dispatching suck return discount item still marked confirm delivery time million traffic website nike sale 35 fresh one item get stock people bought hell nah bastard got hand selling 5k shoe 11k sale never happened adidas cut tie kanye yeezys useless sell em 50 beloved resellers mark fuck yeezys back hype price one question happy hype shoe dying smart ass get reality check increasing cost footwear achievement price tag hi change karte reh jayenge chutiye delivery qc hota nahi
PUMA SCAM ALERT,"This idiot just tried to scam me!!! I don't even have an account, nor have I ever heard of ALL CASTING! I got him to send me the email just to post here as a WARNING to all models/ actors to never feel so desperate that you lose a thousand dollars or whatever money you have letting these clowns ""send you money"" to spend on something else. It will be reported fraudulent and put your bank account in the negative, and then you will never hear from these bozos ever again... Unless they think you're dumb enough to fall for it a second time. I've heard it all before, and I never want to hear it again! 

What are other signs of scammers that you look out for?

BE SAFE OUT THERE, EVERYONE! ",5,1g3rzkv,MODELING,https://www.reddit.com/gallery/1g3rzkv,0,2024-10-14 21:58:21,Reddit,"This idiot just tried to scam me!!! I don't even have an account, nor have I ever heard of ALL CASTING! I got him to send me the email just to post here as a WARNING to all models/ actors to never feel so desperate that you lose a thousand dollars or whatever money you have letting these clowns ""send you money"" to spend on something else. It will be reported fraudulent and put your bank account in the negative, and then you will never hear from these bozos ever again... Unless they think you're dumb enough to fall for it a second time. I've heard it all before, and I never want to hear it again! 

What are other signs of scammers that you look out for?

BE SAFE OUT THERE, EVERYONE! ",idiot tried scam even account ever heard casting got send email post warning model actor never feel desperate lose thousand dollar whatever money letting clown send money spend something else reported fraudulent put bank account negative never hear bozo ever unless think dumb enough fall second time heard never want hear sign scammer look safe everyone
PUMA Nitro Deviate 3,"Selling my running shoes FOR SALE
3x lang nagamit
Women’s US 9.5

₱6,000 only (Original Price: ₱8,800 new release)
-last august ko lang nabili, di ko na magamit due to health reasons
-with box and retail price pa",2,1g45k9p,classifiedsph,https://www.reddit.com/gallery/1g45k9p,2,2024-10-15 11:37:19,Reddit,"Selling my running shoes FOR SALE
3x lang nagamit
Women’s US 9.5

₱6,000 only (Original Price: ₱8,800 new release)
-last august ko lang nabili, di ko na magamit due to health reasons
-with box and retail price pa",selling running shoe sale 3x lang nagamit woman u 9 5 6 000 original price 8 800 new release last august ko lang nabili di ko na magamit due health reason box retail price pa
"Are we genuinely driving SUVs, or have we simply rebranded the cars of the past to fit modern marketing narratives?","The SUV Paradox

The paradox lies in the fact that while many vehicles today are branded as SUVs, their functional characteristics—like ground clearance and cargo space—are often similar to those of older cars, hatchbacks, and wagons.

The term ""SUV"" has evolved from representing rugged, off-road-capable vehicles like the Toyota 4Runner to a marketing label applied to a wide range of cars that offer an elevated seating position and a certain aesthetic, but not necessarily the functional capabilities traditionally associated with SUVs.

Ground Clearance Over the Decades

Here's a look at the top-selling cars (excluding trucks) of each decade and their respective ground clearances:

1960s:

1. Chevrolet Impala Ground Clearance: 6.5–7 inches
2. Ford Mustang Ground Clearance: 6 inches
3. Ford Galaxie Ground Clearance: 7 inches
4. Chevrolet Chevelle Ground Clearance: 6.5–7.5 inches
5. Plymouth Valiant Ground Clearance: 7 inches

1970s:

1. Oldsmobile Cutlass Ground Clearance: 6.0–7.0 inches
2. Chevrolet Impala Ground Clearance: 6.5–7.0 inches
3. Chevrolet Chevelle Ground Clearance: 6.5–7.5 inches
4. Plymouth Volaré Ground Clearance: 6.5–7.0 inches
5. Ford LTD Ground Clearance: 6.5–7.5 inches

1980s:

1. Chevrolet Cavalier Ground Clearance: 5.5–6.0 inches
2. Oldsmobile Cutlass Supreme Ground Clearance: 6.0–6.5 inches
3. Ford Escort Ground Clearance: 5.5–6.0 inches
4. Honda Accord Ground Clearance: 6.1 inches
5. Ford Taurus Ground Clearance: 5.5–6.0 inches

1990s:

1. Ford Taurus Ground Clearance: 5.5–6.0 inches
2. Honda Accord Ground Clearance: 6.1 inches
3. Toyota Camry Ground Clearance: 5.9–6.1 inches
4. Honda Civic Ground Clearance: 5.9 inches
5. Ford Explorer Ground Clearance: 7.9 inches (Note: an actual SUV, but included due to popularity)

As you can see, ground clearance noticeably dips in the 1980s, coinciding with a shift in vehicle design priorities toward aerodynamics and fuel efficiency. Soon after, the popularity of SUVs began to rise.

The Case of the Ford Focus

Consider the Ford Focus from the early 2000s. In the U.S. market, the original Focus had a ground clearance of 5.1 inches. However, in many post-USSR countries, it was imported with a lifted suspension, providing around 6.3 inches of ground clearance. This adjustment was necessary because rough roads in those regions would have damaged the car's underside if it had the standard U.S. ground clearance.

Interestingly, the wagon version of the Ford Focus offered nearly 60 cubic feet of cargo space with the rear seats folded down—comparable to many modern SUVs. Notably, Volkswagen Taos or the Lexus UX, both of which are marketed as SUVs today have the ground clearance similar to that of the lifted Focus, around 6.3 inches.

Or consider modern vehicles like the Kia Niro with a ground clearance of 6.3 inches, the Ford Puma at 6.1 inches, or the Mazda CX-3 also at 6.1 inches. All of these are marketed as SUVs today. However, if you presented these vehicles to people in the 1970s or 1980s, they would likely have been classified as wagons or hatchbacks. Calling them SUVs back then would have been nonsensical.

Yet today, we accept this classification without question.

**So why is that?**

What I believe happened is as follows:

Initially, we categorized vehicles simply as **cars** or **trucks**, and that worked well. However, during the **1980s**, cars began to have **lower ground clearance** to improve aerodynamics and fuel efficiency in response to the oil crisis. While these changes made cars more economical, they also made them less practical for some drivers. The reduced ground clearance made it harder to navigate rough roads, speed bumps, etc without risking damage to the vehicle's underside.

As a result, consumers started shifting their preferences toward **SUVs**, which offered **higher ground clearance** and could handle a wider variety of road conditions. However, traditional SUVs were often **bulky and expensive**, not always within the price range of the average buyer.

Over time, manufacturers began to **blur the lines** of what could be considered an SUV. By raising the ride height slightly and adding rugged styling cues to car-based platforms, they created **crossovers** that combined the practicality and efficiency of cars with some attributes of SUVs. This approach allowed them to market these vehicles as SUVs, appealing to consumers' desire for higher ground clearance and a more commanding driving position, without the drawbacks of traditional SUVs.

Since SUVs were historically seen as an **upgrade** over regular cars, using that label made sense from a marketing standpoint. Even though these modern ""SUVs"" didn't have significantly higher ground clearance or off-road capabilities, the perception of driving an SUV appealed to consumers.

In the end, we essentially have **similar functionality** in our vehicles as before—we're driving cars designed for paved roads, with ground clearance optimized for both efficiency and practicality - same as cars from 60s and 70s. And these basically same vehicles we call SUVs instead of cars.

And what about things we still call cars? If you go to Chevy website and select ""Cars"" there's only one entry there - Malibu. And it's being discontinued next year.

All that's left are performance cars and... ""SUVs"".",33,1gaogya,Autos,https://www.reddit.com/r/Autos/comments/1gaogya/are_we_genuinely_driving_suvs_or_have_we_simply/,14,2024-10-23 23:22:11,Reddit,"The SUV Paradox

The paradox lies in the fact that while many vehicles today are branded as SUVs, their functional characteristics—like ground clearance and cargo space—are often similar to those of older cars, hatchbacks, and wagons.

The term ""SUV"" has evolved from representing rugged, off-road-capable vehicles like the Toyota 4Runner to a marketing label applied to a wide range of cars that offer an elevated seating position and a certain aesthetic, but not necessarily the functional capabilities traditionally associated with SUVs.

Ground Clearance Over the Decades

Here's a look at the top-selling cars (excluding trucks) of each decade and their respective ground clearances:

1960s:

1. Chevrolet Impala Ground Clearance: 6.5–7 inches
2. Ford Mustang Ground Clearance: 6 inches
3. Ford Galaxie Ground Clearance: 7 inches
4. Chevrolet Chevelle Ground Clearance: 6.5–7.5 inches
5. Plymouth Valiant Ground Clearance: 7 inches

1970s:

1. Oldsmobile Cutlass Ground Clearance: 6.0–7.0 inches
2. Chevrolet Impala Ground Clearance: 6.5–7.0 inches
3. Chevrolet Chevelle Ground Clearance: 6.5–7.5 inches
4. Plymouth Volaré Ground Clearance: 6.5–7.0 inches
5. Ford LTD Ground Clearance: 6.5–7.5 inches

1980s:

1. Chevrolet Cavalier Ground Clearance: 5.5–6.0 inches
2. Oldsmobile Cutlass Supreme Ground Clearance: 6.0–6.5 inches
3. Ford Escort Ground Clearance: 5.5–6.0 inches
4. Honda Accord Ground Clearance: 6.1 inches
5. Ford Taurus Ground Clearance: 5.5–6.0 inches

1990s:

1. Ford Taurus Ground Clearance: 5.5–6.0 inches
2. Honda Accord Ground Clearance: 6.1 inches
3. Toyota Camry Ground Clearance: 5.9–6.1 inches
4. Honda Civic Ground Clearance: 5.9 inches
5. Ford Explorer Ground Clearance: 7.9 inches (Note: an actual SUV, but included due to popularity)

As you can see, ground clearance noticeably dips in the 1980s, coinciding with a shift in vehicle design priorities toward aerodynamics and fuel efficiency. Soon after, the popularity of SUVs began to rise.

The Case of the Ford Focus

Consider the Ford Focus from the early 2000s. In the U.S. market, the original Focus had a ground clearance of 5.1 inches. However, in many post-USSR countries, it was imported with a lifted suspension, providing around 6.3 inches of ground clearance. This adjustment was necessary because rough roads in those regions would have damaged the car's underside if it had the standard U.S. ground clearance.

Interestingly, the wagon version of the Ford Focus offered nearly 60 cubic feet of cargo space with the rear seats folded down—comparable to many modern SUVs. Notably, Volkswagen Taos or the Lexus UX, both of which are marketed as SUVs today have the ground clearance similar to that of the lifted Focus, around 6.3 inches.

Or consider modern vehicles like the Kia Niro with a ground clearance of 6.3 inches, the Ford Puma at 6.1 inches, or the Mazda CX-3 also at 6.1 inches. All of these are marketed as SUVs today. However, if you presented these vehicles to people in the 1970s or 1980s, they would likely have been classified as wagons or hatchbacks. Calling them SUVs back then would have been nonsensical.

Yet today, we accept this classification without question.

**So why is that?**

What I believe happened is as follows:

Initially, we categorized vehicles simply as **cars** or **trucks**, and that worked well. However, during the **1980s**, cars began to have **lower ground clearance** to improve aerodynamics and fuel efficiency in response to the oil crisis. While these changes made cars more economical, they also made them less practical for some drivers. The reduced ground clearance made it harder to navigate rough roads, speed bumps, etc without risking damage to the vehicle's underside.

As a result, consumers started shifting their preferences toward **SUVs**, which offered **higher ground clearance** and could handle a wider variety of road conditions. However, traditional SUVs were often **bulky and expensive**, not always within the price range of the average buyer.

Over time, manufacturers began to **blur the lines** of what could be considered an SUV. By raising the ride height slightly and adding rugged styling cues to car-based platforms, they created **crossovers** that combined the practicality and efficiency of cars with some attributes of SUVs. This approach allowed them to market these vehicles as SUVs, appealing to consumers' desire for higher ground clearance and a more commanding driving position, without the drawbacks of traditional SUVs.

Since SUVs were historically seen as an **upgrade** over regular cars, using that label made sense from a marketing standpoint. Even though these modern ""SUVs"" didn't have significantly higher ground clearance or off-road capabilities, the perception of driving an SUV appealed to consumers.

In the end, we essentially have **similar functionality** in our vehicles as before—we're driving cars designed for paved roads, with ground clearance optimized for both efficiency and practicality - same as cars from 60s and 70s. And these basically same vehicles we call SUVs instead of cars.

And what about things we still call cars? If you go to Chevy website and select ""Cars"" there's only one entry there - Malibu. And it's being discontinued next year.

All that's left are performance cars and... ""SUVs"".",suv paradox paradox lie fact many vehicle today branded suv functional characteristic like ground clearance cargo space often similar older car hatchback wagon term suv evolved representing rugged road capable vehicle like toyota 4runner marketing label applied wide range car offer elevated seating position certain aesthetic necessarily functional capability traditionally associated suv ground clearance decade look top selling car excluding truck decade respective ground clearance 1960s 1 chevrolet impala ground clearance 6 5 7 inch 2 ford mustang ground clearance 6 inch 3 ford galaxie ground clearance 7 inch 4 chevrolet chevelle ground clearance 6 5 7 5 inch 5 plymouth valiant ground clearance 7 inch 1970s 1 oldsmobile cutlas ground clearance 6 0 7 0 inch 2 chevrolet impala ground clearance 6 5 7 0 inch 3 chevrolet chevelle ground clearance 6 5 7 5 inch 4 plymouth volaré ground clearance 6 5 7 0 inch 5 ford ltd ground clearance 6 5 7 5 inch 1980s 1 chevrolet cavalier ground clearance 5 5 6 0 inch 2 oldsmobile cutlas supreme ground clearance 6 0 6 5 inch 3 ford escort ground clearance 5 5 6 0 inch 4 honda accord ground clearance 6 1 inch 5 ford taurus ground clearance 5 5 6 0 inch 1990s 1 ford taurus ground clearance 5 5 6 0 inch 2 honda accord ground clearance 6 1 inch 3 toyota camry ground clearance 5 9 6 1 inch 4 honda civic ground clearance 5 9 inch 5 ford explorer ground clearance 7 9 inch note actual suv included due popularity see ground clearance noticeably dip 1980s coinciding shift vehicle design priority toward aerodynamics fuel efficiency soon popularity suv began rise case ford focus consider ford focus early 2000s u market original focus ground clearance 5 1 inch however many post ussr country imported lifted suspension providing around 6 3 inch ground clearance adjustment necessary rough road region would damaged car underside standard u ground clearance interestingly wagon version ford focus offered nearly 60 cubic foot cargo space rear seat folded comparable many modern suv notably volkswagen tao lexus ux marketed suv today ground clearance similar lifted focus around 6 3 inch consider modern vehicle like kia niro ground clearance 6 3 inch ford puma 6 1 inch mazda cx 3 also 6 1 inch marketed suv today however presented vehicle people 1970s 1980s would likely classified wagon hatchback calling suv back would nonsensical yet today accept classification without question believe happened follows initially categorized vehicle simply car truck worked well however 1980s car began lower ground clearance improve aerodynamics fuel efficiency response oil crisis change made car economical also made less practical driver reduced ground clearance made harder navigate rough road speed bump etc without risking damage vehicle underside result consumer started shifting preference toward suv offered higher ground clearance could handle wider variety road condition however traditional suv often bulky expensive always within price range average buyer time manufacturer began blur line could considered suv raising ride height slightly adding rugged styling cue car based platform created crossover combined practicality efficiency car attribute suv approach allowed market vehicle suv appealing consumer desire higher ground clearance commanding driving position without drawback traditional suv since suv historically seen upgrade regular car using label made sense marketing standpoint even though modern suv significantly higher ground clearance road capability perception driving suv appealed consumer end essentially similar functionality vehicle driving car designed paved road ground clearance optimized efficiency practicality car 60 70 basically vehicle call suv instead car thing still call car go chevy website select car one entry malibu discontinued next year left performance car suv
Got a new project,Puma orange bag,50,1g7xw4n,golf,https://i.redd.it/0a4yru3jqwvd1.jpeg,39,2024-10-20 12:46:34,Reddit,Puma orange bag,puma orange bag
"Simba ""die"" Prinzessin ","Simba ist einer der zwei Kater die mein Partner mit in die Beziehung gebracht hat, seinen Freund Puma mussten wir leider schon gehen lassen,  er ist 8 Jahre alt. Ein typisches Bauernhofkatzi. Er ist sehr ruhig, mag keine fremden Personen und hat auch sein Versteck wenn Besuch kommt. Mit den anderen Katzen kommt er gut klar,Tierarztbesuche mag er von allen fünf am wenigsten und da tut er mir auch immer leid. Gott sei Dank muss er nicht oft dahin. 
Simba liebt es auf der Schulter seines Herrchens zu sitzen und die beiden sehen dann aus wie der Pirat und sein Papagei.

Simba macht das Schlusslicht, nun wurden alle fünf aus dem Rudel vorgestellt ☺️ mir hat es Spaß gemacht. Alle fünf sind sehr verschieden aber trotzdem ein tolles Rudel ❤️ lg",101,1g8kw3v,kratzbaum,https://i.redd.it/psch9etim2wd1.jpeg,0,2024-10-21 08:34:50,Reddit,"Simba ist einer der zwei Kater die mein Partner mit in die Beziehung gebracht hat, seinen Freund Puma mussten wir leider schon gehen lassen,  er ist 8 Jahre alt. Ein typisches Bauernhofkatzi. Er ist sehr ruhig, mag keine fremden Personen und hat auch sein Versteck wenn Besuch kommt. Mit den anderen Katzen kommt er gut klar,Tierarztbesuche mag er von allen fünf am wenigsten und da tut er mir auch immer leid. Gott sei Dank muss er nicht oft dahin. 
Simba liebt es auf der Schulter seines Herrchens zu sitzen und die beiden sehen dann aus wie der Pirat und sein Papagei.

Simba macht das Schlusslicht, nun wurden alle fünf aus dem Rudel vorgestellt ☺️ mir hat es Spaß gemacht. Alle fünf sind sehr verschieden aber trotzdem ein tolles Rudel ❤️ lg",simba ist einer der zwei kater die mein partner mit die beziehung gebracht hat seinen freund puma mussten wir leider schon gehen lassen er ist 8 jahre alt ein typisches bauernhofkatzi er ist sehr ruhig mag keine fremden personen und hat auch sein versteck wenn besuch kommt mit den anderen katzen kommt er gut klar tierarztbesuche mag er von allen fünf wenigsten und da tut er mir auch immer leid gott sei dank mus er nicht oft dahin simba liebt e auf der schulter seine herrchens zu sitzen und die beiden sehen dann au wie der pirat und sein papagei simba macht da schlusslicht nun wurden alle fünf au dem rudel vorgestellt mir hat e spaß gemacht alle fünf sind sehr verschieden aber trotzdem ein tolles rudel lg
Some sneaker recommendations that work with most outfits/styles?,"Just a disclaimer, I'm not much of a sneaker head so I genuinely have no clue what sneakers to buy. Rn I got some black Adidas grand courts, but I need some new pairs cuz mine are worn out so bad now. I'm fine with puma, nike and adidas cuz theyre the only companies that sell in my country. And as I stated in the title, I jsut want shoes that are universal. Ones that work with a wide variety of clothing.

P.S: If anyone mentions shoes like the jordans, please also mention the colorway cuz I'm very bad at choosing for myself lol

  
thanks!",15,1g8rsbe,SNKRS,https://www.reddit.com/r/SNKRS/comments/1g8rsbe/some_sneaker_recommendations_that_work_with_most/,46,2024-10-21 15:01:39,Reddit,"Just a disclaimer, I'm not much of a sneaker head so I genuinely have no clue what sneakers to buy. Rn I got some black Adidas grand courts, but I need some new pairs cuz mine are worn out so bad now. I'm fine with puma, nike and adidas cuz theyre the only companies that sell in my country. And as I stated in the title, I jsut want shoes that are universal. Ones that work with a wide variety of clothing.

P.S: If anyone mentions shoes like the jordans, please also mention the colorway cuz I'm very bad at choosing for myself lol

  
thanks!",disclaimer much sneaker head genuinely clue sneaker buy rn got black adidas grand court need new pair cuz mine worn bad fine puma nike adidas cuz theyre company sell country stated title jsut want shoe universal one work wide variety clothing p anyone mention shoe like jordan please also mention colorway cuz bad choosing lol thanks
Trailer for my Human dino war Fanfic (First chapter will be posted on Ao3 on the weekend if not early next week),"**North American Front/ Near Boston/ Several yards away from Bunker and Breeds hill/ 1958.**

Bullets flew by and artillery shells slammed into the Dino and human defensive networks. A lone private makes his way and enters the command bunker of the 11th Raptor Legion.

His entrance attracts the attention of those in the bunker. Colonel Jordan Pierce and his staff. ""State your name, number, and battalion soldier."" He says calmly.

""James Woodworth, trooper 55567, of the Polish American shock trooper Battalion sir. I'm a messenger."" The soldier stated without much emotion.

""We've been trying to contact your battalion for 1 hour what is the status of your battalion."" Jordan said frustrated.

""The communication lines were cut sir other than that we and the Raptor Corps are ready for the assault. Seargent Ashtyn of the Corps awaiting your go ahead to begin the assault on the traitorous Dino scum.""

The Colonel paused at this news and thought for a moment before asking. ""Is the 4th and 7th tank companies ready for the assault?""

""Yes sir."" The soldier responded.

""Report back to the Polish American and Raptor Corps to prepare for the assault on Breeds and bunker hill as well as the two tank companies. We have orders to take those hills by 7 am tomorrow we cannot waste any time."" The Colonel said.

""Yes sir."" The soldier said before moving out of the command bunker to relay the orders.

**North American Front/ Near Boston/ Several yards away from Bunker and Breeds hill/ 1959.**

Bezi (Polish for Anon) calmly awaited in the trench lines surrounding the shell ridden city of Boston. The once great city, a symbol of American pride lay in rubble and in the hands of the traitorous Dino scum.

[Bezi circa 1970.](https://preview.redd.it/e0uf4rxvvlwd1.png?width=752&format=png&auto=webp&s=e19ec51748993046450c9c3a0edac73e17987567)

Around him his battalion members and that of the raptor core were throwing up into their helmets, praying, or readying their weapons. (Raptors where the only dino species that stayed loyal to humanity during the war.)

Seargent Ashtyn a Mormon Raptor from Utah was pacing back and forth with saber in one hand and revolver in another, ready to shoot any cowards who thought of retreat.

Bezi had immediately joined the Army at 16 when he saw the representative of the Dinos started his rant on TV about how Dino kind would go to war with humanity itself. Or as he put it ""Due to circumstances outside of our control Dino Kinds goal has changed. Our new goal will be the extermination of the human race.""

A lone private, one of his kind, walked up to the raptor Seargent and whispered something in her ear her eyes widen before telling him off and moved her way to one of the ladders that the men would be using to go over the top.

The members of the raptor core, the zealot Christan's and Mormons they were did their last prayers before looking up at her. He and his battalion members followed in suit. To his left a Raptor combat Chaplin had a large cross on his back. Its nails impaled into his back to keep it latched on and as a show of faith to God. He also had passages from the bible itself written all over his helmet and shoulder pads.

He then he heard the words he’d been dreading. ""Soldiers Fix Bayonets and say your final prayers"" Seargent Ashtyn barked. Along the line Corporals barked the orders to the men who hadn't heard.

Ashtyn climbed up the ladder before yelling. ""For Raptor Kind and Humanity! Over the top!"" She then blew the whistle and dashed forward as Bezi, his battalion, and the raptor Corps followed in suit climbing up the ladders and starting the mad dash across The No mans land between friendly lines and the hills.

From behind them Puma, Sherman, and Renault M5 tanks rumbled forward. Some of the tanks were instantly hit by direct shots from Dino anti-tank gun as they turned into flaming wrecks. Their burning crews running out screaming in agony as their skin melted off them.

Their artillery soon opened up as it provided his assaulting force with a creeping barrage. Ashtyn had miraculously not been hit at all despite her being at the front of the charge leading her raptors forwards as they were gunned down in the hundreds.

Soon enough they got into the range of the Dino heavy machine guns as he heard the loud boom the caused every time they fired their heavy bullets.

One soldier to his left was impacted by the Dino heavy machine guns rounds and was sent flying backwards as his chest had a 1-foot large hole in him.

""Bring up the Bunker busters!"" Bezi yelled to the remaining men in his squad. One of them charging besides him nodded and made hand signals as he was running to the man besides him as that man dove for cover in a nearby shell hole and then emerged with the bunker buster that he had slung around his back.

[A B3 Bunker buster. This model was employed during the ending stages of the Dino human war and is still used today. Bezi squad uses the older B1 model ](https://preview.redd.it/n28wpkjivlwd1.png?width=828&format=png&auto=webp&s=edbad6366bf383d471e1bfa6b4b1596a9f54ef40)

The Bunker Buster was a fairly new weapon, but Bezi had only heard good things about it so far. Now that they had some crews with them it was time to put it to the test.

He looked back to the man as he carefully placed down the weapon and took aim using the optics of the gun. He gave Bezi and his squad a signal with his hand as they swerved left under the fire of the Dinos and watched as the gun charged up and fired. 2 1-foot large bullets shot out of the gun and slammed into the Dino machine gun nest as the crew manning such nest was probably immediately cut in half.

To Bezi Side the other squads of the polish battalion he served in took advantage of this and lunged forward and on to the dazed defenders as they were shot to pieces in their trench.

Bezi and his squad had soon joined in on the slaughter as he gunned down a stunned triceratops before she could respond.

He then sunk his bayonet into her skull to make sure she had been truly dead.

He looked around aiming his Tp37 assault rifle to his front, right, and left. 

[The Tp37 assault rifle was the standard non bolt action rifle employed by the Unified states, the imperial Russian, and the Polish Lithuanians during the Human dino war entering service in 1952 and staying as the primary assault bolt action rifle for these three nations till 1967. The rifle usually had a Bayonet attached to it](https://preview.redd.it/9uaf0kbfwlwd1.png?width=576&format=png&auto=webp&s=4a1d6bad57cb5edc58f97c8bfc6faf5df175cc3e)

No dinos...well no alive ones were spotted just their bullet ridden bodies and the occasional one of his comrades who got his head bitten off in the brief melee that had happened.

He waved to his nearby comrades to advance left and clear out the rest of the frontal trenches. Bezi on his part after signaling his order moved deeper into the Trench system.

The trenches were mostly nothing impressive. There was a lack of sandbags and dugouts with the one or two he had to chuck a grenade into. Behind him he saw the Pumas and Shermans advancing past the first line of trenches and opening up their guns on some unknown targets Bezi couldn't see.

He heard footsteps and saw 3 or so Dinos making their way forward. He opened fire before they could have a chance to react. He fired a full mag into them never giving them a chance to fire back. He then went from corps to corps Bayoneting them.

He could hear fighting up ahead. Seemed some forward units had beat him to the second line. He looked into a nearby dug out and a T rex rushed out its mouth snapped trying to bite him. Bezi was faster thrusting his Bayonet into its neck as it gargled and crumbled to the floor its hands grasping upwards as some kind of plea for mercy. 

He wouldn't show the abomination any as he thrusted his Bayonet deeper into his neck.

It let out one last rasp before closing its eyes and accepting its fate.

Bezi then ripped out his Bayonet from the T Rexs throat and stabbed it through the skull. Feeling satisfied he'd purged the lizard of its sins against mankind he walked deeper into the trench.

He saw the trench converting into two smaller pathways each of these had little cover of sorts forcing him to crouch mostly.

He heard a struggle up ahead and carefully moved forward like any skilled man of the Polish or American army. He saw Seargent Ashtyn skillfully dueling with a largely more intimidating Allosaur. The Raptor and the Allosaur were locked in their titanic struggle as Ashtyn used her nimble body to skillfully dodge the blows the largely dino dealt with his large trench mace. 

With a skill and grace unlike Bezi had seen the Raptor captain cut the mace in half before slashing the Dino across the chest with her sword brining the beast down.

The beast rapidly pulled out a concealed grenade ready to make itself some glorified suicide bomber, but Bezi swiftly dealt with that by placing a bullet through the Dinos head.

The small Raptor Captain standing at about 4 foot 5 maybe 4 foot 6 turned to him. 

""Your assistance is much appreciated Human. Rank, name, and serial designation."" The small Raptor said swiftly and coldly as she placed her saber back in its scabbard.

""Corporal Brezi Adamski, serial number 1278 Ma'am"" he said in quick succession and saluting.

""1278 with me we have much to do."" She said waving him as he followed her.

""Understood Ma'am"" he said and followed her.

He noticed he cross around her next and biblical inscriptions on her helmet typical of the religious Zealots the Raptors were. Not that he minded. It was the reason they were an ally of mankind.

""Ma'am permission to speak freely."" He asked as she snapped her head to him as they walked.

""You may.."" She said eying him as if to make sure he wasn't about to say something heretical.

""Are you Christian or Mormon."" He asked trying to make some small talk.

""Mormon."" She said cooly. ""You trooper 1278."" 

He chose his next words carfully.

""I believe in god.....But it's not like I go to church or take the scarcement."" Personally, Bezi was an atheist. If God existed, he sure was a dick to put earth in this mess. Not that he wasn't an ardent supporter of Mankind just that he wouldn't be too happy if God existed and decided to not step in to stop this bloodbath.

""Understandable."" She said with much more tolerance than he expected.

""Just remember as long as you stick by me trooper 1278 you better have some bible verses at your disposal."" She said coly and jokingly before turning back to her usual serious expression.

Heh maybe there was something under that cold personality of hers. Guessed he'd have to find out. 

",5,1garr41,SnootGame,https://www.reddit.com/r/SnootGame/comments/1garr41/trailer_for_my_human_dino_war_fanfic_first/,0,2024-10-24 02:02:58,Reddit,"**North American Front/ Near Boston/ Several yards away from Bunker and Breeds hill/ 1958.**

Bullets flew by and artillery shells slammed into the Dino and human defensive networks. A lone private makes his way and enters the command bunker of the 11th Raptor Legion.

His entrance attracts the attention of those in the bunker. Colonel Jordan Pierce and his staff. ""State your name, number, and battalion soldier."" He says calmly.

""James Woodworth, trooper 55567, of the Polish American shock trooper Battalion sir. I'm a messenger."" The soldier stated without much emotion.

""We've been trying to contact your battalion for 1 hour what is the status of your battalion."" Jordan said frustrated.

""The communication lines were cut sir other than that we and the Raptor Corps are ready for the assault. Seargent Ashtyn of the Corps awaiting your go ahead to begin the assault on the traitorous Dino scum.""

The Colonel paused at this news and thought for a moment before asking. ""Is the 4th and 7th tank companies ready for the assault?""

""Yes sir."" The soldier responded.

""Report back to the Polish American and Raptor Corps to prepare for the assault on Breeds and bunker hill as well as the two tank companies. We have orders to take those hills by 7 am tomorrow we cannot waste any time."" The Colonel said.

""Yes sir."" The soldier said before moving out of the command bunker to relay the orders.

**North American Front/ Near Boston/ Several yards away from Bunker and Breeds hill/ 1959.**

Bezi (Polish for Anon) calmly awaited in the trench lines surrounding the shell ridden city of Boston. The once great city, a symbol of American pride lay in rubble and in the hands of the traitorous Dino scum.

[Bezi circa 1970.](https://preview.redd.it/e0uf4rxvvlwd1.png?width=752&format=png&auto=webp&s=e19ec51748993046450c9c3a0edac73e17987567)

Around him his battalion members and that of the raptor core were throwing up into their helmets, praying, or readying their weapons. (Raptors where the only dino species that stayed loyal to humanity during the war.)

Seargent Ashtyn a Mormon Raptor from Utah was pacing back and forth with saber in one hand and revolver in another, ready to shoot any cowards who thought of retreat.

Bezi had immediately joined the Army at 16 when he saw the representative of the Dinos started his rant on TV about how Dino kind would go to war with humanity itself. Or as he put it ""Due to circumstances outside of our control Dino Kinds goal has changed. Our new goal will be the extermination of the human race.""

A lone private, one of his kind, walked up to the raptor Seargent and whispered something in her ear her eyes widen before telling him off and moved her way to one of the ladders that the men would be using to go over the top.

The members of the raptor core, the zealot Christan's and Mormons they were did their last prayers before looking up at her. He and his battalion members followed in suit. To his left a Raptor combat Chaplin had a large cross on his back. Its nails impaled into his back to keep it latched on and as a show of faith to God. He also had passages from the bible itself written all over his helmet and shoulder pads.

He then he heard the words he’d been dreading. ""Soldiers Fix Bayonets and say your final prayers"" Seargent Ashtyn barked. Along the line Corporals barked the orders to the men who hadn't heard.

Ashtyn climbed up the ladder before yelling. ""For Raptor Kind and Humanity! Over the top!"" She then blew the whistle and dashed forward as Bezi, his battalion, and the raptor Corps followed in suit climbing up the ladders and starting the mad dash across The No mans land between friendly lines and the hills.

From behind them Puma, Sherman, and Renault M5 tanks rumbled forward. Some of the tanks were instantly hit by direct shots from Dino anti-tank gun as they turned into flaming wrecks. Their burning crews running out screaming in agony as their skin melted off them.

Their artillery soon opened up as it provided his assaulting force with a creeping barrage. Ashtyn had miraculously not been hit at all despite her being at the front of the charge leading her raptors forwards as they were gunned down in the hundreds.

Soon enough they got into the range of the Dino heavy machine guns as he heard the loud boom the caused every time they fired their heavy bullets.

One soldier to his left was impacted by the Dino heavy machine guns rounds and was sent flying backwards as his chest had a 1-foot large hole in him.

""Bring up the Bunker busters!"" Bezi yelled to the remaining men in his squad. One of them charging besides him nodded and made hand signals as he was running to the man besides him as that man dove for cover in a nearby shell hole and then emerged with the bunker buster that he had slung around his back.

[A B3 Bunker buster. This model was employed during the ending stages of the Dino human war and is still used today. Bezi squad uses the older B1 model ](https://preview.redd.it/n28wpkjivlwd1.png?width=828&format=png&auto=webp&s=edbad6366bf383d471e1bfa6b4b1596a9f54ef40)

The Bunker Buster was a fairly new weapon, but Bezi had only heard good things about it so far. Now that they had some crews with them it was time to put it to the test.

He looked back to the man as he carefully placed down the weapon and took aim using the optics of the gun. He gave Bezi and his squad a signal with his hand as they swerved left under the fire of the Dinos and watched as the gun charged up and fired. 2 1-foot large bullets shot out of the gun and slammed into the Dino machine gun nest as the crew manning such nest was probably immediately cut in half.

To Bezi Side the other squads of the polish battalion he served in took advantage of this and lunged forward and on to the dazed defenders as they were shot to pieces in their trench.

Bezi and his squad had soon joined in on the slaughter as he gunned down a stunned triceratops before she could respond.

He then sunk his bayonet into her skull to make sure she had been truly dead.

He looked around aiming his Tp37 assault rifle to his front, right, and left. 

[The Tp37 assault rifle was the standard non bolt action rifle employed by the Unified states, the imperial Russian, and the Polish Lithuanians during the Human dino war entering service in 1952 and staying as the primary assault bolt action rifle for these three nations till 1967. The rifle usually had a Bayonet attached to it](https://preview.redd.it/9uaf0kbfwlwd1.png?width=576&format=png&auto=webp&s=4a1d6bad57cb5edc58f97c8bfc6faf5df175cc3e)

No dinos...well no alive ones were spotted just their bullet ridden bodies and the occasional one of his comrades who got his head bitten off in the brief melee that had happened.

He waved to his nearby comrades to advance left and clear out the rest of the frontal trenches. Bezi on his part after signaling his order moved deeper into the Trench system.

The trenches were mostly nothing impressive. There was a lack of sandbags and dugouts with the one or two he had to chuck a grenade into. Behind him he saw the Pumas and Shermans advancing past the first line of trenches and opening up their guns on some unknown targets Bezi couldn't see.

He heard footsteps and saw 3 or so Dinos making their way forward. He opened fire before they could have a chance to react. He fired a full mag into them never giving them a chance to fire back. He then went from corps to corps Bayoneting them.

He could hear fighting up ahead. Seemed some forward units had beat him to the second line. He looked into a nearby dug out and a T rex rushed out its mouth snapped trying to bite him. Bezi was faster thrusting his Bayonet into its neck as it gargled and crumbled to the floor its hands grasping upwards as some kind of plea for mercy. 

He wouldn't show the abomination any as he thrusted his Bayonet deeper into his neck.

It let out one last rasp before closing its eyes and accepting its fate.

Bezi then ripped out his Bayonet from the T Rexs throat and stabbed it through the skull. Feeling satisfied he'd purged the lizard of its sins against mankind he walked deeper into the trench.

He saw the trench converting into two smaller pathways each of these had little cover of sorts forcing him to crouch mostly.

He heard a struggle up ahead and carefully moved forward like any skilled man of the Polish or American army. He saw Seargent Ashtyn skillfully dueling with a largely more intimidating Allosaur. The Raptor and the Allosaur were locked in their titanic struggle as Ashtyn used her nimble body to skillfully dodge the blows the largely dino dealt with his large trench mace. 

With a skill and grace unlike Bezi had seen the Raptor captain cut the mace in half before slashing the Dino across the chest with her sword brining the beast down.

The beast rapidly pulled out a concealed grenade ready to make itself some glorified suicide bomber, but Bezi swiftly dealt with that by placing a bullet through the Dinos head.

The small Raptor Captain standing at about 4 foot 5 maybe 4 foot 6 turned to him. 

""Your assistance is much appreciated Human. Rank, name, and serial designation."" The small Raptor said swiftly and coldly as she placed her saber back in its scabbard.

""Corporal Brezi Adamski, serial number 1278 Ma'am"" he said in quick succession and saluting.

""1278 with me we have much to do."" She said waving him as he followed her.

""Understood Ma'am"" he said and followed her.

He noticed he cross around her next and biblical inscriptions on her helmet typical of the religious Zealots the Raptors were. Not that he minded. It was the reason they were an ally of mankind.

""Ma'am permission to speak freely."" He asked as she snapped her head to him as they walked.

""You may.."" She said eying him as if to make sure he wasn't about to say something heretical.

""Are you Christian or Mormon."" He asked trying to make some small talk.

""Mormon."" She said cooly. ""You trooper 1278."" 

He chose his next words carfully.

""I believe in god.....But it's not like I go to church or take the scarcement."" Personally, Bezi was an atheist. If God existed, he sure was a dick to put earth in this mess. Not that he wasn't an ardent supporter of Mankind just that he wouldn't be too happy if God existed and decided to not step in to stop this bloodbath.

""Understandable."" She said with much more tolerance than he expected.

""Just remember as long as you stick by me trooper 1278 you better have some bible verses at your disposal."" She said coly and jokingly before turning back to her usual serious expression.

Heh maybe there was something under that cold personality of hers. Guessed he'd have to find out. 

",north american front near boston several yard away bunker breed hill 1958 bullet flew artillery shell slammed dino human defensive network lone private make way enters command bunker 11th raptor legion entrance attracts attention bunker colonel jordan pierce staff state name number battalion soldier say calmly james woodworth trooper 55567 polish american shock trooper battalion sir messenger soldier stated without much emotion trying contact battalion 1 hour status battalion jordan said frustrated communication line cut sir raptor corp ready assault seargent ashtyn corp awaiting go ahead begin assault traitorous dino scum colonel paused news thought moment asking 4th 7th tank company ready assault yes sir soldier responded report back polish american raptor corp prepare assault breed bunker hill well two tank company order take hill 7 tomorrow cannot waste time colonel said yes sir soldier said moving command bunker relay order north american front near boston several yard away bunker breed hill 1959 bezi polish anon calmly awaited trench line surrounding shell ridden city boston great city symbol american pride lay rubble hand traitorous dino scum bezi circa 1970 around battalion member raptor core throwing helmet praying readying weapon raptor dino specie stayed loyal humanity war seargent ashtyn mormon raptor utah pacing back forth saber one hand revolver another ready shoot coward thought retreat bezi immediately joined army 16 saw representative dinos started rant tv dino kind would go war humanity put due circumstance outside control dino kind goal changed new goal extermination human race lone private one kind walked raptor seargent whispered something ear eye widen telling moved way one ladder men would using go top member raptor core zealot christan mormon last prayer looking battalion member followed suit left raptor combat chaplin large cross back nail impaled back keep latched show faith god also passage bible written helmet shoulder pad heard word dreading soldier fix bayonet say final prayer seargent ashtyn barked along line corporal barked order men heard ashtyn climbed ladder yelling raptor kind humanity top blew whistle dashed forward bezi battalion raptor corp followed suit climbing ladder starting mad dash across man land friendly line hill behind puma sherman renault m5 tank rumbled forward tank instantly hit direct shot dino anti tank gun turned flaming wreck burning crew running screaming agony skin melted artillery soon opened provided assaulting force creeping barrage ashtyn miraculously hit despite front charge leading raptor forward gunned hundred soon enough got range dino heavy machine gun heard loud boom caused every time fired heavy bullet one soldier left impacted dino heavy machine gun round sent flying backwards chest 1 foot large hole bring bunker buster bezi yelled remaining men squad one charging besides nodded made hand signal running man besides man dove cover nearby shell hole emerged bunker buster slung around back b3 bunker buster model employed ending stage dino human war still used today bezi squad us older b1 model bunker buster fairly new weapon bezi heard good thing far crew time put test looked back man carefully placed weapon took aim using optic gun gave bezi squad signal hand swerved left fire dinos watched gun charged fired 2 1 foot large bullet shot gun slammed dino machine gun nest crew manning nest probably immediately cut half bezi side squad polish battalion served took advantage lunged forward dazed defender shot piece trench bezi squad soon joined slaughter gunned stunned triceratops could respond sunk bayonet skull make sure truly dead looked around aiming tp37 assault rifle front right left tp37 assault rifle standard non bolt action rifle employed unified state imperial russian polish lithuanian human dino war entering service 1952 staying primary assault bolt action rifle three nation till 1967 rifle usually bayonet attached dinos well alive one spotted bullet ridden body occasional one comrade got head bitten brief melee happened waved nearby comrade advance left clear rest frontal trench bezi part signaling order moved deeper trench system trench mostly nothing impressive lack sandbag dugout one two chuck grenade behind saw puma sherman advancing past first line trench opening gun unknown target bezi see heard footstep saw 3 dinos making way forward opened fire could chance react fired full mag never giving chance fire back went corp corp bayoneting could hear fighting ahead seemed forward unit beat second line looked nearby dug rex rushed mouth snapped trying bite bezi faster thrusting bayonet neck gargled crumbled floor hand grasping upwards kind plea mercy show abomination thrusted bayonet deeper neck let one last rasp closing eye accepting fate bezi ripped bayonet rex throat stabbed skull feeling satisfied purged lizard sin mankind walked deeper trench saw trench converting two smaller pathway little cover sort forcing crouch mostly heard struggle ahead carefully moved forward like skilled man polish american army saw seargent ashtyn skillfully dueling largely intimidating allosaur raptor allosaur locked titanic struggle ashtyn used nimble body skillfully dodge blow largely dino dealt large trench mace skill grace unlike bezi seen raptor captain cut mace half slashing dino across chest sword brining beast beast rapidly pulled concealed grenade ready make glorified suicide bomber bezi swiftly dealt placing bullet dinos head small raptor captain standing 4 foot 5 maybe 4 foot 6 turned assistance much appreciated human rank name serial designation small raptor said swiftly coldly placed saber back scabbard corporal brezi adamski serial number 1278 said quick succession saluting 1278 much said waving followed understood said followed noticed cross around next biblical inscription helmet typical religious zealot raptor minded reason ally mankind permission speak freely asked snapped head walked may said eying make sure say something heretical christian mormon asked trying make small talk mormon said cooly trooper 1278 chose next word carfully believe god like go church take scarcement personally bezi atheist god existed sure dick put earth mess ardent supporter mankind happy god existed decided step stop bloodbath understandable said much tolerance expected remember long stick trooper 1278 better bible verse disposal said coly jokingly turning back usual serious expression heh maybe something cold personality guessed find
Puma Suede XL,,2,1g3qrg6,DHgateVip,https://i.redd.it/r7q9p1ezdsud1.jpeg,1,2024-10-14 21:04:58,Reddit,Puma Suede XL,puma suede xl
"Women's try on at the NYC store, S and XS items","I don't see many posts here discussing women's items and fit, so I thought I'd share. I was mainly there to look at waterproof parkas, as I need something warm and suitable to gross icy wet weather. 

  
My sizing - almost always XS in American brands. Jeans can be a 23-25 depending on brand. I am 5'5''/165cm and around 114lb/51-52kg. I wear an XS in Archteryx and Patagonia. According to Norrøna's size chart I am an XS for tops and a S for bottoms due to my hips. I would say Norrøna had some items that felt consistent with Archteryx sizing, others that were cut a bit narrower. 

  
**warmwool flex tights XS** 

Got these in XS. Super comfy, will work well for various activities under shell pants. I have long legs for my height and there's a tiny bit of extra length for me, so if you're tall or leggier than me, these might end up feeling short. 

  
**Lyngen down knickers - S**  

Plan to use these for drysuit diving and really really cold ski days, and also night-time photo expeditions where I tend to get really cold standing around. I wanted this length VS the full length down pants from other brands, since I will use these with tall boots. 

The XS ""fit"" but the down was a bit too compressed on me; the S was better. There is velcro at the waistband to cinch the waist in a bit. 

**oslo  Gore-Tex thermo160 Parka - XS**

This is a relaxed fit item and definitely runs a pretty large accordingly. Honestly not flattering in any way — but this is definitely a warm parka with lots of room to layer underneath. It looked a bit shiny under the dressing room lights but is less shiny under normal light. I bought it, but if I'm gonna pay 800-900 for a parka I'd like to feel a bit less like a garbage bag lol. Hence, I ordered last year's down version from the outlet to compare. 

I did try this year's down version in store too, but forgot to take photos. The down version fits much slimmer. I liked this version in XS too, but there wouldn't be much room to layer under the integrated down jacket. Hence I ordered the XS as well as S from the outlet to compare — we'll see if I end up keeping any. 

  
**Trollveggen fleece - S**

For me the XS fit well in the body but the arms were pretty snug to get over my sweater. I didn't end up buying as I don't need a fleece right now, but the quality was definitely there. Maybe I'll buy one in the future.

  




[femund warmwool flex tights - XS](https://preview.redd.it/7uqvdwg55zvd1.jpg?width=3024&format=pjpg&auto=webp&s=693d510ac7a50cfbd0b7ee7f5fa12d684c523c25)

[Lyngen down knickers - S](https://preview.redd.it/mpzqvwg55zvd1.jpg?width=3024&format=pjpg&auto=webp&s=39a25a592674eda5064983b62574d077e21eebf0)

[Lyngen down knickers - S](https://preview.redd.it/rnyozwg55zvd1.jpg?width=3024&format=pjpg&auto=webp&s=de4960cc8020f6a9d8eaa77d5e0678b1380d2818)

https://preview.redd.it/fvguswg55zvd1.jpg?width=2261&format=pjpg&auto=webp&s=e1476e9c1b3e6200c26d43f51f67705e6b8f683d

[Oslo Gore-Tex thermo160 Parka -  XS ](https://preview.redd.it/p77flwg55zvd1.jpg?width=2452&format=pjpg&auto=webp&s=4aacfabceb9def9bfce166e4e89b7d9d1afbb4df)

[Oslo Gore-Tex thermo 160 parka - XS](https://preview.redd.it/kocrlwg55zvd1.jpg?width=3024&format=pjpg&auto=webp&s=dcd3161ca88f93a4a22df97da666587da58de57b)

[Trollveggen thermal pro jacket - S](https://preview.redd.it/ch4zyxg55zvd1.jpg?width=1083&format=pjpg&auto=webp&s=09632f19772bc46ce3d86900cb45ab4be7d21ac3)

[Trollveggen thermal pro jacket - S](https://preview.redd.it/h9uf70h55zvd1.jpg?width=1789&format=pjpg&auto=webp&s=5f9c164fb49b023589a40df0a79df3ca8dfbe655)

  
",10,1g89tuf,Norrona,https://www.reddit.com/r/Norrona/comments/1g89tuf/womens_try_on_at_the_nyc_store_s_and_xs_items/,0,2024-10-20 21:39:29,Reddit,"I don't see many posts here discussing women's items and fit, so I thought I'd share. I was mainly there to look at waterproof parkas, as I need something warm and suitable to gross icy wet weather. 

  
My sizing - almost always XS in American brands. Jeans can be a 23-25 depending on brand. I am 5'5''/165cm and around 114lb/51-52kg. I wear an XS in Archteryx and Patagonia. According to Norrøna's size chart I am an XS for tops and a S for bottoms due to my hips. I would say Norrøna had some items that felt consistent with Archteryx sizing, others that were cut a bit narrower. 

  
**warmwool flex tights XS** 

Got these in XS. Super comfy, will work well for various activities under shell pants. I have long legs for my height and there's a tiny bit of extra length for me, so if you're tall or leggier than me, these might end up feeling short. 

  
**Lyngen down knickers - S**  

Plan to use these for drysuit diving and really really cold ski days, and also night-time photo expeditions where I tend to get really cold standing around. I wanted this length VS the full length down pants from other brands, since I will use these with tall boots. 

The XS ""fit"" but the down was a bit too compressed on me; the S was better. There is velcro at the waistband to cinch the waist in a bit. 

**oslo  Gore-Tex thermo160 Parka - XS**

This is a relaxed fit item and definitely runs a pretty large accordingly. Honestly not flattering in any way — but this is definitely a warm parka with lots of room to layer underneath. It looked a bit shiny under the dressing room lights but is less shiny under normal light. I bought it, but if I'm gonna pay 800-900 for a parka I'd like to feel a bit less like a garbage bag lol. Hence, I ordered last year's down version from the outlet to compare. 

I did try this year's down version in store too, but forgot to take photos. The down version fits much slimmer. I liked this version in XS too, but there wouldn't be much room to layer under the integrated down jacket. Hence I ordered the XS as well as S from the outlet to compare — we'll see if I end up keeping any. 

  
**Trollveggen fleece - S**

For me the XS fit well in the body but the arms were pretty snug to get over my sweater. I didn't end up buying as I don't need a fleece right now, but the quality was definitely there. Maybe I'll buy one in the future.

  




[femund warmwool flex tights - XS](https://preview.redd.it/7uqvdwg55zvd1.jpg?width=3024&format=pjpg&auto=webp&s=693d510ac7a50cfbd0b7ee7f5fa12d684c523c25)

[Lyngen down knickers - S](https://preview.redd.it/mpzqvwg55zvd1.jpg?width=3024&format=pjpg&auto=webp&s=39a25a592674eda5064983b62574d077e21eebf0)

[Lyngen down knickers - S](https://preview.redd.it/rnyozwg55zvd1.jpg?width=3024&format=pjpg&auto=webp&s=de4960cc8020f6a9d8eaa77d5e0678b1380d2818)

https://preview.redd.it/fvguswg55zvd1.jpg?width=2261&format=pjpg&auto=webp&s=e1476e9c1b3e6200c26d43f51f67705e6b8f683d

[Oslo Gore-Tex thermo160 Parka -  XS ](https://preview.redd.it/p77flwg55zvd1.jpg?width=2452&format=pjpg&auto=webp&s=4aacfabceb9def9bfce166e4e89b7d9d1afbb4df)

[Oslo Gore-Tex thermo 160 parka - XS](https://preview.redd.it/kocrlwg55zvd1.jpg?width=3024&format=pjpg&auto=webp&s=dcd3161ca88f93a4a22df97da666587da58de57b)

[Trollveggen thermal pro jacket - S](https://preview.redd.it/ch4zyxg55zvd1.jpg?width=1083&format=pjpg&auto=webp&s=09632f19772bc46ce3d86900cb45ab4be7d21ac3)

[Trollveggen thermal pro jacket - S](https://preview.redd.it/h9uf70h55zvd1.jpg?width=1789&format=pjpg&auto=webp&s=5f9c164fb49b023589a40df0a79df3ca8dfbe655)

  
",see many post discussing woman item fit thought share mainly look waterproof parka need something warm suitable gross icy wet weather sizing almost always x american brand jean 23 25 depending brand 5 5 165cm around 114lb 51 52kg wear x archteryx patagonia according norrøna size chart x top bottom due hip would say norrøna item felt consistent archteryx sizing others cut bit narrower warmwool flex tights x got x super comfy work well various activity shell pant long leg height tiny bit extra length tall leggier might end feeling short lyngen knickers plan use drysuit diving really really cold ski day also night time photo expedition tend get really cold standing around wanted length v full length pant brand since use tall boot x fit bit compressed better velcro waistband cinch waist bit oslo gore tex thermo160 parka x relaxed fit item definitely run pretty large accordingly honestly flattering way definitely warm parka lot room layer underneath looked bit shiny dressing room light less shiny normal light bought gonna pay 800 900 parka like feel bit less like garbage bag lol hence ordered last year version outlet compare try year version store forgot take photo version fit much slimmer liked version x much room layer integrated jacket hence ordered x well outlet compare see end keeping trollveggen fleece x fit well body arm pretty snug get sweater end buying need fleece right quality definitely maybe buy one future femund warmwool flex tights x lyngen knickers lyngen knickers oslo gore tex thermo160 parka x oslo gore tex thermo 160 parka x trollveggen thermal pro jacket trollveggen thermal pro jacket
Forza in 2017: scratches and dents. Meanwhile DiRT in 2017:,,887,1g6yra4,forza,https://www.reddit.com/gallery/1g6yra4,119,2024-10-19 02:09:17,Reddit,Forza in 2017: scratches and dents. Meanwhile DiRT in 2017:,forza 2017 scratch dent meanwhile dirt 2017
Que tan pizado esta el Guarda ahora?,"Hace años, tipo 2005 / 2006, cuando tenia 15 aprox, iba al guarda solo, solo a ver juegos de Nintendo y GBA, y pues, no me pasaba gran cosa, pero de eso un chingo de tiempo.

Ahorita ando buscando un juego de Gameboy Color en particular y algo me dice que quizas alla pueda hallarlo pero pumas, desde la ultima vez que fui ya hace unos 20 años casi y no se si el lugar sigue igual o está mas jodido o ""mas mejor"".

Ustedes que recomiendan  mis queridos reddichapines, me arriesgo o no lo haga compadre?",31,1g8ivlg,guatemala,https://www.reddit.com/r/guatemala/comments/1g8ivlg/que_tan_pizado_esta_el_guarda_ahora/,31,2024-10-21 05:59:23,Reddit,"Hace años, tipo 2005 / 2006, cuando tenia 15 aprox, iba al guarda solo, solo a ver juegos de Nintendo y GBA, y pues, no me pasaba gran cosa, pero de eso un chingo de tiempo.

Ahorita ando buscando un juego de Gameboy Color en particular y algo me dice que quizas alla pueda hallarlo pero pumas, desde la ultima vez que fui ya hace unos 20 años casi y no se si el lugar sigue igual o está mas jodido o ""mas mejor"".

Ustedes que recomiendan  mis queridos reddichapines, me arriesgo o no lo haga compadre?",hace años tipo 2005 2006 cuando tenia 15 aprox iba al guarda solo solo ver juegos de nintendo gba pues pasaba gran cosa pero de eso un chingo de tiempo ahorita ando buscando un juego de gameboy color en particular algo dice que quizas alla pueda hallarlo pero puma desde la ultima vez que fui ya hace unos 20 años casi se si el lugar sigue igual está ma jodido ma mejor ustedes que recomiendan mi queridos reddichapines arriesgo lo haga compadre
Top 5 Shoes for Vball and Bball.,"Greetings, I am a lighter player who is setter/pg, who has played basketball and volleyball for about 3 years switching between the sports playing 3 times a week and off season is 1-2 a week, all of them are 2-4 hours including games. This is a top 5 favorite as of now including other pairs I've tried. . All of these shoes are 9/10 traction (that are within the top 5). Adding on, these are for both sports, so these 5 are my favorite for either one.

1. Way of Wade 10 Low, The hype is real this shoe truly is the goat shoe no doubt perfect for middle to light players. (Reason I say this is heavier players have complained about forefoot cushioning). This shoe is just perfect all around though a break-in period may be necessary (Took me 2 weeks). Never had the problem of slipping or to much dust pick up. 9.5/10
2. Nike Air Zoom GT Cut 1, In my opinon the perfect nike shoe, may have been a little bottom heavy but you never really felt it, everything was near perfect about it the only concerns was material and outsole durability. I'd take these over any Kobe line this shoe was incredible. 9/10
3. S2 Nike Kobe 6, The reps aren't far, Sizing is similar to kobes going half size up or check insole measurements, Close to wade 10 only reason I have them lower is because the material isn't as breathable and took longer to break in for me. Also the air bubble in the heel zoom unit is known to pop. 9/10
4. Li-Ning JB 2, This shoe is sleeper one, just all around a good shoe, Has more cushion if needed. Some reviews say it's unstable which I've never experienced, sizing is true to Li-Ning, though it won't be as snug of a fit as wade 10. 9/10
5. Asics Nova Surge Low, Asics basketball shoes could be more serious then volleyball?, The containment and material is the ceiling of this shoe, only problem I ran into is the shoe tore from the outsole within 3 wears. 8/10.
6. Other pairs I've played in: Nike PG 6, Lebron 20 (mesh, suede), some puma budget line shoe, Asics gelburst 25, SPO Player 1 plus, Wade all city 12, Li-Ning Liren 4 V2, Liren 3 V2, Curry 1 Flotro, New balance TWO wxy V3, Curry 9, Dame Certified, 361 degrees 4.0 quick, Converse All star bb prototype cs, Nike KB mentality, MB.01, TY 1.",8,1g9xc9f,BBallShoes,https://www.reddit.com/r/BBallShoes/comments/1g9xc9f/top_5_shoes_for_vball_and_bball/,3,2024-10-23 00:19:36,Reddit,"Greetings, I am a lighter player who is setter/pg, who has played basketball and volleyball for about 3 years switching between the sports playing 3 times a week and off season is 1-2 a week, all of them are 2-4 hours including games. This is a top 5 favorite as of now including other pairs I've tried. . All of these shoes are 9/10 traction (that are within the top 5). Adding on, these are for both sports, so these 5 are my favorite for either one.

1. Way of Wade 10 Low, The hype is real this shoe truly is the goat shoe no doubt perfect for middle to light players. (Reason I say this is heavier players have complained about forefoot cushioning). This shoe is just perfect all around though a break-in period may be necessary (Took me 2 weeks). Never had the problem of slipping or to much dust pick up. 9.5/10
2. Nike Air Zoom GT Cut 1, In my opinon the perfect nike shoe, may have been a little bottom heavy but you never really felt it, everything was near perfect about it the only concerns was material and outsole durability. I'd take these over any Kobe line this shoe was incredible. 9/10
3. S2 Nike Kobe 6, The reps aren't far, Sizing is similar to kobes going half size up or check insole measurements, Close to wade 10 only reason I have them lower is because the material isn't as breathable and took longer to break in for me. Also the air bubble in the heel zoom unit is known to pop. 9/10
4. Li-Ning JB 2, This shoe is sleeper one, just all around a good shoe, Has more cushion if needed. Some reviews say it's unstable which I've never experienced, sizing is true to Li-Ning, though it won't be as snug of a fit as wade 10. 9/10
5. Asics Nova Surge Low, Asics basketball shoes could be more serious then volleyball?, The containment and material is the ceiling of this shoe, only problem I ran into is the shoe tore from the outsole within 3 wears. 8/10.
6. Other pairs I've played in: Nike PG 6, Lebron 20 (mesh, suede), some puma budget line shoe, Asics gelburst 25, SPO Player 1 plus, Wade all city 12, Li-Ning Liren 4 V2, Liren 3 V2, Curry 1 Flotro, New balance TWO wxy V3, Curry 9, Dame Certified, 361 degrees 4.0 quick, Converse All star bb prototype cs, Nike KB mentality, MB.01, TY 1.",greeting lighter player setter pg played basketball volleyball 3 year switching sport playing 3 time week season 1 2 week 2 4 hour including game top 5 favorite including pair tried shoe 9 10 traction within top 5 adding sport 5 favorite either one 1 way wade 10 low hype real shoe truly goat shoe doubt perfect middle light player reason say heavier player complained forefoot cushioning shoe perfect around though break period may necessary took 2 week never problem slipping much dust pick 9 5 10 2 nike air zoom gt cut 1 opinon perfect nike shoe may little bottom heavy never really felt everything near perfect concern material outsole durability take kobe line shoe incredible 9 10 3 s2 nike kobe 6 rep far sizing similar kobe going half size check insole measurement close wade 10 reason lower material breathable took longer break also air bubble heel zoom unit known pop 9 10 4 li ning jb 2 shoe sleeper one around good shoe cushion needed review say unstable never experienced sizing true li ning though snug fit wade 10 9 10 5 asics nova surge low asics basketball shoe could serious volleyball containment material ceiling shoe problem ran shoe tore outsole within 3 wear 8 10 6 pair played nike pg 6 lebron 20 mesh suede puma budget line shoe asics gelburst 25 spo player 1 plus wade city 12 li ning liren 4 v2 liren 3 v2 curry 1 flotro new balance two wxy v3 curry 9 dame certified 361 degree 4 0 quick converse star bb prototype c nike kb mentality mb 01 ty 1
Delft tile for my mother in law. She drives Puma 90. ,,156,1g4b2w5,LandRover,https://i.redd.it/dwcv3x0uzxud1.jpeg,17,2024-10-15 15:56:24,Reddit,Delft tile for my mother in law. She drives Puma 90. ,delft tile mother law drive puma 90
Why would anyone use the PUMA now?,"Since the update, it has once again been raised in BR to 10.3 making the base version even more useless. Especially now that the only now that the only other vehicle at its BR is an SPAA since they moved the leopard a4 to 10.7, I see almost 0 reason to take it over the Begleitpanzer which has better penetration, HE proxy shells, and an ATGM while being a full BR lower. This vehicle was already pretty terrible before the BR changes so it just feels like kicking a dead horse at this point. Don’t even get me started on how stupid putting the PUMA VJTF at 11.0 is. If any of you have any ideas on why it was upped in BR or advantages it has over the Bgpz.57 let me know.",407,1g3j6p8,Warthunder,https://i.redd.it/f33x8lcuuqud1.jpeg,170,2024-10-14 15:55:54,Reddit,"Since the update, it has once again been raised in BR to 10.3 making the base version even more useless. Especially now that the only now that the only other vehicle at its BR is an SPAA since they moved the leopard a4 to 10.7, I see almost 0 reason to take it over the Begleitpanzer which has better penetration, HE proxy shells, and an ATGM while being a full BR lower. This vehicle was already pretty terrible before the BR changes so it just feels like kicking a dead horse at this point. Don’t even get me started on how stupid putting the PUMA VJTF at 11.0 is. If any of you have any ideas on why it was upped in BR or advantages it has over the Bgpz.57 let me know.",since update raised br 10 3 making base version even useless especially vehicle br spaa since moved leopard a4 10 7 see almost 0 reason take begleitpanzer better penetration proxy shell atgm full br lower vehicle already pretty terrible br change feel like kicking dead horse point even get started stupid putting puma vjtf 11 0 idea upped br advantage bgpz 57 let know
"M/24/6'1"" [160lbs to 190lbs] (1 year)",,110,1g7peff,Brogress,https://www.reddit.com/gallery/1g7peff,5,2024-10-20 02:59:54,Reddit,"M/24/6'1"" [160lbs to 190lbs] (1 year)",24 6 1 160lbs 190lbs 1 year
I get that it’s a big update for BO6… but seriously?,That’s more than some triple A games are!!! 124 gigabytes is unreal!,2,1g95roy,Warzone,https://i.redd.it/3q6c4dnhg7wd1.jpeg,7,2024-10-22 00:49:57,Reddit,That’s more than some triple A games are!!! 124 gigabytes is unreal!,triple game 124 gigabyte unreal
20F looking for people to talk & song recs,"Howdy! 

It’d be nice to find people to chat to about anything really. I’ve really been looking for new music to listen to and what better way than making friends with lovely new people! If you wanna ask questions or just a general chat lmk :) 

Some artists/song I like: 
Colors - pumas 
Sleepwalking - chain gang of 1974 
Mood Ballroom extravaganza- Dpr Ian Desolé - gorillaz 
Rain- grandson &jessie Reyez 
Eat your young - Hozier

Shows and games I also like: 
Fallout Game/Show 
Ted Lasso 
Ghosts 
The office 
assassin’s creed 
Shorsey 
FMA
Bobs burgers 
Minecraft ",5,1g8mmwa,InternetFriends,https://www.reddit.com/r/InternetFriends/comments/1g8mmwa/20f_looking_for_people_to_talk_song_recs/,2,2024-10-21 10:43:31,Reddit,"Howdy! 

It’d be nice to find people to chat to about anything really. I’ve really been looking for new music to listen to and what better way than making friends with lovely new people! If you wanna ask questions or just a general chat lmk :) 

Some artists/song I like: 
Colors - pumas 
Sleepwalking - chain gang of 1974 
Mood Ballroom extravaganza- Dpr Ian Desolé - gorillaz 
Rain- grandson &jessie Reyez 
Eat your young - Hozier

Shows and games I also like: 
Fallout Game/Show 
Ted Lasso 
Ghosts 
The office 
assassin’s creed 
Shorsey 
FMA
Bobs burgers 
Minecraft ",howdy nice find people chat anything really really looking new music listen better way making friend lovely new people wanna ask question general chat lmk artist song like color puma sleepwalking chain gang 1974 mood ballroom extravaganza dpr ian desolé gorillaz rain grandson jessie reyez eat young hozier show game also like fallout game show ted lasso ghost office assassin creed shorsey fma bob burger minecraft
DID PUMA JUST USE THAT GT6 GOOGLE IMAGE FOR THIS SHIRT?,I hope PUMA Did not just use the GT6 Picture of the bmw v12 Lmr. ,541,1g3zpnz,granturismo,https://www.reddit.com/gallery/1g3zpnz,23,2024-10-15 04:32:37,Reddit,I hope PUMA Did not just use the GT6 Picture of the bmw v12 Lmr. ,hope puma use gt6 picture bmw v12 lmr
Top 5 Volleyball Shoes,"Greetings, I am a lighter player, who has played basketball and volleyball for about 3 years switching between the sports playing 3 times a week and off season is 1-2 a week, all of them are 2-4 hours including games. This is a top 5 favorite as of now including other pairs I've tried. . All of these shoes are 9/10 traction (that are within the top 5). Adding on, these are for both sports, so these 5 are my favorite for either one.

1. Way of Wade 10 Low, The hype is real this shoe truly is the goat shoe no doubt perfect for middle to light players. (Reason I say this is heavier players have complained about forefoot cushioning). This shoe is just perfect all around though a break-in period may be necessary (Took me 2 weeks). Never had the problem of slipping or to much dust pick up. 9.5/10
2. Nike Air Zoom GT Cut 1, In my opinon the perfect nike shoe, may have been a little bottom heavy but you never really felt it, everything was near perfect about it the only concerns was material and outsole durability. I'd take these over any Kobe line this shoe was incredible. 9/10
3. S2 Nike Kobe 6, The reps aren't far, Sizing is similar to kobes going half size up or check insole measurements, Close to wade 10 only reason I have them lower is because the material isn't as breathable and took longer to break in for me. Also the air bubble in the heel zoom unit is known to pop. 9/10
4. Li-Ning JB 2, This shoe is sleeper one, just all around a good shoe, Has more cushion if needed. Some reviews say it's unstable which I've never experienced, sizing is true to Li-Ning, though it won't be as snug of a fit as wade 10. 9/10
5. Asics Nova Surge Low, Asics basketball shoes could be more serious then volleyball?, The containment and material is the ceiling of this shoe, only problem I ran into is the shoe tore from the outsole within 3 wears. 8/10.
6. Other pairs I've played in: Nike PG 6, Lebron 20 (mesh, suede), some puma budget line shoe, Asics gelburst 25, SPO Player 1 plus, Wade all city 12, Li-Ning Liren 4 V2, Liren 3 V2, Curry 1 Flotro, New balance TWO wxy V3, Curry 9, Dame Certified, 361 degrees 4.0 quick, Converse All star bb prototype cs, Nike KB mentality, MB.01, TY 1.",12,1g9lxof,vballshoes,https://www.reddit.com/r/vballshoes/comments/1g9lxof/top_5_volleyball_shoes/,17,2024-10-22 16:11:39,Reddit,"Greetings, I am a lighter player, who has played basketball and volleyball for about 3 years switching between the sports playing 3 times a week and off season is 1-2 a week, all of them are 2-4 hours including games. This is a top 5 favorite as of now including other pairs I've tried. . All of these shoes are 9/10 traction (that are within the top 5). Adding on, these are for both sports, so these 5 are my favorite for either one.

1. Way of Wade 10 Low, The hype is real this shoe truly is the goat shoe no doubt perfect for middle to light players. (Reason I say this is heavier players have complained about forefoot cushioning). This shoe is just perfect all around though a break-in period may be necessary (Took me 2 weeks). Never had the problem of slipping or to much dust pick up. 9.5/10
2. Nike Air Zoom GT Cut 1, In my opinon the perfect nike shoe, may have been a little bottom heavy but you never really felt it, everything was near perfect about it the only concerns was material and outsole durability. I'd take these over any Kobe line this shoe was incredible. 9/10
3. S2 Nike Kobe 6, The reps aren't far, Sizing is similar to kobes going half size up or check insole measurements, Close to wade 10 only reason I have them lower is because the material isn't as breathable and took longer to break in for me. Also the air bubble in the heel zoom unit is known to pop. 9/10
4. Li-Ning JB 2, This shoe is sleeper one, just all around a good shoe, Has more cushion if needed. Some reviews say it's unstable which I've never experienced, sizing is true to Li-Ning, though it won't be as snug of a fit as wade 10. 9/10
5. Asics Nova Surge Low, Asics basketball shoes could be more serious then volleyball?, The containment and material is the ceiling of this shoe, only problem I ran into is the shoe tore from the outsole within 3 wears. 8/10.
6. Other pairs I've played in: Nike PG 6, Lebron 20 (mesh, suede), some puma budget line shoe, Asics gelburst 25, SPO Player 1 plus, Wade all city 12, Li-Ning Liren 4 V2, Liren 3 V2, Curry 1 Flotro, New balance TWO wxy V3, Curry 9, Dame Certified, 361 degrees 4.0 quick, Converse All star bb prototype cs, Nike KB mentality, MB.01, TY 1.",greeting lighter player played basketball volleyball 3 year switching sport playing 3 time week season 1 2 week 2 4 hour including game top 5 favorite including pair tried shoe 9 10 traction within top 5 adding sport 5 favorite either one 1 way wade 10 low hype real shoe truly goat shoe doubt perfect middle light player reason say heavier player complained forefoot cushioning shoe perfect around though break period may necessary took 2 week never problem slipping much dust pick 9 5 10 2 nike air zoom gt cut 1 opinon perfect nike shoe may little bottom heavy never really felt everything near perfect concern material outsole durability take kobe line shoe incredible 9 10 3 s2 nike kobe 6 rep far sizing similar kobe going half size check insole measurement close wade 10 reason lower material breathable took longer break also air bubble heel zoom unit known pop 9 10 4 li ning jb 2 shoe sleeper one around good shoe cushion needed review say unstable never experienced sizing true li ning though snug fit wade 10 9 10 5 asics nova surge low asics basketball shoe could serious volleyball containment material ceiling shoe problem ran shoe tore outsole within 3 wear 8 10 6 pair played nike pg 6 lebron 20 mesh suede puma budget line shoe asics gelburst 25 spo player 1 plus wade city 12 li ning liren 4 v2 liren 3 v2 curry 1 flotro new balance two wxy v3 curry 9 dame certified 361 degree 4 0 quick converse star bb prototype c nike kb mentality mb 01 ty 1
Weekend Shopping Fit,"Casual Saturday shopping look. Trying out a relaxed style for the weekend – would love your feedback!

Tshirt- real madrid jersey 
Jeans- levis
Shoes- Puma

Any suggestions on how to improve styling part or make it better for future outings? Thanks in advance!
",22,1g7yswh,IndianFashionAddicts,https://i.redd.it/sqjkkd4vywvd1.jpeg,19,2024-10-20 13:33:18,Reddit,"Casual Saturday shopping look. Trying out a relaxed style for the weekend – would love your feedback!

Tshirt- real madrid jersey 
Jeans- levis
Shoes- Puma

Any suggestions on how to improve styling part or make it better for future outings? Thanks in advance!
",casual saturday shopping look trying relaxed style weekend would love feedback tshirt real madrid jersey jean levi shoe puma suggestion improve styling part make better future outing thanks advance
If Romania would go with Puma in 2024 # Home & Away,,6,1g4u90i,SoccerJerseys,https://www.reddit.com/gallery/1g4u90i,1,2024-10-16 08:06:34,Reddit,If Romania would go with Puma in 2024 # Home & Away,romania would go puma 2024 home away
"PumaKatari and Chikititi Buses seen in La Paz, Bolivia",,6,1g4kmvy,transit,https://www.reddit.com/gallery/1g4kmvy,0,2024-10-15 22:45:06,Reddit,"PumaKatari and Chikititi Buses seen in La Paz, Bolivia",pumakatari chikititi bus seen la paz bolivia
Looking for a game I played as kid,"So as a kid I played a game on PS2 that I really enjoyed but one day the CD disappeared and I just can't remember the name. 

From what I remember we played as a warrior/knight. He had a long sword and I remember that on the cover of the game there was the mc, some kind of tiger like creature that was orange/yellow and green-ish. There was also some other man (I guess the enemy) with a puma/panther like creature. 

I think the first level was us getting out of some kind a jail or something? I remember there were bars. We were fighting robots, destroying some stuff and there were also pushable buttons that opened some of the jail bars.

I know the description it's the best but like these are the only things I can think of right now. It's been quite a while since I played it. 

If you have any idea what game it could be please write the name(s) in the comments. Thank you in advance!",3,1g8x9fm,ps2,https://www.reddit.com/r/ps2/comments/1g8x9fm/looking_for_a_game_i_played_as_kid/,11,2024-10-21 18:42:09,Reddit,"So as a kid I played a game on PS2 that I really enjoyed but one day the CD disappeared and I just can't remember the name. 

From what I remember we played as a warrior/knight. He had a long sword and I remember that on the cover of the game there was the mc, some kind of tiger like creature that was orange/yellow and green-ish. There was also some other man (I guess the enemy) with a puma/panther like creature. 

I think the first level was us getting out of some kind a jail or something? I remember there were bars. We were fighting robots, destroying some stuff and there were also pushable buttons that opened some of the jail bars.

I know the description it's the best but like these are the only things I can think of right now. It's been quite a while since I played it. 

If you have any idea what game it could be please write the name(s) in the comments. Thank you in advance!",kid played game ps2 really enjoyed one day cd disappeared remember name remember played warrior knight long sword remember cover game mc kind tiger like creature orange yellow green ish also man guess enemy puma panther like creature think first level u getting kind jail something remember bar fighting robot destroying stuff also pushable button opened jail bar know description best like thing think right quite since played idea game could please write name comment thank advance
The Roads That Never Were,"Anyone else get a sense of ennui contemplating the circled areas? It makes me think of broken plans and crushed optimism. It’s like we didn’t get the future we were promised, or maybe the present just isn’t what it should have been. Grand plans that never came to fruition. 

Yes, I think I understand the reasons. I’ve read the 400 page environmental impact statement of route 288, but still. *sigh*",111,1g9kyss,rva,https://i.redd.it/16vtq05qtbwd1.jpeg,106,2024-10-22 15:31:11,Reddit,"Anyone else get a sense of ennui contemplating the circled areas? It makes me think of broken plans and crushed optimism. It’s like we didn’t get the future we were promised, or maybe the present just isn’t what it should have been. Grand plans that never came to fruition. 

Yes, I think I understand the reasons. I’ve read the 400 page environmental impact statement of route 288, but still. *sigh*",anyone else get sense ennui contemplating circled area make think broken plan crushed optimism like get future promised maybe present grand plan never came fruition yes think understand reason read 400 page environmental impact statement route 288 still sigh
Fake advertisement ,"I tried 4-5 different pincodes, where there are my relatives. I'm still not able to order these.
Please help.",5,1g99lz6,IndianFashionAddicts,https://i.redd.it/ujnd4krlg8wd1.jpeg,2,2024-10-22 04:12:21,Reddit,"I tried 4-5 different pincodes, where there are my relatives. I'm still not able to order these.
Please help.",tried 4 5 different pincodes relative still able order please help
[PS2] [unknown] game with warrior/knight ,"So as a kid I played a game on PS2 that I really enjoyed but one day it got lost and I just can't remember the name. 

From what I remember we played as a warrior/knight. He had a long sword and I remember that on the cover of the game there was the mc, some kind of tiger like creature that was orange/yellow and green-ish. There was also some other man (I guess the enemy) with a puma/panther like creature. 

I think the first level was us getting out of some kind a jail or something? I remember there were bars. We were fighting robots, destroying some stuff and there were also pushable buttons that opened some of the jail bars.

I know the description it's the best but like these are the only things I can think of right now. It's been quite a while since I played it. 

If you have any idea what game it could be please write the name(s) in the comments. Thank you in advance!",3,1g8ykso,tipofmyjoystick,https://www.reddit.com/r/tipofmyjoystick/comments/1g8ykso/ps2_unknown_game_with_warriorknight/,0,2024-10-21 19:35:20,Reddit,"So as a kid I played a game on PS2 that I really enjoyed but one day it got lost and I just can't remember the name. 

From what I remember we played as a warrior/knight. He had a long sword and I remember that on the cover of the game there was the mc, some kind of tiger like creature that was orange/yellow and green-ish. There was also some other man (I guess the enemy) with a puma/panther like creature. 

I think the first level was us getting out of some kind a jail or something? I remember there were bars. We were fighting robots, destroying some stuff and there were also pushable buttons that opened some of the jail bars.

I know the description it's the best but like these are the only things I can think of right now. It's been quite a while since I played it. 

If you have any idea what game it could be please write the name(s) in the comments. Thank you in advance!",kid played game ps2 really enjoyed one day got lost remember name remember played warrior knight long sword remember cover game mc kind tiger like creature orange yellow green ish also man guess enemy puma panther like creature think first level u getting kind jail something remember bar fighting robot destroying stuff also pushable button opened jail bar know description best like thing think right quite since played idea game could please write name comment thank advance
Puma RBD Game BDP,"Alguém do sub tem esse tênis? Estou de olho nesse tênis já faz algum tempo e gostaria de saber se ele é confortável, se é apertado e coisa do tipo...

[Puma RBD Game BDP](https://preview.redd.it/ap5cwbf9fqud1.jpg?width=1088&format=pjpg&auto=webp&s=820ae9f1961a295e90164a7cf7cbf6c8de929a38)

Valeuz",5,1g3h3mk,SneakersBrasil,https://www.reddit.com/r/SneakersBrasil/comments/1g3h3mk/puma_rbd_game_bdp/,5,2024-10-14 14:28:40,Reddit,"Alguém do sub tem esse tênis? Estou de olho nesse tênis já faz algum tempo e gostaria de saber se ele é confortável, se é apertado e coisa do tipo...

[Puma RBD Game BDP](https://preview.redd.it/ap5cwbf9fqud1.jpg?width=1088&format=pjpg&auto=webp&s=820ae9f1961a295e90164a7cf7cbf6c8de929a38)

Valeuz",alguém sub tem esse tênis estou de olho nesse tênis já faz algum tempo e gostaria de saber se ele é confortável se é apertado e coisa tipo puma rbd game bdp valeuz
"""Today, I saw someone wearing a 'Pamu' brand instead of 'Puma.' I laughed 🤣 a lot! I captured a photo. For who don't know In Telugu, 'Pamu' means snake!"" ",,399,1g5rija,Ni_Bondha,https://i.redd.it/lcg069llobvd1.png,85,2024-10-17 13:58:30,Reddit,"""Today, I saw someone wearing a 'Pamu' brand instead of 'Puma.' I laughed 🤣 a lot! I captured a photo. For who don't know In Telugu, 'Pamu' means snake!"" ",today saw someone wearing pamu brand instead puma laughed lot captured photo know telugu pamu mean snake
Lf offers,"Trading/Selling Pets: [Will take diffrrent game offers if they're HUGE OVER PAY. Otherwise no.
1 Diamond unicorn, 1 Golden unicorn, 1 Binturong, 1 Death stalker scorpion, 1 Neon ride dotted eggy, 1 Parakeet, 1 Praying mantis, 1 Wolpertinger, 2 Ermine, 2 Ghost chick, 2 Pterodactyl, 2 Steppe lion, 2 Walrus, 3 Floral eggy, 3 Ox, 3 Panda-1 is fr, 4 Gingerbread mouse, 4 Triceratops, 5 Banded palm civet, 5 Ground sloths, 5 Maki mahi, 5 Poodle, 5 Rhino beetle, 5 Seagull, 5 Yellow lip sea krait, 6 Armadillo, 6 Tawny frog mouth, 7 Hermit crab, 7 Stegosaurus, 8 Emu, 8 Maleo bird, 9 Malayan tapir, 9 Narwhal, 9 Red cardinal, 11 Rock pigeon, 13 Seahorse- 1 is ride, 14 Buffalo, 14 Clownfish, 14 Indian leopard, 15 Fennec fox, 18 Black marlin, 18 Stingray, 19 Show pony, 20 Cats, 20 Cute a cabra, 21 Puma, 21 Scarecrow, 24 Aunt, 25 Camel, 25 Canadian goose, 28 Franken feline, 31 Beluga whale, 33 Mouse, 35 Donkey, 41 Dogs, 42 Scarecrow horse.",3,1g8xjev,crosstradingrblx,https://www.reddit.com/r/crosstradingrblx/comments/1g8xjev/lf_offers/,0,2024-10-21 18:53:23,Reddit,"Trading/Selling Pets: [Will take diffrrent game offers if they're HUGE OVER PAY. Otherwise no.
1 Diamond unicorn, 1 Golden unicorn, 1 Binturong, 1 Death stalker scorpion, 1 Neon ride dotted eggy, 1 Parakeet, 1 Praying mantis, 1 Wolpertinger, 2 Ermine, 2 Ghost chick, 2 Pterodactyl, 2 Steppe lion, 2 Walrus, 3 Floral eggy, 3 Ox, 3 Panda-1 is fr, 4 Gingerbread mouse, 4 Triceratops, 5 Banded palm civet, 5 Ground sloths, 5 Maki mahi, 5 Poodle, 5 Rhino beetle, 5 Seagull, 5 Yellow lip sea krait, 6 Armadillo, 6 Tawny frog mouth, 7 Hermit crab, 7 Stegosaurus, 8 Emu, 8 Maleo bird, 9 Malayan tapir, 9 Narwhal, 9 Red cardinal, 11 Rock pigeon, 13 Seahorse- 1 is ride, 14 Buffalo, 14 Clownfish, 14 Indian leopard, 15 Fennec fox, 18 Black marlin, 18 Stingray, 19 Show pony, 20 Cats, 20 Cute a cabra, 21 Puma, 21 Scarecrow, 24 Aunt, 25 Camel, 25 Canadian goose, 28 Franken feline, 31 Beluga whale, 33 Mouse, 35 Donkey, 41 Dogs, 42 Scarecrow horse.",trading selling pet take diffrrent game offer huge pay otherwise 1 diamond unicorn 1 golden unicorn 1 binturong 1 death stalker scorpion 1 neon ride dotted eggy 1 parakeet 1 praying mantis 1 wolpertinger 2 ermine 2 ghost chick 2 pterodactyl 2 steppe lion 2 walrus 3 floral eggy 3 ox 3 panda 1 fr 4 gingerbread mouse 4 triceratops 5 banded palm civet 5 ground sloth 5 maki mahi 5 poodle 5 rhino beetle 5 seagull 5 yellow lip sea krait 6 armadillo 6 tawny frog mouth 7 hermit crab 7 stegosaurus 8 emu 8 maleo bird 9 malayan tapir 9 narwhal 9 red cardinal 11 rock pigeon 13 seahorse 1 ride 14 buffalo 14 clownfish 14 indian leopard 15 fennec fox 18 black marlin 18 stingray 19 show pony 20 cat 20 cute cabra 21 puma 21 scarecrow 24 aunt 25 camel 25 canadian goose 28 franken feline 31 beluga whale 33 mouse 35 donkey 41 dog 42 scarecrow horse
Birmingham Hyrox 2024 - Good luck to all! (Inc Venue Map),"Running my first hyrox on Friday at the Birmingham NEC - Mens Open. Good luck to all!! After speaking to so many experienced hyroxers i think the most valuable advice to share is to enjoy the course! 
",16,1g9gfqd,hyrox,https://i.redd.it/jabyozaksawd1.jpeg,6,2024-10-22 12:02:54,Reddit,"Running my first hyrox on Friday at the Birmingham NEC - Mens Open. Good luck to all!! After speaking to so many experienced hyroxers i think the most valuable advice to share is to enjoy the course! 
",running first hyrox friday birmingham nec men open good luck speaking many experienced hyroxers think valuable advice share enjoy course
"Got these High Dunk Puma in BBD, feels odd to wear in public places though",,3,1g58n4s,SneakersIndia,https://i.redd.it/zxxbubryc6vd1.jpeg,0,2024-10-16 20:04:15,Reddit,"Got these High Dunk Puma in BBD, feels odd to wear in public places though",got high dunk puma bbd feel odd wear public place though
Local Cougars In Your Area,,284,1g9i5g1,massachusetts,https://i.redd.it/4cmbi4do7bwd1.jpeg,71,2024-10-22 13:28:57,Reddit,Local Cougars In Your Area,local cougar area
November Sale haul ,,10,1g7yb38,SneakersIndia,https://www.reddit.com/gallery/1g7yb38,8,2024-10-20 13:08:11,Reddit,November Sale haul ,november sale haul
A Puma with a Guanaco kill in southernmost Chile. ,,260,1g3k53l,Pumaconcolor,https://i.redd.it/u672wxhw1rud1.jpeg,1,2024-10-14 16:35:28,Reddit,A Puma with a Guanaco kill in southernmost Chile. ,puma guanaco kill southernmost chile
"Question...what do I GET...I am also attaching my hangar, for reference.",I am planning to go with getting Guardian.,6,1g8puqg,mecharena,https://www.reddit.com/gallery/1g8puqg,24,2024-10-21 13:36:02,Reddit,I am planning to go with getting Guardian.,planning go getting guardian
Daily Golf Deals | Canada Golf Deals | 10-22-2024 | (Nurseresidences),"Your Tuesday daily deals. Sign-up to get these deals via email below, or join [my golf deals subreddit](https://www.reddit.com/r/DailyGolfSteals/) to get these a little earlier in the day (I can schedule ahead)

**GOLF CLUBS**

~~$180~~ [$113 MINT TaylorMade Stealth Driving Iron](https://www.dailygolfsteals.com/go/113-mint-taylormade-stealth-driving-iron/18633): Available in RH, Stiff Flex, and 3H Loft. Use code GOLFER2024 at checkout. Shipping is free

~~$110~~ [$93 LIKE NEW LH Callaway Apex 21 Hybrid](https://www.dailygolfsteals.com/go/93-like-new-lh-callaway-apex-21-hybrid/18635): Available in LH, Regular Flex and 4H Loft. Available in RH, Regular Flex and 4H Loft ($107). No code needed. Shipping is $9.95

~~$300~~ [$250 NEW PowerBilt Pro Complete Golf Set](https://www.dailygolfsteals.com/go/250-new-powerbilt-pro-complete-golf-set/18653): 9-Piece Golf Set - Driver, 3W, 5H, 6-PW + Putter with a lightweight stand bag. No code needed. Shipping is free

 

**APPAREL**

~~$110~~ [$44 Adidas Ultimate365 Anorak ](https://www.dailygolfsteals.com/go/44-adidas-ultimate365-anorak/18637): Available in Black, Sizes S-XL. No code needed. Shipping is free on orders $100+

~~$85~~ [$37 Puma Men's Jackpot Golf Pants](https://www.dailygolfsteals.com/go/37-puma-mens-jackpot-golf-pants/18639): Available in 7 colors, Sizes 28-40"" (availability will vary based on color). Use code WWGWB15 at checkout. Shipping is $8.99

~~$140~~ [$23 for 2x Walter Hagen Men's Performance Golf Polos](https://www.dailygolfsteals.com/go/23-for-2x-walter-hagen-mens-performance-golf-polos/18645): Available in 3 colors, Sizes S-2XL (whilst stocks last). No code needed. Just add 2x to cart for discount. Shipping is free on orders $99+

~~$160~~ [$53 for 2x Adidas Ultimate365 Women's Frill Skort](https://www.dailygolfsteals.com/go/53-for-2x-adidas-ultimate365-womens-frill-skort/18649): Available in Black and White, Sizes S-XL. Perfect for your golfing girlfriend or sister. Simply add 2x to cart and use code GET30. Shipping is free with Adiclub or $5

 

**SITEWIDE**

[Adidas Sale - Buy any 2x items and Get 30% off](https://www.dailygolfsteals.com/go/adidas-sale-buy-any-2x-items-and-get-30-off/18641): Mix and match and save 30% on clothing and shoes. Use code GET30. Exclusions apply

 

**GOLF BAGS**

~~$250~~ [$61 Izzo Golf Versa Hybrid Stand Bag](https://www.dailygolfsteals.com/go/61-izzo-golf-versa-hybrid-stand-bag/18647): Available in 4 designs. 11 club dividers to keep clubs organized. No code needed. Shipping is free on orders $75+

 

**SHOES**

~~$90~~ [$63 New Balance Fresh Foam ROAV Spikeless Golf Shoes](https://www.dailygolfsteals.com/go/63-new-balance-fresh-foam-roav-spikeless-golf-shoes/18643): Available in Black/Grey, and Sizes 8-15. Use code GOLFER2024 at checkout. Shipping is free on orders $99+

 

**ACCESSORIES**

~~$35~~ [$24 Forearm Band for Golfers Elbow](https://www.dailygolfsteals.com/go/24-forearm-band-for-golfers-elbow/18651): Fits most adults. Non-invasive and perfect for everyday use. Apply coupon on product page. Shipping is free with Prime

 

**OTHER**

**Don't miss another deal** - [Sign-up here](https://dailygolfsteals.com/sign-up-to-get-deals-in-your-inbox-daily) to get these posts via email every day (7:30am PT / 10:30am ET).

**Monday's deals** - click [here](https://www.reddit.com/r/DailyGolfSteals/comments/1g8o5v5/daily_golf_deals_10212024/) in case you missed it

**DISCOUNT CODES:**

* Get up to 30% off TaylorMade Preowned clubs at [GlobalGolf.com](https://dailygolfsteals.com/go-store/globalgolf). No code needed. Use GOLFER2024 for 10% off anything else.
* Get 10% off at [JustGolfStuff.com](https://justgolfstuff.com/) with code GOLFSTUFF10. Exclusions apply.
* Get 15% off a single item at [WorldWideGolf.com](https://dailygolfsteals.com/go-store/worldwidegolfshops) with code WWGWB15 (exclusions apply)
* Use KOSTER15 at [Rhoback.com](https://www.rhoback.com) to get 15% off first-time orders
* Use HOLEINEONE at [RockBottomGolf.com](https://dailygolfsteals.com/go-store/rockbottomgolf) for $10 off $50
* Get 15% off used golf balls through month-end at [CleanGreenGolfBalls.com](https://dailygolfsteals.com/go/15-off-any-mint-quality-golf-balls-at-cleangreengolfballs-2/12087) with code CGGB15. Includes both low-end (e.g. [hit-away](https://cleangreengolfballs.com/products/100-recycled-hit-away-practice-golf-balls) and high-end balls (e.g. Mint AAAA+ [ProV1s](https://dailygolfsteals.com/go/20-1-dozen-titleist-pro-v1-mix-mint-condition-5a/12632), [TP5x](https://dailygolfsteals.com/go/21-1-dozen-taylormade-tp5x-mix-mint-condition-5a/12793))
* Veterans / First Responders (approximately 15% off across each): [Taylormade](https://www.taylormadegolf.com/idme), [PXG](https://www.pxg.com/en-us/heroes), [Dunlop brands - Srixon, Cleveland, XXIO](https://support.dunlopsports.com/hc/en-us/articles/360052054872-Military-Discounts), [Callaway](https://prf.hn/click/camref:1100ljyWz/ar:military/destination:https%3A%2F%2Fwww.callawaygolf.com%2Fmilitary-discount-program%2F), [Wilson](https://www.wilson.com/en-us/explore/military-discount) and [PING](https://ping.com/en-us/community/military-rebate) all offer discounts

 

**CANADIAN DEALS**

Your Tuesday Canadian deals. Sign-up to get these deals via email below. Leave a comment if there is anything you would like me to keep an eye out for. Click [here ](https://www.reddit.com/r/CanadaGolfDeals/)to join my Canada deals subreddit.

**GOLF CLUBS**

~~$250~~ [$212 MINT TaylorMade Spider GTX Black Putter ](https://www.canadagolfdeals.com/go/212-mint-taylormade-spider-gtx-black-putter/19688): Available in RH, and 35"" Length. No code needed. Shipping is free

 

**GOLF BAGS**

~~$340~~ [$189 PING Hoofer Lite Stand Bag](https://www.canadagolfdeals.com/go/189-ping-hoofer-lite-stand-bag/19692): Available in Blue. No code needed. Shipping is free

 

**GOLF BALLS**

~~$60~~ [$35 for 2x Dozen TaylorMade RBZ Distance Golf Balls](https://www.canadagolfdeals.com/go/35-for-2x-dozen-taylormade-rbz-distance-golf-balls/19694): Available in White. No code needed. Shipping is $9.99

 

**SHOES**

~~$130~~ [$90 New Balance Fresh Foam ROAV Golf Shoes](https://www.canadagolfdeals.com/90-new-balance-fresh-foam-roav-golf-shoes): Available in White/Navy, Sizes 8-11. No code needed. Shipping is free on orders $100+

 

**APPAREL**

~~$220~~ [$154 Peter Millar Men's Perth Birdseye Performance 1/4 Zip Pullover](https://www.canadagolfdeals.com/go/154-peter-millar-mens-perth-birdseye-performance-14-zip-pullover/19698): Available in Blue, Sizes M-2XL. No code needed. Shipping is free

~~$85~~ [$64 Under Armour Men's Playoff 3.0 Stripe Polo](https://www.canadagolfdeals.com/go/64-under-armour-mens-playoff-3-0-stripe-polo/19700): Available in multiple colors, Sizes S-2XL (availability and pricing may vary). No code needed. Shipping is free

 

**COURSES**

~~$89~~ [$49 for 2x Green Fees at Niagara Falls Golf Club ](https://www.canadagolfdeals.com/go/49-for-2x-green-fees-at-niagara-falls-golf-club/19696): Get 18 holes of golf at Niagara Falls Golf Club for 2 people. No code needed

 

**ACCESSORIES**

~~$50~~ [$20 Adidas Hydrophobic Tour Golf Hat](https://www.canadagolfdeals.com/20-adidas-hydrophobic-tour-golf-hat): Available in White. No code needed. Shipping is $9.99

 

**OTHER**

**Don’t miss another deal** - [Sign-up here](https://www.canadagolfdeals.com/) to get these posts via email twice a week (7:30am PT / 10:30am ET).

**Previous deals** - click [here](https://www.reddit.com/r/CanadaGolfDeals/comments/1g6hhn9/canadian_golf_deals_10182024/) in case you missed it

Note: I may earn commissions on these deals when you make a purchase. This income helps cover the costs involved in building scraping tools / identifying these deals.",54,1g9hyxa,golf,https://www.reddit.com/r/golf/comments/1g9hyxa/daily_golf_deals_canada_golf_deals_10222024/,0,2024-10-22 13:20:25,Reddit,"Your Tuesday daily deals. Sign-up to get these deals via email below, or join [my golf deals subreddit](https://www.reddit.com/r/DailyGolfSteals/) to get these a little earlier in the day (I can schedule ahead)

**GOLF CLUBS**

~~$180~~ [$113 MINT TaylorMade Stealth Driving Iron](https://www.dailygolfsteals.com/go/113-mint-taylormade-stealth-driving-iron/18633): Available in RH, Stiff Flex, and 3H Loft. Use code GOLFER2024 at checkout. Shipping is free

~~$110~~ [$93 LIKE NEW LH Callaway Apex 21 Hybrid](https://www.dailygolfsteals.com/go/93-like-new-lh-callaway-apex-21-hybrid/18635): Available in LH, Regular Flex and 4H Loft. Available in RH, Regular Flex and 4H Loft ($107). No code needed. Shipping is $9.95

~~$300~~ [$250 NEW PowerBilt Pro Complete Golf Set](https://www.dailygolfsteals.com/go/250-new-powerbilt-pro-complete-golf-set/18653): 9-Piece Golf Set - Driver, 3W, 5H, 6-PW + Putter with a lightweight stand bag. No code needed. Shipping is free

 

**APPAREL**

~~$110~~ [$44 Adidas Ultimate365 Anorak ](https://www.dailygolfsteals.com/go/44-adidas-ultimate365-anorak/18637): Available in Black, Sizes S-XL. No code needed. Shipping is free on orders $100+

~~$85~~ [$37 Puma Men's Jackpot Golf Pants](https://www.dailygolfsteals.com/go/37-puma-mens-jackpot-golf-pants/18639): Available in 7 colors, Sizes 28-40"" (availability will vary based on color). Use code WWGWB15 at checkout. Shipping is $8.99

~~$140~~ [$23 for 2x Walter Hagen Men's Performance Golf Polos](https://www.dailygolfsteals.com/go/23-for-2x-walter-hagen-mens-performance-golf-polos/18645): Available in 3 colors, Sizes S-2XL (whilst stocks last). No code needed. Just add 2x to cart for discount. Shipping is free on orders $99+

~~$160~~ [$53 for 2x Adidas Ultimate365 Women's Frill Skort](https://www.dailygolfsteals.com/go/53-for-2x-adidas-ultimate365-womens-frill-skort/18649): Available in Black and White, Sizes S-XL. Perfect for your golfing girlfriend or sister. Simply add 2x to cart and use code GET30. Shipping is free with Adiclub or $5

 

**SITEWIDE**

[Adidas Sale - Buy any 2x items and Get 30% off](https://www.dailygolfsteals.com/go/adidas-sale-buy-any-2x-items-and-get-30-off/18641): Mix and match and save 30% on clothing and shoes. Use code GET30. Exclusions apply

 

**GOLF BAGS**

~~$250~~ [$61 Izzo Golf Versa Hybrid Stand Bag](https://www.dailygolfsteals.com/go/61-izzo-golf-versa-hybrid-stand-bag/18647): Available in 4 designs. 11 club dividers to keep clubs organized. No code needed. Shipping is free on orders $75+

 

**SHOES**

~~$90~~ [$63 New Balance Fresh Foam ROAV Spikeless Golf Shoes](https://www.dailygolfsteals.com/go/63-new-balance-fresh-foam-roav-spikeless-golf-shoes/18643): Available in Black/Grey, and Sizes 8-15. Use code GOLFER2024 at checkout. Shipping is free on orders $99+

 

**ACCESSORIES**

~~$35~~ [$24 Forearm Band for Golfers Elbow](https://www.dailygolfsteals.com/go/24-forearm-band-for-golfers-elbow/18651): Fits most adults. Non-invasive and perfect for everyday use. Apply coupon on product page. Shipping is free with Prime

 

**OTHER**

**Don't miss another deal** - [Sign-up here](https://dailygolfsteals.com/sign-up-to-get-deals-in-your-inbox-daily) to get these posts via email every day (7:30am PT / 10:30am ET).

**Monday's deals** - click [here](https://www.reddit.com/r/DailyGolfSteals/comments/1g8o5v5/daily_golf_deals_10212024/) in case you missed it

**DISCOUNT CODES:**

* Get up to 30% off TaylorMade Preowned clubs at [GlobalGolf.com](https://dailygolfsteals.com/go-store/globalgolf). No code needed. Use GOLFER2024 for 10% off anything else.
* Get 10% off at [JustGolfStuff.com](https://justgolfstuff.com/) with code GOLFSTUFF10. Exclusions apply.
* Get 15% off a single item at [WorldWideGolf.com](https://dailygolfsteals.com/go-store/worldwidegolfshops) with code WWGWB15 (exclusions apply)
* Use KOSTER15 at [Rhoback.com](https://www.rhoback.com) to get 15% off first-time orders
* Use HOLEINEONE at [RockBottomGolf.com](https://dailygolfsteals.com/go-store/rockbottomgolf) for $10 off $50
* Get 15% off used golf balls through month-end at [CleanGreenGolfBalls.com](https://dailygolfsteals.com/go/15-off-any-mint-quality-golf-balls-at-cleangreengolfballs-2/12087) with code CGGB15. Includes both low-end (e.g. [hit-away](https://cleangreengolfballs.com/products/100-recycled-hit-away-practice-golf-balls) and high-end balls (e.g. Mint AAAA+ [ProV1s](https://dailygolfsteals.com/go/20-1-dozen-titleist-pro-v1-mix-mint-condition-5a/12632), [TP5x](https://dailygolfsteals.com/go/21-1-dozen-taylormade-tp5x-mix-mint-condition-5a/12793))
* Veterans / First Responders (approximately 15% off across each): [Taylormade](https://www.taylormadegolf.com/idme), [PXG](https://www.pxg.com/en-us/heroes), [Dunlop brands - Srixon, Cleveland, XXIO](https://support.dunlopsports.com/hc/en-us/articles/360052054872-Military-Discounts), [Callaway](https://prf.hn/click/camref:1100ljyWz/ar:military/destination:https%3A%2F%2Fwww.callawaygolf.com%2Fmilitary-discount-program%2F), [Wilson](https://www.wilson.com/en-us/explore/military-discount) and [PING](https://ping.com/en-us/community/military-rebate) all offer discounts

 

**CANADIAN DEALS**

Your Tuesday Canadian deals. Sign-up to get these deals via email below. Leave a comment if there is anything you would like me to keep an eye out for. Click [here ](https://www.reddit.com/r/CanadaGolfDeals/)to join my Canada deals subreddit.

**GOLF CLUBS**

~~$250~~ [$212 MINT TaylorMade Spider GTX Black Putter ](https://www.canadagolfdeals.com/go/212-mint-taylormade-spider-gtx-black-putter/19688): Available in RH, and 35"" Length. No code needed. Shipping is free

 

**GOLF BAGS**

~~$340~~ [$189 PING Hoofer Lite Stand Bag](https://www.canadagolfdeals.com/go/189-ping-hoofer-lite-stand-bag/19692): Available in Blue. No code needed. Shipping is free

 

**GOLF BALLS**

~~$60~~ [$35 for 2x Dozen TaylorMade RBZ Distance Golf Balls](https://www.canadagolfdeals.com/go/35-for-2x-dozen-taylormade-rbz-distance-golf-balls/19694): Available in White. No code needed. Shipping is $9.99

 

**SHOES**

~~$130~~ [$90 New Balance Fresh Foam ROAV Golf Shoes](https://www.canadagolfdeals.com/90-new-balance-fresh-foam-roav-golf-shoes): Available in White/Navy, Sizes 8-11. No code needed. Shipping is free on orders $100+

 

**APPAREL**

~~$220~~ [$154 Peter Millar Men's Perth Birdseye Performance 1/4 Zip Pullover](https://www.canadagolfdeals.com/go/154-peter-millar-mens-perth-birdseye-performance-14-zip-pullover/19698): Available in Blue, Sizes M-2XL. No code needed. Shipping is free

~~$85~~ [$64 Under Armour Men's Playoff 3.0 Stripe Polo](https://www.canadagolfdeals.com/go/64-under-armour-mens-playoff-3-0-stripe-polo/19700): Available in multiple colors, Sizes S-2XL (availability and pricing may vary). No code needed. Shipping is free

 

**COURSES**

~~$89~~ [$49 for 2x Green Fees at Niagara Falls Golf Club ](https://www.canadagolfdeals.com/go/49-for-2x-green-fees-at-niagara-falls-golf-club/19696): Get 18 holes of golf at Niagara Falls Golf Club for 2 people. No code needed

 

**ACCESSORIES**

~~$50~~ [$20 Adidas Hydrophobic Tour Golf Hat](https://www.canadagolfdeals.com/20-adidas-hydrophobic-tour-golf-hat): Available in White. No code needed. Shipping is $9.99

 

**OTHER**

**Don’t miss another deal** - [Sign-up here](https://www.canadagolfdeals.com/) to get these posts via email twice a week (7:30am PT / 10:30am ET).

**Previous deals** - click [here](https://www.reddit.com/r/CanadaGolfDeals/comments/1g6hhn9/canadian_golf_deals_10182024/) in case you missed it

Note: I may earn commissions on these deals when you make a purchase. This income helps cover the costs involved in building scraping tools / identifying these deals.",tuesday daily deal sign get deal via email join golf deal subreddit get little earlier day schedule ahead golf club 180 113 mint taylormade stealth driving iron available rh stiff flex 3h loft use code golfer2024 checkout shipping free 110 93 like new lh callaway apex 21 hybrid available lh regular flex 4h loft available rh regular flex 4h loft 107 code needed shipping 9 95 300 250 new powerbilt pro complete golf set 9 piece golf set driver 3w 5h 6 pw putter lightweight stand bag code needed shipping free apparel 110 44 adidas ultimate365 anorak available black size xl code needed shipping free order 100 85 37 puma men jackpot golf pant available 7 color size 28 40 availability vary based color use code wwgwb15 checkout shipping 8 99 140 23 2x walter hagen men performance golf polo available 3 color size 2xl whilst stock last code needed add 2x cart discount shipping free order 99 160 53 2x adidas ultimate365 woman frill skort available black white size xl perfect golfing girlfriend sister simply add 2x cart use code get30 shipping free adiclub 5 sitewide adidas sale buy 2x item get 30 mix match save 30 clothing shoe use code get30 exclusion apply golf bag 250 61 izzo golf versa hybrid stand bag available 4 design 11 club divider keep club organized code needed shipping free order 75 shoe 90 63 new balance fresh foam roav spikeless golf shoe available black grey size 8 15 use code golfer2024 checkout shipping free order 99 accessory 35 24 forearm band golfer elbow fit adult non invasive perfect everyday use apply coupon product page shipping free prime miss another deal sign get post via email every day 7 30am pt 10 30am et monday deal click case missed discount code get 30 taylormade preowned club globalgolf com code needed use golfer2024 10 anything else get 10 justgolfstuff com code golfstuff10 exclusion apply get 15 single item worldwidegolf com code wwgwb15 exclusion apply use koster15 rhoback com get 15 first time order use holeineone rockbottomgolf com 10 50 get 15 used golf ball month end cleangreengolfballs com code cggb15 includes low end e g hit away high end ball e g mint aaaa prov1s tp5x veteran first responder approximately 15 across taylormade pxg dunlop brand srixon cleveland xxio callaway wilson ping offer discount canadian deal tuesday canadian deal sign get deal via email leave comment anything would like keep eye click join canada deal subreddit golf club 250 212 mint taylormade spider gtx black putter available rh 35 length code needed shipping free golf bag 340 189 ping hoofer lite stand bag available blue code needed shipping free golf ball 60 35 2x dozen taylormade rbz distance golf ball available white code needed shipping 9 99 shoe 130 90 new balance fresh foam roav golf shoe available white navy size 8 11 code needed shipping free order 100 apparel 220 154 peter millar men perth birdseye performance 1 4 zip pullover available blue size 2xl code needed shipping free 85 64 armour men playoff 3 0 stripe polo available multiple color size 2xl availability pricing may vary code needed shipping free course 89 49 2x green fee niagara fall golf club get 18 hole golf niagara fall golf club 2 people code needed accessory 50 20 adidas hydrophobic tour golf hat available white code needed shipping 9 99 miss another deal sign get post via email twice week 7 30am pt 10 30am et previous deal click case missed note may earn commission deal make purchase income help cover cost involved building scraping tool identifying deal
"Got them for 2.4k, are they worth to keep? (Brand - Puma) Honest Opinions needed!",,11,1g51q6w,SneakersIndia,https://www.reddit.com/gallery/1g51q6w,15,2024-10-16 15:12:57,Reddit,"Got them for 2.4k, are they worth to keep? (Brand - Puma) Honest Opinions needed!",got 2 4k worth keep brand puma honest opinion needed
Daily Golf Deals | Canada Golf Deals | 10-22-2024 ,"Your Tuesday daily deals. Sign-up to get these deals via email below. Leave a comment if there is anything you would like me to keep an eye out for.

**GOLF CLUBS**

~~$180~~ [$113 MINT TaylorMade Stealth Driving Iron](https://www.dailygolfsteals.com/go/113-mint-taylormade-stealth-driving-iron/18633): Available in RH, Stiff Flex, and 3H Loft. Use code GOLFER2024 at checkout. Shipping is free

~~$110~~ [$93 LIKE NEW LH Callaway Apex 21 Hybrid](https://www.dailygolfsteals.com/go/93-like-new-lh-callaway-apex-21-hybrid/18635): Available in LH, Regular Flex and 4H Loft. Available in RH, Regular Flex and 4H Loft ($107). No code needed. Shipping is $9.95

~~$300~~ [$250 NEW PowerBilt Pro Complete Golf Set](https://www.dailygolfsteals.com/go/250-new-powerbilt-pro-complete-golf-set/18653): 9-Piece Golf Set - Driver, 3W, 5H, 6-PW + Putter with a lightweight stand bag. No code needed. Shipping is free

 

**APPAREL**

~~$110~~ [$44 Adidas Ultimate365 Anorak ](https://www.dailygolfsteals.com/go/44-adidas-ultimate365-anorak/18637): Available in Black, Sizes S-XL. No code needed. Shipping is free on orders $100+

~~$85~~ [$37 Puma Men's Jackpot Golf Pants](https://www.dailygolfsteals.com/go/37-puma-mens-jackpot-golf-pants/18639): Available in 7 colors, Sizes 28-40"" (availability will vary based on color). Use code WWGWB15 at checkout. Shipping is $8.99

~~$140~~ [$23 for 2x Walter Hagen Men's Performance Golf Polos](https://www.dailygolfsteals.com/go/23-for-2x-walter-hagen-mens-performance-golf-polos/18645): Available in 3 colors, Sizes S-2XL (whilst stocks last). No code needed. Just add 2x to cart for discount. Shipping is free on orders $99+

~~$160~~ [$53 for 2x Adidas Ultimate365 Women's Frill Skort](https://www.dailygolfsteals.com/go/53-for-2x-adidas-ultimate365-womens-frill-skort/18649): Available in Black and White, Sizes S-XL. Perfect for your golfing girlfriend or sister. Simply add 2x to cart and use code GET30. Shipping is free with Adiclub or $5

 

**SITEWIDE**

[Adidas Sale - Buy any 2x items and Get 30% off](https://www.dailygolfsteals.com/go/adidas-sale-buy-any-2x-items-and-get-30-off/18641): Mix and match and save 30% on clothing and shoes. Use code GET30. Exclusions apply

 

**GOLF BAGS**

~~$250~~ [$61 Izzo Golf Versa Hybrid Stand Bag](https://www.dailygolfsteals.com/go/61-izzo-golf-versa-hybrid-stand-bag/18647): Available in 4 designs. 11 club dividers to keep clubs organized. No code needed. Shipping is free on orders $75+

 

**SHOES**

~~$90~~ [$63 New Balance Fresh Foam ROAV Spikeless Golf Shoes](https://www.dailygolfsteals.com/go/63-new-balance-fresh-foam-roav-spikeless-golf-shoes/18643): Available in Black/Grey, and Sizes 8-15. Use code GOLFER2024 at checkout. Shipping is free on orders $99+

 

**ACCESSORIES**

~~$35~~ [$24 Forearm Band for Golfers Elbow](https://www.dailygolfsteals.com/go/24-forearm-band-for-golfers-elbow/18651): Fits most adults. Non-invasive and perfect for everyday use. Apply coupon on product page. Shipping is free with Prime

 

**OTHER**

**Don't miss another deal** - [Sign-up here](https://dailygolfsteals.com/sign-up-to-get-deals-in-your-inbox-daily) to get these posts via email every day (7:30am PT / 10:30am ET).

**Monday's deals** - click [here](https://www.reddit.com/r/DailyGolfSteals/comments/1g8o5v5/daily_golf_deals_10212024/) in case you missed it

**DISCOUNT CODES:**

* Get up to 30% off TaylorMade Preowned clubs at [GlobalGolf.com](https://dailygolfsteals.com/go-store/globalgolf). No code needed. Use GOLFER2024 for 10% off anything else.
* Get 10% off at [JustGolfStuff.com](https://justgolfstuff.com/) with code GOLFSTUFF10. Exclusions apply.
* Get 15% off a single item at [WorldWideGolf.com](https://dailygolfsteals.com/go-store/worldwidegolfshops) with code WWGWB15 (exclusions apply)
* Use KOSTER15 at [Rhoback.com](https://www.rhoback.com) to get 15% off first-time orders
* Use HOLEINEONE at [RockBottomGolf.com](https://dailygolfsteals.com/go-store/rockbottomgolf) for $10 off $50
* Get 15% off used golf balls through month-end at [CleanGreenGolfBalls.com](https://dailygolfsteals.com/go/15-off-any-mint-quality-golf-balls-at-cleangreengolfballs-2/12087) with code CGGB15. Includes both low-end (e.g. [hit-away](https://cleangreengolfballs.com/products/100-recycled-hit-away-practice-golf-balls) and high-end balls (e.g. Mint AAAA+ [ProV1s](https://dailygolfsteals.com/go/20-1-dozen-titleist-pro-v1-mix-mint-condition-5a/12632), [TP5x](https://dailygolfsteals.com/go/21-1-dozen-taylormade-tp5x-mix-mint-condition-5a/12793))
* Veterans / First Responders (approximately 15% off across each): [Taylormade](https://www.taylormadegolf.com/idme), [PXG](https://www.pxg.com/en-us/heroes), [Dunlop brands - Srixon, Cleveland, XXIO](https://support.dunlopsports.com/hc/en-us/articles/360052054872-Military-Discounts), [Callaway](https://prf.hn/click/camref:1100ljyWz/ar:military/destination:https%3A%2F%2Fwww.callawaygolf.com%2Fmilitary-discount-program%2F), [Wilson](https://www.wilson.com/en-us/explore/military-discount) and [PING](https://ping.com/en-us/community/military-rebate) all offer discounts

 

**CANADIAN DEALS**

Your Tuesday Canadian deals. Sign-up to get these deals via email below. Leave a comment if there is anything you would like me to keep an eye out for. Click [here ](https://www.reddit.com/r/CanadaGolfDeals/)to join my Canada deals subreddit.

**GOLF CLUBS**

~~$250~~ [$212 MINT TaylorMade Spider GTX Black Putter ](https://www.canadagolfdeals.com/go/212-mint-taylormade-spider-gtx-black-putter/19688): Available in RH, and 35"" Length. No code needed. Shipping is free

 

**GOLF BAGS**

~~$340~~ [$189 PING Hoofer Lite Stand Bag](https://www.canadagolfdeals.com/go/189-ping-hoofer-lite-stand-bag/19692): Available in Blue. No code needed. Shipping is free

 

**GOLF BALLS**

~~$60~~ [$35 for 2x Dozen TaylorMade RBZ Distance Golf Balls](https://www.canadagolfdeals.com/go/35-for-2x-dozen-taylormade-rbz-distance-golf-balls/19694): Available in White. No code needed. Shipping is $9.99

 

**SHOES**

~~$130~~ [$90 New Balance Fresh Foam ROAV Golf Shoes](https://www.canadagolfdeals.com/90-new-balance-fresh-foam-roav-golf-shoes): Available in White/Navy, Sizes 8-11. No code needed. Shipping is free on orders $100+

 

**APPAREL**

~~$220~~ [$154 Peter Millar Men's Perth Birdseye Performance 1/4 Zip Pullover](https://www.canadagolfdeals.com/go/154-peter-millar-mens-perth-birdseye-performance-14-zip-pullover/19698): Available in Blue, Sizes M-2XL. No code needed. Shipping is free

~~$85~~ [$64 Under Armour Men's Playoff 3.0 Stripe Polo](https://www.canadagolfdeals.com/go/64-under-armour-mens-playoff-3-0-stripe-polo/19700): Available in multiple colors, Sizes S-2XL (availability and pricing may vary). No code needed. Shipping is free

 

**COURSES**

~~$89~~ [$49 for 2x Green Fees at Niagara Falls Golf Club ](https://www.canadagolfdeals.com/go/49-for-2x-green-fees-at-niagara-falls-golf-club/19696): Get 18 holes of golf at Niagara Falls Golf Club for 2 people. No code needed

 

**ACCESSORIES**

~~$50~~ [$20 Adidas Hydrophobic Tour Golf Hat](https://www.canadagolfdeals.com/20-adidas-hydrophobic-tour-golf-hat): Available in White. No code needed. Shipping is $9.99

 

**OTHER**

**Don’t miss another deal** - [Sign-up here](https://www.canadagolfdeals.com/) to get these posts via email twice a week (7:30am PT / 10:30am ET).

**Previous deals** - click [here](https://www.reddit.com/r/CanadaGolfDeals/comments/1g6hhn9/canadian_golf_deals_10182024/) in case you missed it

Note: I may earn commissions on these deals when you make a purchase. This income helps cover the costs involved in building scraping tools / identifying these deals.",23,1g9gpee,DailyGolfSteals,https://www.reddit.com/r/DailyGolfSteals/comments/1g9gpee/daily_golf_deals_canada_golf_deals_10222024/,3,2024-10-22 12:16:47,Reddit,"Your Tuesday daily deals. Sign-up to get these deals via email below. Leave a comment if there is anything you would like me to keep an eye out for.

**GOLF CLUBS**

~~$180~~ [$113 MINT TaylorMade Stealth Driving Iron](https://www.dailygolfsteals.com/go/113-mint-taylormade-stealth-driving-iron/18633): Available in RH, Stiff Flex, and 3H Loft. Use code GOLFER2024 at checkout. Shipping is free

~~$110~~ [$93 LIKE NEW LH Callaway Apex 21 Hybrid](https://www.dailygolfsteals.com/go/93-like-new-lh-callaway-apex-21-hybrid/18635): Available in LH, Regular Flex and 4H Loft. Available in RH, Regular Flex and 4H Loft ($107). No code needed. Shipping is $9.95

~~$300~~ [$250 NEW PowerBilt Pro Complete Golf Set](https://www.dailygolfsteals.com/go/250-new-powerbilt-pro-complete-golf-set/18653): 9-Piece Golf Set - Driver, 3W, 5H, 6-PW + Putter with a lightweight stand bag. No code needed. Shipping is free

 

**APPAREL**

~~$110~~ [$44 Adidas Ultimate365 Anorak ](https://www.dailygolfsteals.com/go/44-adidas-ultimate365-anorak/18637): Available in Black, Sizes S-XL. No code needed. Shipping is free on orders $100+

~~$85~~ [$37 Puma Men's Jackpot Golf Pants](https://www.dailygolfsteals.com/go/37-puma-mens-jackpot-golf-pants/18639): Available in 7 colors, Sizes 28-40"" (availability will vary based on color). Use code WWGWB15 at checkout. Shipping is $8.99

~~$140~~ [$23 for 2x Walter Hagen Men's Performance Golf Polos](https://www.dailygolfsteals.com/go/23-for-2x-walter-hagen-mens-performance-golf-polos/18645): Available in 3 colors, Sizes S-2XL (whilst stocks last). No code needed. Just add 2x to cart for discount. Shipping is free on orders $99+

~~$160~~ [$53 for 2x Adidas Ultimate365 Women's Frill Skort](https://www.dailygolfsteals.com/go/53-for-2x-adidas-ultimate365-womens-frill-skort/18649): Available in Black and White, Sizes S-XL. Perfect for your golfing girlfriend or sister. Simply add 2x to cart and use code GET30. Shipping is free with Adiclub or $5

 

**SITEWIDE**

[Adidas Sale - Buy any 2x items and Get 30% off](https://www.dailygolfsteals.com/go/adidas-sale-buy-any-2x-items-and-get-30-off/18641): Mix and match and save 30% on clothing and shoes. Use code GET30. Exclusions apply

 

**GOLF BAGS**

~~$250~~ [$61 Izzo Golf Versa Hybrid Stand Bag](https://www.dailygolfsteals.com/go/61-izzo-golf-versa-hybrid-stand-bag/18647): Available in 4 designs. 11 club dividers to keep clubs organized. No code needed. Shipping is free on orders $75+

 

**SHOES**

~~$90~~ [$63 New Balance Fresh Foam ROAV Spikeless Golf Shoes](https://www.dailygolfsteals.com/go/63-new-balance-fresh-foam-roav-spikeless-golf-shoes/18643): Available in Black/Grey, and Sizes 8-15. Use code GOLFER2024 at checkout. Shipping is free on orders $99+

 

**ACCESSORIES**

~~$35~~ [$24 Forearm Band for Golfers Elbow](https://www.dailygolfsteals.com/go/24-forearm-band-for-golfers-elbow/18651): Fits most adults. Non-invasive and perfect for everyday use. Apply coupon on product page. Shipping is free with Prime

 

**OTHER**

**Don't miss another deal** - [Sign-up here](https://dailygolfsteals.com/sign-up-to-get-deals-in-your-inbox-daily) to get these posts via email every day (7:30am PT / 10:30am ET).

**Monday's deals** - click [here](https://www.reddit.com/r/DailyGolfSteals/comments/1g8o5v5/daily_golf_deals_10212024/) in case you missed it

**DISCOUNT CODES:**

* Get up to 30% off TaylorMade Preowned clubs at [GlobalGolf.com](https://dailygolfsteals.com/go-store/globalgolf). No code needed. Use GOLFER2024 for 10% off anything else.
* Get 10% off at [JustGolfStuff.com](https://justgolfstuff.com/) with code GOLFSTUFF10. Exclusions apply.
* Get 15% off a single item at [WorldWideGolf.com](https://dailygolfsteals.com/go-store/worldwidegolfshops) with code WWGWB15 (exclusions apply)
* Use KOSTER15 at [Rhoback.com](https://www.rhoback.com) to get 15% off first-time orders
* Use HOLEINEONE at [RockBottomGolf.com](https://dailygolfsteals.com/go-store/rockbottomgolf) for $10 off $50
* Get 15% off used golf balls through month-end at [CleanGreenGolfBalls.com](https://dailygolfsteals.com/go/15-off-any-mint-quality-golf-balls-at-cleangreengolfballs-2/12087) with code CGGB15. Includes both low-end (e.g. [hit-away](https://cleangreengolfballs.com/products/100-recycled-hit-away-practice-golf-balls) and high-end balls (e.g. Mint AAAA+ [ProV1s](https://dailygolfsteals.com/go/20-1-dozen-titleist-pro-v1-mix-mint-condition-5a/12632), [TP5x](https://dailygolfsteals.com/go/21-1-dozen-taylormade-tp5x-mix-mint-condition-5a/12793))
* Veterans / First Responders (approximately 15% off across each): [Taylormade](https://www.taylormadegolf.com/idme), [PXG](https://www.pxg.com/en-us/heroes), [Dunlop brands - Srixon, Cleveland, XXIO](https://support.dunlopsports.com/hc/en-us/articles/360052054872-Military-Discounts), [Callaway](https://prf.hn/click/camref:1100ljyWz/ar:military/destination:https%3A%2F%2Fwww.callawaygolf.com%2Fmilitary-discount-program%2F), [Wilson](https://www.wilson.com/en-us/explore/military-discount) and [PING](https://ping.com/en-us/community/military-rebate) all offer discounts

 

**CANADIAN DEALS**

Your Tuesday Canadian deals. Sign-up to get these deals via email below. Leave a comment if there is anything you would like me to keep an eye out for. Click [here ](https://www.reddit.com/r/CanadaGolfDeals/)to join my Canada deals subreddit.

**GOLF CLUBS**

~~$250~~ [$212 MINT TaylorMade Spider GTX Black Putter ](https://www.canadagolfdeals.com/go/212-mint-taylormade-spider-gtx-black-putter/19688): Available in RH, and 35"" Length. No code needed. Shipping is free

 

**GOLF BAGS**

~~$340~~ [$189 PING Hoofer Lite Stand Bag](https://www.canadagolfdeals.com/go/189-ping-hoofer-lite-stand-bag/19692): Available in Blue. No code needed. Shipping is free

 

**GOLF BALLS**

~~$60~~ [$35 for 2x Dozen TaylorMade RBZ Distance Golf Balls](https://www.canadagolfdeals.com/go/35-for-2x-dozen-taylormade-rbz-distance-golf-balls/19694): Available in White. No code needed. Shipping is $9.99

 

**SHOES**

~~$130~~ [$90 New Balance Fresh Foam ROAV Golf Shoes](https://www.canadagolfdeals.com/90-new-balance-fresh-foam-roav-golf-shoes): Available in White/Navy, Sizes 8-11. No code needed. Shipping is free on orders $100+

 

**APPAREL**

~~$220~~ [$154 Peter Millar Men's Perth Birdseye Performance 1/4 Zip Pullover](https://www.canadagolfdeals.com/go/154-peter-millar-mens-perth-birdseye-performance-14-zip-pullover/19698): Available in Blue, Sizes M-2XL. No code needed. Shipping is free

~~$85~~ [$64 Under Armour Men's Playoff 3.0 Stripe Polo](https://www.canadagolfdeals.com/go/64-under-armour-mens-playoff-3-0-stripe-polo/19700): Available in multiple colors, Sizes S-2XL (availability and pricing may vary). No code needed. Shipping is free

 

**COURSES**

~~$89~~ [$49 for 2x Green Fees at Niagara Falls Golf Club ](https://www.canadagolfdeals.com/go/49-for-2x-green-fees-at-niagara-falls-golf-club/19696): Get 18 holes of golf at Niagara Falls Golf Club for 2 people. No code needed

 

**ACCESSORIES**

~~$50~~ [$20 Adidas Hydrophobic Tour Golf Hat](https://www.canadagolfdeals.com/20-adidas-hydrophobic-tour-golf-hat): Available in White. No code needed. Shipping is $9.99

 

**OTHER**

**Don’t miss another deal** - [Sign-up here](https://www.canadagolfdeals.com/) to get these posts via email twice a week (7:30am PT / 10:30am ET).

**Previous deals** - click [here](https://www.reddit.com/r/CanadaGolfDeals/comments/1g6hhn9/canadian_golf_deals_10182024/) in case you missed it

Note: I may earn commissions on these deals when you make a purchase. This income helps cover the costs involved in building scraping tools / identifying these deals.",tuesday daily deal sign get deal via email leave comment anything would like keep eye golf club 180 113 mint taylormade stealth driving iron available rh stiff flex 3h loft use code golfer2024 checkout shipping free 110 93 like new lh callaway apex 21 hybrid available lh regular flex 4h loft available rh regular flex 4h loft 107 code needed shipping 9 95 300 250 new powerbilt pro complete golf set 9 piece golf set driver 3w 5h 6 pw putter lightweight stand bag code needed shipping free apparel 110 44 adidas ultimate365 anorak available black size xl code needed shipping free order 100 85 37 puma men jackpot golf pant available 7 color size 28 40 availability vary based color use code wwgwb15 checkout shipping 8 99 140 23 2x walter hagen men performance golf polo available 3 color size 2xl whilst stock last code needed add 2x cart discount shipping free order 99 160 53 2x adidas ultimate365 woman frill skort available black white size xl perfect golfing girlfriend sister simply add 2x cart use code get30 shipping free adiclub 5 sitewide adidas sale buy 2x item get 30 mix match save 30 clothing shoe use code get30 exclusion apply golf bag 250 61 izzo golf versa hybrid stand bag available 4 design 11 club divider keep club organized code needed shipping free order 75 shoe 90 63 new balance fresh foam roav spikeless golf shoe available black grey size 8 15 use code golfer2024 checkout shipping free order 99 accessory 35 24 forearm band golfer elbow fit adult non invasive perfect everyday use apply coupon product page shipping free prime miss another deal sign get post via email every day 7 30am pt 10 30am et monday deal click case missed discount code get 30 taylormade preowned club globalgolf com code needed use golfer2024 10 anything else get 10 justgolfstuff com code golfstuff10 exclusion apply get 15 single item worldwidegolf com code wwgwb15 exclusion apply use koster15 rhoback com get 15 first time order use holeineone rockbottomgolf com 10 50 get 15 used golf ball month end cleangreengolfballs com code cggb15 includes low end e g hit away high end ball e g mint aaaa prov1s tp5x veteran first responder approximately 15 across taylormade pxg dunlop brand srixon cleveland xxio callaway wilson ping offer discount canadian deal tuesday canadian deal sign get deal via email leave comment anything would like keep eye click join canada deal subreddit golf club 250 212 mint taylormade spider gtx black putter available rh 35 length code needed shipping free golf bag 340 189 ping hoofer lite stand bag available blue code needed shipping free golf ball 60 35 2x dozen taylormade rbz distance golf ball available white code needed shipping 9 99 shoe 130 90 new balance fresh foam roav golf shoe available white navy size 8 11 code needed shipping free order 100 apparel 220 154 peter millar men perth birdseye performance 1 4 zip pullover available blue size 2xl code needed shipping free 85 64 armour men playoff 3 0 stripe polo available multiple color size 2xl availability pricing may vary code needed shipping free course 89 49 2x green fee niagara fall golf club get 18 hole golf niagara fall golf club 2 people code needed accessory 50 20 adidas hydrophobic tour golf hat available white code needed shipping 9 99 miss another deal sign get post via email twice week 7 30am pt 10 30am et previous deal click case missed note may earn commission deal make purchase income help cover cost involved building scraping tool identifying deal
"[ShopSimon] Puma Men's Club 5v5 Lux Shoes (Black or White) $27.99 + Free Shipping [Deal: $27.99, Actual: $70.00]",,2,1g5xtjh,RedditShoppingDeals,https://i.redd.it/ksnul3h31dvd1.jpeg,1,2024-10-17 18:30:09,Reddit,"[ShopSimon] Puma Men's Club 5v5 Lux Shoes (Black or White) $27.99 + Free Shipping [Deal: $27.99, Actual: $70.00]",shopsimon puma men club 5v5 lux shoe black white 27 99 free shipping deal 27 99 actual 70 00
Puma x Sparco Speedcat. Love driving in these. ,,33,1g3o518,moresneakers,https://i.redd.it/vqnobl6surud1.jpeg,0,2024-10-14 19:17:25,Reddit,Puma x Sparco Speedcat. Love driving in these. ,puma x sparco speedcat love driving
"Should the NFL get rid of the ""exclusive supplier"" for uniforms after Nike's contract ends in 2028?","Honestly the jersey's are boring... They've been boring for a while. Even college football is Nike dominant.

Take a leaf from soccer's book and allow teams to sign with a manufacturer themselves. Adidas, Puma, Under Armour, New Balance, Gymshark, even Reebok have been making a comeback in sports recently.

Needs some variety and fresh ideas.



",4,1g81bk3,NFLRoundTable,https://www.reddit.com/r/NFLRoundTable/comments/1g81bk3/should_the_nfl_get_rid_of_the_exclusive_supplier/,4,2024-10-20 15:30:30,Reddit,"Honestly the jersey's are boring... They've been boring for a while. Even college football is Nike dominant.

Take a leaf from soccer's book and allow teams to sign with a manufacturer themselves. Adidas, Puma, Under Armour, New Balance, Gymshark, even Reebok have been making a comeback in sports recently.

Needs some variety and fresh ideas.



",honestly jersey boring boring even college football nike dominant take leaf soccer book allow team sign manufacturer adidas puma armour new balance gymshark even reebok making comeback sport recently need variety fresh idea
"Puma June - My Body, My Problem (Official Music Video)",,2,1g4hmqi,NEWMUSICVIDEORELEASES,https://youtu.be/hxrzobxsyQg,0,2024-10-15 20:32:09,Reddit,"Puma June - My Body, My Problem (Official Music Video)",puma june body problem official music video
Hedgehog armor,"So this might upset a lot of people, quite frankly I feel like it should've been implimented ages ago. Hedgehog armor is anti-bomblet panels, which are located on top of the PUMA - im unsure about other vehicles inside war thunder currently if they have them too but why wont they model that. This would increase any vehicles survivability against CAS, (We all know how gaijin feels about CAS.). If you cant balance CAS in game, atleast make it more tolerable against them. They did rework penetration dynamics, this would've been smart to add with spall liners. Anti-Tank cluster munitions would be more survivable, as well as low caliber artillery. It has been proven successful against small explosive munitions as well.

https://preview.redd.it/emvwavzhnzvd1.png?width=1920&format=png&auto=webp&s=69462c37d4321421a174f03c32a658ba6d83da9b

https://preview.redd.it/8aty4n41nzvd1.png?width=565&format=png&auto=webp&s=c87f6d91517e9fd3812b4cca0fe3419d72e69468

https://preview.redd.it/xd820dh4mzvd1.png?width=640&format=png&auto=webp&s=6edf02e30381e0f31c955657da27b908ff2613aa

https://preview.redd.it/3eosian6mzvd1.png?width=1200&format=png&auto=webp&s=c2e8a10f8cb0f62f654ed2a61c2a8196d570f5c1

https://preview.redd.it/2q12ryihmzvd1.png?width=700&format=png&auto=webp&s=b90aa5120be4a6109a0a8b9c3e718321d389cb49

https://preview.redd.it/7ech84z1nzvd1.png?width=1800&format=png&auto=webp&s=095730403b7fcfbddc90c99cf719b2914db20eac

https://preview.redd.it/ef69ouj2nzvd1.png?width=565&format=png&auto=webp&s=10aed9ff4659f95887fc14d421cc58c08f214612

",12,1g8b16z,WarthunderPlayerUnion,https://www.reddit.com/r/WarthunderPlayerUnion/comments/1g8b16z/hedgehog_armor/,4,2024-10-20 22:35:06,Reddit,"So this might upset a lot of people, quite frankly I feel like it should've been implimented ages ago. Hedgehog armor is anti-bomblet panels, which are located on top of the PUMA - im unsure about other vehicles inside war thunder currently if they have them too but why wont they model that. This would increase any vehicles survivability against CAS, (We all know how gaijin feels about CAS.). If you cant balance CAS in game, atleast make it more tolerable against them. They did rework penetration dynamics, this would've been smart to add with spall liners. Anti-Tank cluster munitions would be more survivable, as well as low caliber artillery. It has been proven successful against small explosive munitions as well.

https://preview.redd.it/emvwavzhnzvd1.png?width=1920&format=png&auto=webp&s=69462c37d4321421a174f03c32a658ba6d83da9b

https://preview.redd.it/8aty4n41nzvd1.png?width=565&format=png&auto=webp&s=c87f6d91517e9fd3812b4cca0fe3419d72e69468

https://preview.redd.it/xd820dh4mzvd1.png?width=640&format=png&auto=webp&s=6edf02e30381e0f31c955657da27b908ff2613aa

https://preview.redd.it/3eosian6mzvd1.png?width=1200&format=png&auto=webp&s=c2e8a10f8cb0f62f654ed2a61c2a8196d570f5c1

https://preview.redd.it/2q12ryihmzvd1.png?width=700&format=png&auto=webp&s=b90aa5120be4a6109a0a8b9c3e718321d389cb49

https://preview.redd.it/7ech84z1nzvd1.png?width=1800&format=png&auto=webp&s=095730403b7fcfbddc90c99cf719b2914db20eac

https://preview.redd.it/ef69ouj2nzvd1.png?width=565&format=png&auto=webp&s=10aed9ff4659f95887fc14d421cc58c08f214612

",might upset lot people quite frankly feel like implimented age ago hedgehog armor anti bomblet panel located top puma im unsure vehicle inside war thunder currently wont model would increase vehicle survivability ca know gaijin feel ca cant balance ca game atleast make tolerable rework penetration dynamic would smart add spall liner anti tank cluster munition would survivable well low caliber artillery proven successful small explosive munition well
New shoes!,"Just got these a few days ago in myntra sale for about 2500. Was it a good price? 

Im starting my sneaker journey, i have a white puma sneakers, these (Nike SB Alleyyoop), H&M White High Top Sneakers, And a Flying Machine Black High Top Sneakers, along with a adidas (almost worn out) and campus sports shoes. 

I just wanted to share these here. 
Thank you. ",8,1g7xhmw,SneakersIndia,https://i.redd.it/auq4gi1gmwvd1.jpeg,2,2024-10-20 12:23:41,Reddit,"Just got these a few days ago in myntra sale for about 2500. Was it a good price? 

Im starting my sneaker journey, i have a white puma sneakers, these (Nike SB Alleyyoop), H&M White High Top Sneakers, And a Flying Machine Black High Top Sneakers, along with a adidas (almost worn out) and campus sports shoes. 

I just wanted to share these here. 
Thank you. ",got day ago myntra sale 2500 good price im starting sneaker journey white puma sneaker nike sb alleyyoop h white high top sneaker flying machine black high top sneaker along adidas almost worn campus sport shoe wanted share thank
created those monstrosity when making a gasa4 player fit without buying new items,,6,1g94xei,RobloxAvatars,https://i.redd.it/8grslpwk97wd1.jpeg,1,2024-10-22 00:11:08,Reddit,created those monstrosity when making a gasa4 player fit without buying new items,created monstrosity making gasa4 player fit without buying new item
Puma x Sparco Speedcat. Love driving in these. ,,18,1g3o8x1,Sneakers,https://i.redd.it/at8vjuvjvrud1.jpeg,7,2024-10-14 19:21:43,Reddit,Puma x Sparco Speedcat. Love driving in these. ,puma x sparco speedcat love driving
Did a Castrol inspired Puma👍,"Im terrible at taking photos but took these more to showcase the livery. 

Since I made an RS200 vintage Castrol livery a while ago, decided to make a mordern version on the Puma, inspired of course by Chris Ingrams and Meirion Evans' gorgeous Castrol Yaris Rally 2.
",40,1g7jwzi,EASPORTSWRC,https://www.reddit.com/gallery/1g7jwzi,1,2024-10-19 22:04:56,Reddit,"Im terrible at taking photos but took these more to showcase the livery. 

Since I made an RS200 vintage Castrol livery a while ago, decided to make a mordern version on the Puma, inspired of course by Chris Ingrams and Meirion Evans' gorgeous Castrol Yaris Rally 2.
",im terrible taking photo took showcase livery since made rs200 vintage castrol livery ago decided make mordern version puma inspired course chris ingrams meirion evans gorgeous castrol yaris rally 2
No era un jaguar pintado?,,11,1g80eta,repollitos_criptidos,https://i.redd.it/ubm0zfejcxvd1.png,2,2024-10-20 14:49:55,Reddit,No era un jaguar pintado?,era un jaguar pintado
Puma Velophasis Always On ,,23,1g2weiq,SneakersBrasil,https://www.reddit.com/gallery/1g2weiq,4,2024-10-13 18:34:00,Reddit,Puma Velophasis Always On ,puma velophasis always
first day in nyc fit,jkt: all saints. top: bagatelle. pants: rumored. shoes: puma.,36,1g78a0v,womensstreetwear,https://i.redd.it/0c2uyyk2npvd1.jpeg,2,2024-10-19 12:54:42,Reddit,jkt: all saints. top: bagatelle. pants: rumored. shoes: puma.,jkt saint top bagatelle pant rumored shoe puma
The verses remind me of Jason's post death experience in a way; Song - Puma by TXT,"(**The song is originally in Korean, these are the translated lyrics so the rhyme scheme may look odd!) 
(Got the idea to post my own take after seeing 1-2 fellow subredditors) ",8,1g4w2a8,RedHood,https://www.reddit.com/gallery/1g4w2a8,0,2024-10-16 10:21:48,Reddit,"(**The song is originally in Korean, these are the translated lyrics so the rhyme scheme may look odd!) 
(Got the idea to post my own take after seeing 1-2 fellow subredditors) ",song originally korean translated lyric rhyme scheme may look odd got idea post take seeing 1 2 fellow subredditors
Puma pepper hot sauce 🥵,"Puma peppers, purple carrots, garlic and onion. ",55,1g2ttpc,HotPeppers,https://www.reddit.com/gallery/1g2ttpc,19,2024-10-13 16:40:12,Reddit,"Puma peppers, purple carrots, garlic and onion. ",puma pepper purple carrot garlic onion
"Hot Finds - Oct 22, 2024"," **If you see something I still need to post, please post it below.** 

&#x200B;

&#x200B;

&#x200B;

Nike KD 17 Easy Money Sniper

 [https://www.deadstock.ca/products/nike-kd-17-black-bright-crimson-vintage-green](https://www.deadstock.ca/products/nike-kd-17-black-bright-crimson-vintage-green)

[https://www.footlocker.ca/en/product/nike-kd-17-mens/21193980.html](https://www.footlocker.ca/en/product/nike-kd-17-mens/21193980.html)

[https://size.ca/products/nike-kd17-black-bright-crimson-vintage-green](https://size.ca/products/nike-kd17-black-bright-crimson-vintage-green)

&#x200B;

New Balance 1906U Bricks & Wood Echoes of a Butterfly

[https://www.deadstock.ca/products/new-balance-x-bricks-wood-1906n](https://www.deadstock.ca/products/new-balance-x-bricks-wood-1906n)

&#x200B;

Nike Air Max 95 Unearthed - Restock

[https://www.nike.com/ca/launch/t/air-max-95-unearthed-emea](https://www.nike.com/ca/launch/t/air-max-95-unearthed-emea)

&#x200B;

Nike Air Max 2 CB '94 Cool Grey White

[https://www.qlassic.ca/collections/shoes-1/products/air-max2-cb-94](https://www.qlassic.ca/collections/shoes-1/products/air-max2-cb-94)

[https://www.bbbranded.com/collections/release-calendar/products/m-air-max2-cb-94-305440-005](https://www.bbbranded.com/collections/release-calendar/products/m-air-max2-cb-94-305440-005)

[https://www.courtsidesneakers.com/collections/new-releases/products/nike-air-max-cb2-94-cool-grey](https://www.courtsidesneakers.com/collections/new-releases/products/nike-air-max-cb2-94-cool-grey)

&#x200B;

Nike Air Max 2 CB '94 Black and Grey

[https://www.bbbranded.com/collections/release-calendar/products/m-air-dt-max-96-hq3620-010](https://www.bbbranded.com/collections/release-calendar/products/m-air-dt-max-96-hq3620-010)

&#x200B;

Salomon XT [Pu.Re](https://Pu.Re) Advanced Black Phantom

[https://havenshop.com/products/salomon-advanced-xt-pu-re-advanced-black-black-phantom-black-fw24](https://havenshop.com/products/salomon-advanced-xt-pu-re-advanced-black-black-phantom-black-fw24)

&#x200B;

ASICS Gel-NYC Pleasures

[https://www.capsuletoronto.com/collections/new-arrivals/products/pleasures-nyc-gel-nyc-barely-rose-1203a622-700?variant=40603906670627](https://www.capsuletoronto.com/collections/new-arrivals/products/pleasures-nyc-gel-nyc-barely-rose-1203a622-700?variant=40603906670627)

[https://nomadshop.net/products/pleasures-gel-nyc-1203a622-700-barely-rose-lavender-glow](https://nomadshop.net/products/pleasures-gel-nyc-1203a622-700-barely-rose-lavender-glow)

&#x200B;

Nike Dunk Low Biker Tattoos

[https://sneakerboxshop.ca/collections/footwear/products/nike-dunk-low-retro-ltd-fz3057-001-biker-tattoos](https://sneakerboxshop.ca/collections/footwear/products/nike-dunk-low-retro-ltd-fz3057-001-biker-tattoos)

&#x200B;

Jordan 1 Retro Low OG Howard University

[https://www.footlocker.ca/en/product/jordan-aj-1-low-v2-mens/41299301.html](https://www.footlocker.ca/en/product/jordan-aj-1-low-v2-mens/41299301.html)

&#x200B;

New Balance 860v2 Comme des Garcons Homme Grey

[https://www.rooneyshop.com/collections/footwear/products/comme-des-garcons-homme-cdg-homme-new-balance-860-grey-grey](https://www.rooneyshop.com/collections/footwear/products/comme-des-garcons-homme-cdg-homme-new-balance-860-grey-grey)

&#x200B;

New Balance 860v2 Comme des Garcons Homme Black White

[https://www.rooneyshop.com/collections/footwear/products/comme-des-garcons-homme-cdg-homme-new-balance-860-black-grey](https://www.rooneyshop.com/collections/footwear/products/comme-des-garcons-homme-cdg-homme-new-balance-860-black-grey)

&#x200B;

New Balance 990v4 MiUSA Macadamia Nut

[https://www.newbalance.ca/en\_ca/pd/made-in-usa-990v4/U990V4-46745.html](https://www.newbalance.ca/en_ca/pd/made-in-usa-990v4/U990V4-46745.html)

&#x200B;

adidas Samba Dingyun Zhang White Vapour

[https://ca.kith.com/collections/mens-footwear/products/aaif9703?\_pos=1&\_fid=7cd4fc31c&\_ss=c&variant=45125619810432](https://ca.kith.com/collections/mens-footwear/products/aaif9703?_pos=1&_fid=7cd4fc31c&_ss=c&variant=45125619810432)

&#x200B;

Puma Avanti VL Fenty Warm White

[https://ca.kith.com/collections/mens-footwear/products/pu398672-02?\_pos=1&\_fid=5e0bed354&\_ss=c&variant=45125618827392](https://ca.kith.com/collections/mens-footwear/products/pu398672-02?_pos=1&_fid=5e0bed354&_ss=c&variant=45125618827392)

&#x200B;

Puma Avanti VL Fenty Club Red

[https://ca.kith.com/collections/mens-footwear/products/pu398352-03?\_pos=2&\_fid=5e0bed354&\_ss=c&variant=45125617844352](https://ca.kith.com/collections/mens-footwear/products/pu398352-03?_pos=2&_fid=5e0bed354&_ss=c&variant=45125617844352)

&#x200B;

Nike Air Max 90 Smoke Grey Fire Red

[https://btqlace.com/collections/chaussures/products/nike-air-max-90-smoke-grey-fire-red?variant=46261070725349](https://btqlace.com/collections/chaussures/products/nike-air-max-90-smoke-grey-fire-red?variant=46261070725349)

&#x200B;

Jordan 1 Low Black Toe Medium Olive

[https://www.champssports.ca/en/product/jordan-aj-1-low-mens/41558092.html](https://www.champssports.ca/en/product/jordan-aj-1-low-mens/41558092.html)

&#x200B;

Jordan 1 Low Iron Grey

[https://www.champssports.ca/en/product/jordan-aj-1-low-mens/41558152.html](https://www.champssports.ca/en/product/jordan-aj-1-low-mens/41558152.html)

&#x200B;

Nike SB Dunk Low Light Carbon Monarch

[https://www.nike.com/ca/launch/t/nike-sb-dunk-low-pro-light-carbon-and-monarch](https://www.nike.com/ca/launch/t/nike-sb-dunk-low-pro-light-carbon-and-monarch)

&#x200B;

Nike SB Dunk Low City of Cinema

[https://dimemtl.com/products/nike-sb-dunk-low-pro-9](https://dimemtl.com/products/nike-sb-dunk-low-pro-9)

&#x200B;

Nike SB Dunk Low Light Carbon Monarch

[https://dimemtl.com/products/nike-sb-dunk-low-pro-10](https://dimemtl.com/products/nike-sb-dunk-low-pro-10)

&#x200B;

Nike SB Dunk Low Pro White Gum

[https://www.nike.com/ca/launch/t/nike-sb-dunk-low-white-and-gum-light-brown-emea](https://www.nike.com/ca/launch/t/nike-sb-dunk-low-white-and-gum-light-brown-emea)

&#x200B;

Nike SB Dunk Low Escargot

[https://proskates.com/collections/nike/products/nike-sb-dunk-low-pro-shoe-sesamemetallic-silverpear-fir](https://proskates.com/collections/nike/products/nike-sb-dunk-low-pro-shoe-sesamemetallic-silverpear-fir)

[https://tikiroomskateboards.com/products/nike-sb-dunk-low-pro-sesame-metallic-silver-pear-fir-fq7585-200?\_pos=1&\_fid=524253014&\_ss=c&variant=45676443795681](https://tikiroomskateboards.com/products/nike-sb-dunk-low-pro-sesame-metallic-silver-pear-fir-fq7585-200?_pos=1&_fid=524253014&_ss=c&variant=45676443795681)

[https://www.sourceboards.com/products/nike-sb-dunk-low-pro-sesame-metallic-silver-pear-fir?variant=40910055145552](https://www.sourceboards.com/products/nike-sb-dunk-low-pro-sesame-metallic-silver-pear-fir?variant=40910055145552)

&#x200B;

Nike SB Dunk Low Hyper Royal Malachite

[https://www.nike.com/ca/t/sb-dunk-low-pro-skate-shoes-c2SKgC/HF3704-00](https://www.nike.com/ca/t/sb-dunk-low-pro-skate-shoes-c2SKgC/HF3704-001)

&#x200B;

Nike SB Dunk Low Electric Pack Olympic Safari

[https://www.nike.com/ca/t/sb-dunk-low-pro-electric-skate-shoes-vv8vmJ/FZ1233-002](https://www.nike.com/ca/t/sb-dunk-low-pro-electric-skate-shoes-vv8vmJ/FZ1233-002)

[https://www.adriftshop.com/products/nike-sb-dunk-low-pro-electric-phantom-black-black-monarch](https://www.adriftshop.com/products/nike-sb-dunk-low-pro-electric-phantom-black-black-monarch)

[https://exoshop.com/collections/mens-shoes/products/olympic-safari-dunk-low-phantom-black-black-monarch](https://exoshop.com/collections/mens-shoes/products/olympic-safari-dunk-low-phantom-black-black-monarch)

[https://tikiroomskateboards.com/products/nike-sb-dunk-low-pro-electric-phantom-black-black-monarch-fz1233-002?\_pos=11&\_fid=524253014&\_ss=c](https://tikiroomskateboards.com/products/nike-sb-dunk-low-pro-electric-phantom-black-black-monarch-fz1233-002?_pos=11&_fid=524253014&_ss=c)

&#x200B;

Nike SB Dunk Low Classic Green

[https://www.nike.com/ca/t/sb-dunk-low-pro-skate-shoe-Q8p8S6/BQ6817-302](https://www.nike.com/ca/t/sb-dunk-low-pro-skate-shoe-Q8p8S6/BQ6817-302)

&#x200B;

Nike SB Dunk Low Pro Black Gum

[https://www.nike.com/ca/launch/t/nike-sb-dunk-low-black-and-gum-light-brown-emea](https://www.nike.com/ca/launch/t/nike-sb-dunk-low-black-and-gum-light-brown-emea)

[https://menuskateshop.com/collections/nike-sb/products/nike-sb-dunk-low-pro-black-white-black-gum-lt-brown](https://menuskateshop.com/collections/nike-sb/products/nike-sb-dunk-low-pro-black-white-black-gum-lt-brown)

&#x200B;

Nike SB Dunk Low Trocadéro Gardens

[https://www.nike.com/ca/t/sb-dunk-low-pro-skate-shoes-7PzPVb/FV5926-200](https://www.nike.com/ca/t/sb-dunk-low-pro-skate-shoes-7PzPVb/FV5926-200)

&#x200B;

Nike SB Dunk Low Burnt Sunrise

[https://www.nike.com/ca/t/sb-dunk-low-pro-skate-shoes-c2SKgC/HF3704-800](https://www.nike.com/ca/t/sb-dunk-low-pro-skate-shoes-c2SKgC/HF3704-800)

[https://www.adriftshop.com/products/nike-sb-dunk-low-pro-burnt-sunrise-vintage-green](https://www.adriftshop.com/products/nike-sb-dunk-low-pro-burnt-sunrise-vintage-green)

&#x200B;

&#x200B;

&#x200B;

&#x200B;

 

**Follow us on Instagram for more sneaker raffle and release information**

[**https://www.instagram.com/canadiansneakernut**](https://www.instagram.com/canadiansneakernut)

&#x200B;

&#x200B;",19,1g9e1b0,CanadianSneakerNut,https://www.reddit.com/r/CanadianSneakerNut/comments/1g9e1b0/hot_finds_oct_22_2024/,7,2024-10-22 09:27:06,Reddit," **If you see something I still need to post, please post it below.** 

&#x200B;

&#x200B;

&#x200B;

Nike KD 17 Easy Money Sniper

 [https://www.deadstock.ca/products/nike-kd-17-black-bright-crimson-vintage-green](https://www.deadstock.ca/products/nike-kd-17-black-bright-crimson-vintage-green)

[https://www.footlocker.ca/en/product/nike-kd-17-mens/21193980.html](https://www.footlocker.ca/en/product/nike-kd-17-mens/21193980.html)

[https://size.ca/products/nike-kd17-black-bright-crimson-vintage-green](https://size.ca/products/nike-kd17-black-bright-crimson-vintage-green)

&#x200B;

New Balance 1906U Bricks & Wood Echoes of a Butterfly

[https://www.deadstock.ca/products/new-balance-x-bricks-wood-1906n](https://www.deadstock.ca/products/new-balance-x-bricks-wood-1906n)

&#x200B;

Nike Air Max 95 Unearthed - Restock

[https://www.nike.com/ca/launch/t/air-max-95-unearthed-emea](https://www.nike.com/ca/launch/t/air-max-95-unearthed-emea)

&#x200B;

Nike Air Max 2 CB '94 Cool Grey White

[https://www.qlassic.ca/collections/shoes-1/products/air-max2-cb-94](https://www.qlassic.ca/collections/shoes-1/products/air-max2-cb-94)

[https://www.bbbranded.com/collections/release-calendar/products/m-air-max2-cb-94-305440-005](https://www.bbbranded.com/collections/release-calendar/products/m-air-max2-cb-94-305440-005)

[https://www.courtsidesneakers.com/collections/new-releases/products/nike-air-max-cb2-94-cool-grey](https://www.courtsidesneakers.com/collections/new-releases/products/nike-air-max-cb2-94-cool-grey)

&#x200B;

Nike Air Max 2 CB '94 Black and Grey

[https://www.bbbranded.com/collections/release-calendar/products/m-air-dt-max-96-hq3620-010](https://www.bbbranded.com/collections/release-calendar/products/m-air-dt-max-96-hq3620-010)

&#x200B;

Salomon XT [Pu.Re](https://Pu.Re) Advanced Black Phantom

[https://havenshop.com/products/salomon-advanced-xt-pu-re-advanced-black-black-phantom-black-fw24](https://havenshop.com/products/salomon-advanced-xt-pu-re-advanced-black-black-phantom-black-fw24)

&#x200B;

ASICS Gel-NYC Pleasures

[https://www.capsuletoronto.com/collections/new-arrivals/products/pleasures-nyc-gel-nyc-barely-rose-1203a622-700?variant=40603906670627](https://www.capsuletoronto.com/collections/new-arrivals/products/pleasures-nyc-gel-nyc-barely-rose-1203a622-700?variant=40603906670627)

[https://nomadshop.net/products/pleasures-gel-nyc-1203a622-700-barely-rose-lavender-glow](https://nomadshop.net/products/pleasures-gel-nyc-1203a622-700-barely-rose-lavender-glow)

&#x200B;

Nike Dunk Low Biker Tattoos

[https://sneakerboxshop.ca/collections/footwear/products/nike-dunk-low-retro-ltd-fz3057-001-biker-tattoos](https://sneakerboxshop.ca/collections/footwear/products/nike-dunk-low-retro-ltd-fz3057-001-biker-tattoos)

&#x200B;

Jordan 1 Retro Low OG Howard University

[https://www.footlocker.ca/en/product/jordan-aj-1-low-v2-mens/41299301.html](https://www.footlocker.ca/en/product/jordan-aj-1-low-v2-mens/41299301.html)

&#x200B;

New Balance 860v2 Comme des Garcons Homme Grey

[https://www.rooneyshop.com/collections/footwear/products/comme-des-garcons-homme-cdg-homme-new-balance-860-grey-grey](https://www.rooneyshop.com/collections/footwear/products/comme-des-garcons-homme-cdg-homme-new-balance-860-grey-grey)

&#x200B;

New Balance 860v2 Comme des Garcons Homme Black White

[https://www.rooneyshop.com/collections/footwear/products/comme-des-garcons-homme-cdg-homme-new-balance-860-black-grey](https://www.rooneyshop.com/collections/footwear/products/comme-des-garcons-homme-cdg-homme-new-balance-860-black-grey)

&#x200B;

New Balance 990v4 MiUSA Macadamia Nut

[https://www.newbalance.ca/en\_ca/pd/made-in-usa-990v4/U990V4-46745.html](https://www.newbalance.ca/en_ca/pd/made-in-usa-990v4/U990V4-46745.html)

&#x200B;

adidas Samba Dingyun Zhang White Vapour

[https://ca.kith.com/collections/mens-footwear/products/aaif9703?\_pos=1&\_fid=7cd4fc31c&\_ss=c&variant=45125619810432](https://ca.kith.com/collections/mens-footwear/products/aaif9703?_pos=1&_fid=7cd4fc31c&_ss=c&variant=45125619810432)

&#x200B;

Puma Avanti VL Fenty Warm White

[https://ca.kith.com/collections/mens-footwear/products/pu398672-02?\_pos=1&\_fid=5e0bed354&\_ss=c&variant=45125618827392](https://ca.kith.com/collections/mens-footwear/products/pu398672-02?_pos=1&_fid=5e0bed354&_ss=c&variant=45125618827392)

&#x200B;

Puma Avanti VL Fenty Club Red

[https://ca.kith.com/collections/mens-footwear/products/pu398352-03?\_pos=2&\_fid=5e0bed354&\_ss=c&variant=45125617844352](https://ca.kith.com/collections/mens-footwear/products/pu398352-03?_pos=2&_fid=5e0bed354&_ss=c&variant=45125617844352)

&#x200B;

Nike Air Max 90 Smoke Grey Fire Red

[https://btqlace.com/collections/chaussures/products/nike-air-max-90-smoke-grey-fire-red?variant=46261070725349](https://btqlace.com/collections/chaussures/products/nike-air-max-90-smoke-grey-fire-red?variant=46261070725349)

&#x200B;

Jordan 1 Low Black Toe Medium Olive

[https://www.champssports.ca/en/product/jordan-aj-1-low-mens/41558092.html](https://www.champssports.ca/en/product/jordan-aj-1-low-mens/41558092.html)

&#x200B;

Jordan 1 Low Iron Grey

[https://www.champssports.ca/en/product/jordan-aj-1-low-mens/41558152.html](https://www.champssports.ca/en/product/jordan-aj-1-low-mens/41558152.html)

&#x200B;

Nike SB Dunk Low Light Carbon Monarch

[https://www.nike.com/ca/launch/t/nike-sb-dunk-low-pro-light-carbon-and-monarch](https://www.nike.com/ca/launch/t/nike-sb-dunk-low-pro-light-carbon-and-monarch)

&#x200B;

Nike SB Dunk Low City of Cinema

[https://dimemtl.com/products/nike-sb-dunk-low-pro-9](https://dimemtl.com/products/nike-sb-dunk-low-pro-9)

&#x200B;

Nike SB Dunk Low Light Carbon Monarch

[https://dimemtl.com/products/nike-sb-dunk-low-pro-10](https://dimemtl.com/products/nike-sb-dunk-low-pro-10)

&#x200B;

Nike SB Dunk Low Pro White Gum

[https://www.nike.com/ca/launch/t/nike-sb-dunk-low-white-and-gum-light-brown-emea](https://www.nike.com/ca/launch/t/nike-sb-dunk-low-white-and-gum-light-brown-emea)

&#x200B;

Nike SB Dunk Low Escargot

[https://proskates.com/collections/nike/products/nike-sb-dunk-low-pro-shoe-sesamemetallic-silverpear-fir](https://proskates.com/collections/nike/products/nike-sb-dunk-low-pro-shoe-sesamemetallic-silverpear-fir)

[https://tikiroomskateboards.com/products/nike-sb-dunk-low-pro-sesame-metallic-silver-pear-fir-fq7585-200?\_pos=1&\_fid=524253014&\_ss=c&variant=45676443795681](https://tikiroomskateboards.com/products/nike-sb-dunk-low-pro-sesame-metallic-silver-pear-fir-fq7585-200?_pos=1&_fid=524253014&_ss=c&variant=45676443795681)

[https://www.sourceboards.com/products/nike-sb-dunk-low-pro-sesame-metallic-silver-pear-fir?variant=40910055145552](https://www.sourceboards.com/products/nike-sb-dunk-low-pro-sesame-metallic-silver-pear-fir?variant=40910055145552)

&#x200B;

Nike SB Dunk Low Hyper Royal Malachite

[https://www.nike.com/ca/t/sb-dunk-low-pro-skate-shoes-c2SKgC/HF3704-00](https://www.nike.com/ca/t/sb-dunk-low-pro-skate-shoes-c2SKgC/HF3704-001)

&#x200B;

Nike SB Dunk Low Electric Pack Olympic Safari

[https://www.nike.com/ca/t/sb-dunk-low-pro-electric-skate-shoes-vv8vmJ/FZ1233-002](https://www.nike.com/ca/t/sb-dunk-low-pro-electric-skate-shoes-vv8vmJ/FZ1233-002)

[https://www.adriftshop.com/products/nike-sb-dunk-low-pro-electric-phantom-black-black-monarch](https://www.adriftshop.com/products/nike-sb-dunk-low-pro-electric-phantom-black-black-monarch)

[https://exoshop.com/collections/mens-shoes/products/olympic-safari-dunk-low-phantom-black-black-monarch](https://exoshop.com/collections/mens-shoes/products/olympic-safari-dunk-low-phantom-black-black-monarch)

[https://tikiroomskateboards.com/products/nike-sb-dunk-low-pro-electric-phantom-black-black-monarch-fz1233-002?\_pos=11&\_fid=524253014&\_ss=c](https://tikiroomskateboards.com/products/nike-sb-dunk-low-pro-electric-phantom-black-black-monarch-fz1233-002?_pos=11&_fid=524253014&_ss=c)

&#x200B;

Nike SB Dunk Low Classic Green

[https://www.nike.com/ca/t/sb-dunk-low-pro-skate-shoe-Q8p8S6/BQ6817-302](https://www.nike.com/ca/t/sb-dunk-low-pro-skate-shoe-Q8p8S6/BQ6817-302)

&#x200B;

Nike SB Dunk Low Pro Black Gum

[https://www.nike.com/ca/launch/t/nike-sb-dunk-low-black-and-gum-light-brown-emea](https://www.nike.com/ca/launch/t/nike-sb-dunk-low-black-and-gum-light-brown-emea)

[https://menuskateshop.com/collections/nike-sb/products/nike-sb-dunk-low-pro-black-white-black-gum-lt-brown](https://menuskateshop.com/collections/nike-sb/products/nike-sb-dunk-low-pro-black-white-black-gum-lt-brown)

&#x200B;

Nike SB Dunk Low Trocadéro Gardens

[https://www.nike.com/ca/t/sb-dunk-low-pro-skate-shoes-7PzPVb/FV5926-200](https://www.nike.com/ca/t/sb-dunk-low-pro-skate-shoes-7PzPVb/FV5926-200)

&#x200B;

Nike SB Dunk Low Burnt Sunrise

[https://www.nike.com/ca/t/sb-dunk-low-pro-skate-shoes-c2SKgC/HF3704-800](https://www.nike.com/ca/t/sb-dunk-low-pro-skate-shoes-c2SKgC/HF3704-800)

[https://www.adriftshop.com/products/nike-sb-dunk-low-pro-burnt-sunrise-vintage-green](https://www.adriftshop.com/products/nike-sb-dunk-low-pro-burnt-sunrise-vintage-green)

&#x200B;

&#x200B;

&#x200B;

&#x200B;

 

**Follow us on Instagram for more sneaker raffle and release information**

[**https://www.instagram.com/canadiansneakernut**](https://www.instagram.com/canadiansneakernut)

&#x200B;

&#x200B;",see something still need post please post x200b x200b x200b nike kd 17 easy money sniper x200b new balance 1906u brick wood echo butterfly x200b nike air max 95 unearthed restock x200b nike air max 2 cb 94 cool grey white x200b nike air max 2 cb 94 black grey x200b salomon xt pu advanced black phantom x200b asics gel nyc pleasure x200b nike dunk low biker tattoo x200b jordan 1 retro low og howard university x200b new balance 860v2 comme de garcons homme grey x200b new balance 860v2 comme de garcons homme black white x200b new balance 990v4 miusa macadamia nut x200b adidas samba dingyun zhang white vapour x200b puma avanti vl fenty warm white x200b puma avanti vl fenty club red x200b nike air max 90 smoke grey fire red x200b jordan 1 low black toe medium olive x200b jordan 1 low iron grey x200b nike sb dunk low light carbon monarch x200b nike sb dunk low city cinema x200b nike sb dunk low light carbon monarch x200b nike sb dunk low pro white gum x200b nike sb dunk low escargot x200b nike sb dunk low hyper royal malachite x200b nike sb dunk low electric pack olympic safari x200b nike sb dunk low classic green x200b nike sb dunk low pro black gum x200b nike sb dunk low trocadéro garden x200b nike sb dunk low burnt sunrise x200b x200b x200b x200b follow u instagram sneaker raffle release information x200b x200b
The callousness of dog owners,"They don't care about other animals. I went to a beach and there was a guy siccing his dog on seagulls. And this is not the first time I witness something like this. Dog owners love when their dogs kill other animals, and they say it's nature. ""Oh well, it's nature."" But when their dogs kill people, is it nature too? What kind of stupid argument is that? And when their dogs get eaten by crocodiles or by pumas? Why don't they say, ""Oh well, it's nature."" 

And there are a LOT of dog owners like that, especially men with small penises that get super big and super aggressive dogs and they brag about their dogs killing other animals. 

Also, everyone loves to hate on small dogs, especially chihuahuas. I don't care. I'm not concerned about chihuahuas so let's stop pretending that chihuahuas are the most aggressive ones or that they are the problem. I'm concerned about bigger dogs that are always left off-leash harassing or killing other animals, and attacking people. In my neighborhood, people have stopped going for walks because of the stupid dog owners that have to ruin it for everybody. 



",145,1g7vmfl,Dogfree,https://www.reddit.com/r/Dogfree/comments/1g7vmfl/the_callousness_of_dog_owners/,32,2024-10-20 10:22:28,Reddit,"They don't care about other animals. I went to a beach and there was a guy siccing his dog on seagulls. And this is not the first time I witness something like this. Dog owners love when their dogs kill other animals, and they say it's nature. ""Oh well, it's nature."" But when their dogs kill people, is it nature too? What kind of stupid argument is that? And when their dogs get eaten by crocodiles or by pumas? Why don't they say, ""Oh well, it's nature."" 

And there are a LOT of dog owners like that, especially men with small penises that get super big and super aggressive dogs and they brag about their dogs killing other animals. 

Also, everyone loves to hate on small dogs, especially chihuahuas. I don't care. I'm not concerned about chihuahuas so let's stop pretending that chihuahuas are the most aggressive ones or that they are the problem. I'm concerned about bigger dogs that are always left off-leash harassing or killing other animals, and attacking people. In my neighborhood, people have stopped going for walks because of the stupid dog owners that have to ruin it for everybody. 



",care animal went beach guy siccing dog seagull first time witness something like dog owner love dog kill animal say nature oh well nature dog kill people nature kind stupid argument dog get eaten crocodile puma say oh well nature lot dog owner like especially men small penis get super big super aggressive dog brag dog killing animal also everyone love hate small dog especially chihuahua care concerned chihuahua let stop pretending chihuahua aggressive one problem concerned bigger dog always left leash harassing killing animal attacking people neighborhood people stopped going walk stupid dog owner ruin everybody
Evidence for the puma being over-tiered and lackluster (in my opinion),"I did entirely too much research on contemporary counterparts (9.3-10.7) to the Puma and their BR and combat abilities for anther post and figured it deserved its own.

I will break them down by general type and then list stats as follows: vehicle(current BR, max. Penetration of its best round, ATGMs if present, proxy rounds if present, and crew layout (traditional vs. remote). Starting with the PUMA for comparison: Puma (10.3, 121mm APFSDS, AHEAD proxy (single worst proxy round in the game), remote).

 IFVs with ATGMS: M3a3 Bradley (10.0, 101mm APFSDS, 2x tow-2 ATGM, traditional), Begleitpanzer 57(9.3, 137mm APCBC, 1x I-TOW ATGM, HE-VT proxy, remote (more or less)), Vilkas (10.7, 116mm APFSDS, 2x Spike-LR II ATGM, remote), BMP-2M(10.3, 102mm APFSDS, 4x 9M133 ATGM, 9M133FM-3 proxy ATGM, traditional), Desert Warror (10.0, 92mm APFSDS, 2x TOW-2 A/B ATGM, traditional), ZBD04A (10.0, 102mm APFSDS, 1x APS03 ATGM, traditional), QN506 (10.0, 102mm APFSDS, x20 QN201DD and 4x QN502CDD ATGMs, remote) Dardo (10.0, 92mm APFSDS, 2x TOW-2A/B ATGM, traditional), VCC-80 (10.0, 116mm APFSDS, 2x TOW-2A/B ATGM, traditional), Freccia (10.7, 92mm APFSDS, 2x Spike-LR II ATGM, traditional), STRF 9040A BILL (10.3, 143mm APFSDS, 2x RB 56 BILL II ATGM, HE proxy, traditional), and finally the Namer 30 (10.7, 116mm APFSDS, 2x Spike-LR II ATGM, remote).

Auto cannon IFVs without ATGMs: 2s38 (10.3, 225mm APFSDS, HE proxy, remote), CTWV RCV (9.7, 116mm APFSDS, traditional), VBC(PT2) (9.3, 92mm APDSDS, traditional), VBCI-2(MCT30) (9.7, 116mm APFSDS, traditional), CV9035NL (9.7, 131mm APFSDS, traditional), CV9030FIN (9.3, 116mm APFSDS, traditional), STRF 9040B (9.7, 143mm APFSDS, HE proxy, traditional), CV 9035DK (9.7, 131mm APFSDS, traditional), and finally, the Strf 9040C (10.3, 170mm APFSDS, HE proxy, traditional) 

At least looking at the raw capabilities, the puma is blatantly outperformed by nearly all auto-cannon light vehicles in the game currently. Most of the vehicles that are generally worse in terms of combat ability (at least I think) are the CV 9030/9035 variants and wheeled vehicles such as the the CRWR RCV and VBC(PT2) and are all notably at 9.7 or lower. Arguments can be made that vehicles like the 9040 series (except for the A) are as bad or worse than the puma given they have many of the same drawbacks and a less survivable layout but still get 20-50mm more pen than the puma. Almost every light vehicle (with the exception of some above) that has less penetration than the puma gets ATGMs and some that have more like the 9040A still get them anyways. I tried my best to list every light vehicle in the game but may have missed some anyways so forgive any discrepancies. I’m also not saying that the puma is useless or can’t be effective if used right, just that it is over-tiered for its abilities and generally inferior to most of its counterparts. Idk what gijin was thinking further raising its BR but I think it is a massive mistake and ideally the original version should be lowered in BR or removed entirely in favor of the VJTF version with spikes (also at a slightly lower BR) as its makes the base version redundant. I’m totally open to dissenting opinions and other points of view so let me know what you think below. (On mobile so forgive any spelling/ grammar errors).",3,1g4fwnj,Warthunder,https://i.redd.it/nvgajb5zzyud1.jpeg,14,2024-10-15 19:18:55,Reddit,"I did entirely too much research on contemporary counterparts (9.3-10.7) to the Puma and their BR and combat abilities for anther post and figured it deserved its own.

I will break them down by general type and then list stats as follows: vehicle(current BR, max. Penetration of its best round, ATGMs if present, proxy rounds if present, and crew layout (traditional vs. remote). Starting with the PUMA for comparison: Puma (10.3, 121mm APFSDS, AHEAD proxy (single worst proxy round in the game), remote).

 IFVs with ATGMS: M3a3 Bradley (10.0, 101mm APFSDS, 2x tow-2 ATGM, traditional), Begleitpanzer 57(9.3, 137mm APCBC, 1x I-TOW ATGM, HE-VT proxy, remote (more or less)), Vilkas (10.7, 116mm APFSDS, 2x Spike-LR II ATGM, remote), BMP-2M(10.3, 102mm APFSDS, 4x 9M133 ATGM, 9M133FM-3 proxy ATGM, traditional), Desert Warror (10.0, 92mm APFSDS, 2x TOW-2 A/B ATGM, traditional), ZBD04A (10.0, 102mm APFSDS, 1x APS03 ATGM, traditional), QN506 (10.0, 102mm APFSDS, x20 QN201DD and 4x QN502CDD ATGMs, remote) Dardo (10.0, 92mm APFSDS, 2x TOW-2A/B ATGM, traditional), VCC-80 (10.0, 116mm APFSDS, 2x TOW-2A/B ATGM, traditional), Freccia (10.7, 92mm APFSDS, 2x Spike-LR II ATGM, traditional), STRF 9040A BILL (10.3, 143mm APFSDS, 2x RB 56 BILL II ATGM, HE proxy, traditional), and finally the Namer 30 (10.7, 116mm APFSDS, 2x Spike-LR II ATGM, remote).

Auto cannon IFVs without ATGMs: 2s38 (10.3, 225mm APFSDS, HE proxy, remote), CTWV RCV (9.7, 116mm APFSDS, traditional), VBC(PT2) (9.3, 92mm APDSDS, traditional), VBCI-2(MCT30) (9.7, 116mm APFSDS, traditional), CV9035NL (9.7, 131mm APFSDS, traditional), CV9030FIN (9.3, 116mm APFSDS, traditional), STRF 9040B (9.7, 143mm APFSDS, HE proxy, traditional), CV 9035DK (9.7, 131mm APFSDS, traditional), and finally, the Strf 9040C (10.3, 170mm APFSDS, HE proxy, traditional) 

At least looking at the raw capabilities, the puma is blatantly outperformed by nearly all auto-cannon light vehicles in the game currently. Most of the vehicles that are generally worse in terms of combat ability (at least I think) are the CV 9030/9035 variants and wheeled vehicles such as the the CRWR RCV and VBC(PT2) and are all notably at 9.7 or lower. Arguments can be made that vehicles like the 9040 series (except for the A) are as bad or worse than the puma given they have many of the same drawbacks and a less survivable layout but still get 20-50mm more pen than the puma. Almost every light vehicle (with the exception of some above) that has less penetration than the puma gets ATGMs and some that have more like the 9040A still get them anyways. I tried my best to list every light vehicle in the game but may have missed some anyways so forgive any discrepancies. I’m also not saying that the puma is useless or can’t be effective if used right, just that it is over-tiered for its abilities and generally inferior to most of its counterparts. Idk what gijin was thinking further raising its BR but I think it is a massive mistake and ideally the original version should be lowered in BR or removed entirely in favor of the VJTF version with spikes (also at a slightly lower BR) as its makes the base version redundant. I’m totally open to dissenting opinions and other points of view so let me know what you think below. (On mobile so forgive any spelling/ grammar errors).",entirely much research contemporary counterpart 9 3 10 7 puma br combat ability anther post figured deserved break general type list stats follows vehicle current br max penetration best round atgms present proxy round present crew layout traditional v remote starting puma comparison puma 10 3 121mm apfsds ahead proxy single worst proxy round game remote ifvs atgms m3a3 bradley 10 0 101mm apfsds 2x tow 2 atgm traditional begleitpanzer 57 9 3 137mm apcbc 1x tow atgm vt proxy remote less vilkas 10 7 116mm apfsds 2x spike lr ii atgm remote bmp 2m 10 3 102mm apfsds 4x 9m133 atgm 9m133fm 3 proxy atgm traditional desert warror 10 0 92mm apfsds 2x tow 2 b atgm traditional zbd04a 10 0 102mm apfsds 1x aps03 atgm traditional qn506 10 0 102mm apfsds x20 qn201dd 4x qn502cdd atgms remote dardo 10 0 92mm apfsds 2x tow 2a b atgm traditional vcc 80 10 0 116mm apfsds 2x tow 2a b atgm traditional freccia 10 7 92mm apfsds 2x spike lr ii atgm traditional strf 9040a bill 10 3 143mm apfsds 2x rb 56 bill ii atgm proxy traditional finally namer 30 10 7 116mm apfsds 2x spike lr ii atgm remote auto cannon ifvs without atgms 2s38 10 3 225mm apfsds proxy remote ctwv rcv 9 7 116mm apfsds traditional vbc pt2 9 3 92mm apdsds traditional vbci 2 mct30 9 7 116mm apfsds traditional cv9035nl 9 7 131mm apfsds traditional cv9030fin 9 3 116mm apfsds traditional strf 9040b 9 7 143mm apfsds proxy traditional cv 9035dk 9 7 131mm apfsds traditional finally strf 9040c 10 3 170mm apfsds proxy traditional least looking raw capability puma blatantly outperformed nearly auto cannon light vehicle game currently vehicle generally worse term combat ability least think cv 9030 9035 variant wheeled vehicle crwr rcv vbc pt2 notably 9 7 lower argument made vehicle like 9040 series except bad worse puma given many drawback less survivable layout still get 20 50mm pen puma almost every light vehicle exception less penetration puma get atgms like 9040a still get anyways tried best list every light vehicle game may missed anyways forgive discrepancy also saying puma useless effective used right tiered ability generally inferior counterpart idk gijin thinking raising br think massive mistake ideally original version lowered br removed entirely favor vjtf version spike also slightly lower br make base version redundant totally open dissenting opinion point view let know think mobile forgive spelling grammar error
Suggestions on German V3 list?,"Hey all

Got my first V3 game tomorrow and I'm torn between a no-tank list or my more regular PZ 4 list, with added Puma since I have more points!

Any suggestions would be appreciated. It is a casual game, not an event or anything!

[LIST 1a](https://preview.redd.it/arbzdq1sewvd1.png?width=1054&format=png&auto=webp&s=67050b6638d75c6bac3914565fdd0be0850de310)

[LIST 1b](https://preview.redd.it/yvaw6s1sewvd1.png?width=1011&format=png&auto=webp&s=ae0b5a1083d4f77430df22903c5b857f6d8574c5)

[LIST 2a](https://preview.redd.it/dr90fs1sewvd1.png?width=968&format=png&auto=webp&s=1b2dfb43d8d4958666a810ae77f016cddbd4ef1f)

[LIST 2b](https://preview.redd.it/bzflcl2sewvd1.png?width=967&format=png&auto=webp&s=cf056d17fd83f1b4c499c1ba60dfc603c992e1cb)

[LIST 2c](https://preview.redd.it/mmnprt1sewvd1.png?width=941&format=png&auto=webp&s=906132abcab66b983eac1bbb98d3e9c3b3631c10)

",2,1g7wr6y,boltaction,https://www.reddit.com/r/boltaction/comments/1g7wr6y/suggestions_on_german_v3_list/,0,2024-10-20 11:40:16,Reddit,"Hey all

Got my first V3 game tomorrow and I'm torn between a no-tank list or my more regular PZ 4 list, with added Puma since I have more points!

Any suggestions would be appreciated. It is a casual game, not an event or anything!

[LIST 1a](https://preview.redd.it/arbzdq1sewvd1.png?width=1054&format=png&auto=webp&s=67050b6638d75c6bac3914565fdd0be0850de310)

[LIST 1b](https://preview.redd.it/yvaw6s1sewvd1.png?width=1011&format=png&auto=webp&s=ae0b5a1083d4f77430df22903c5b857f6d8574c5)

[LIST 2a](https://preview.redd.it/dr90fs1sewvd1.png?width=968&format=png&auto=webp&s=1b2dfb43d8d4958666a810ae77f016cddbd4ef1f)

[LIST 2b](https://preview.redd.it/bzflcl2sewvd1.png?width=967&format=png&auto=webp&s=cf056d17fd83f1b4c499c1ba60dfc603c992e1cb)

[LIST 2c](https://preview.redd.it/mmnprt1sewvd1.png?width=941&format=png&auto=webp&s=906132abcab66b983eac1bbb98d3e9c3b3631c10)

",hey got first v3 game tomorrow torn tank list regular pz 4 list added puma since point suggestion would appreciated casual game event anything list 1a list 1b list 2a list 2b list 2c
"I know there is a lot of controversy going on about the leaks, but this has been annoying me for quite a while now - Puma and KF41 at 11.0 (now)",,33,1g5xbix,Warthunder,https://i.redd.it/06j30m45xcvd1.jpeg,27,2024-10-17 18:08:32,Reddit,"I know there is a lot of controversy going on about the leaks, but this has been annoying me for quite a while now - Puma and KF41 at 11.0 (now)",know lot controversy going leak annoying quite puma kf41 11 0
Some beginner pickups 🤍,"Sneakers never interested me until recently. Still remember how shocked I was when a friend of mine told me the price of his jordans (don’t remember which). I just wanted a pair during the recent big billion sales and here I am wanting every single sneakers out there but held back by my bank balance 🥹


1. Asics Japan S Seal Grey
Thanks to this sub. I got to know about this brand. Japan S is perfect as a beginner sneaker. Looks great. Feels great. Got it from limited edt

2. Puma Caven 2.0
Saw many good reviews for this on the sub. They feel heavy but for the price they are really good. Got it from flipkart

3. First copy of some Nike Model 😬 
Couldn’t find much info on which model it is. Found them in a local shop. Let me know what you guys think about it 🌚",93,1g7rlo5,SneakersIndia,https://www.reddit.com/gallery/1g7rlo5,41,2024-10-20 05:20:58,Reddit,"Sneakers never interested me until recently. Still remember how shocked I was when a friend of mine told me the price of his jordans (don’t remember which). I just wanted a pair during the recent big billion sales and here I am wanting every single sneakers out there but held back by my bank balance 🥹


1. Asics Japan S Seal Grey
Thanks to this sub. I got to know about this brand. Japan S is perfect as a beginner sneaker. Looks great. Feels great. Got it from limited edt

2. Puma Caven 2.0
Saw many good reviews for this on the sub. They feel heavy but for the price they are really good. Got it from flipkart

3. First copy of some Nike Model 😬 
Couldn’t find much info on which model it is. Found them in a local shop. Let me know what you guys think about it 🌚",sneaker never interested recently still remember shocked friend mine told price jordan remember wanted pair recent big billion sale wanting every single sneaker held back bank balance 1 asics japan seal grey thanks sub got know brand japan perfect beginner sneaker look great feel great got limited edt 2 puma caven 2 0 saw many good review sub feel heavy price really good got flipkart 3 first copy nike model find much info model found local shop let know guy think
[Post-Match Thread] Copa do Brasil: Vasco 1 x 1 Atlético-MG,"
# [Encerrado] Vasco 1 x 1 Atlético-MG  
**Gols Vasco:** *Vegetti (37/1T)*  
**Gols Atlético-MG:** *Hulk (36/2T)*  
  
---  
  
Escalações:  
  
| Vasco (4-3-3) | Atlético-MG (3-5-2) |  
| :-- | :-- |  
| Léo Jardim, Paulo Henrique (Rossi), João Victor, Léo, Lucas Piton (Leandrinho), Hugo Moura (Sforza), Mateus Carvalho (Payet), Philippe Coutinho, Puma Rodríguez, Vegetti, Emerson Rodríguez (Rayan) | Everson, Lyanco, Battaglia, Junior Alonso, Rubens, Otávio, Alan Franco, Gustavo Scarpa, Guilherme Arana, Paulinho (Saravia), Hulk (Alisson) |  
| **Suplentes:** | **Suplentes:** |  
| Keiller, Maicon, Robert Rojas, Galdames, Maxime Dominguez, Jean David, Alex Teixeira | Matheus Mendes, Mariano, Bruno Fuchs, Igor Rabello, Paulo Vitor, Vitinho, Igor Gomes, Vargas, Alan Kardec, Palacios |  
| **Técnico:** Rafael Paiva | **Técnico:** Gabriel Milito |  
  
  
**Arbitragem:** Bruno Raphael Pires (Assistente 1), Bruno Boschilia (Assistente 2), Ramon Abatti Abel (Árbitro Principal), Lucas Paulo Torezin (Quarto Árbitro)  
  
---  
  
Estatísticas  
  
Vasco da Gama | Estatística | Atlético-MG  
:---: | :---: | :---:  
34% | Posse de Bola | 66%  
2.01 | Gols Esperados (xG) | 0.45  
3/11 (27%) | Finalizações Certas/Total | 3/6 (50%)  
4 | Finalizações Erradas | 1  
0 | Finalizações na Trave | 1  
4 | Chutes Bloqueados | 2  
2 | Defesas de Goleiro | 2  
2 | Chances Claras | 0  
139/209 (67%) | Passes Certos/Total | 367/436 (84%)  
6 | Escanteios | 4  
26 | Cruzamentos | 10  
0 | Impedimentos | 0  
7 | Tiro Livre | 13  
18 | Arremessos Laterais | 20  
71 | Ataques | 91  
13 | Faltas | 9  
16 | Desarmes | 7  
7 | Tiro de Meta | 4  
3 | Cartões Amarelos | 2  
0 | Cartões Vermelhos | 0  
  
  
---  

### Vídeos  
  
**15/1T** [Finalização errada de Mateus Carvalho do Vasco contra o Atlético-MG (0:12)](https://globoplay.globo.com/v/13028025)   
**20/1T** [Chute de dentro da área na trave de Rodrigo Battaglia do Atlético-MG contra o Vasco (0:17)](https://globoplay.globo.com/v/13028030)   
**29/1T** [Jogadores do Vasco pedem pênalti à arbitragem por toque no braço de Otávio após cruzamento de Piton (0:51)](https://globoplay.globo.com/v/13028060)   
**35/1T** [Após dois minutos de análise, VAR dá pênalti para o Vasco (0:41)](https://globoplay.globo.com/v/13028063)   
**37/1T** ⚽ [Gol do Vasco! Vegetti cobra pênalti e marca o primeiro da partida! (0:59)](https://globoplay.globo.com/v/13028079)   
**43/1T** [Puma Rodríguez acerta bom chute, e Everson faz grande defesa (0:13)](https://globoplay.globo.com/v/13028078)   
**44/1T** [Léo fica com a sobra na pequena área, mas chuta fraco e Everson defende (0:11)](https://globoplay.globo.com/v/13028077)   
**01/2T** [Paulinho chuta forte e Léo Jardim faz boa defesa (0:04)](https://globoplay.globo.com/v/13028172)   
**02/2T** [Vegetti tenta, mas não consegue finalizar e lamenta a chance perdida (0:11)](https://globoplay.globo.com/v/13028183)   
**14/2T** [Vegett cabeceia de dentro da área, mas manda a bola para fora (0:12)](https://globoplay.globo.com/v/13028228)   
**29/2T** [Paulinho finaliza bem, mas a bola desvia em João Victor e sai pela linha de fundo (0:09)](https://globoplay.globo.com/v/13028335)   
**36/2T** ⚽ [Gol do Atlético-MG! Hulk marca um golaço e empata em São Januário (0:27)](https://globoplay.globo.com/v/13028414)   
**45/2T** [Puma tem a bola, cruza na área e Vegetti cabeceia para fora (0:19)](https://globoplay.globo.com/v/13028438) 

---  
**Match Thread:** https://www.reddit.com/r/futebol/comments/1g7hyhd/match_thread_copa_do_brasil_vasco_x_atléticomg/",50,1g7lp8c,futebol,https://www.reddit.com/r/futebol/comments/1g7lp8c/postmatch_thread_copa_do_brasil_vasco_1_x_1/,223,2024-10-19 23:34:28,Reddit,"
# [Encerrado] Vasco 1 x 1 Atlético-MG  
**Gols Vasco:** *Vegetti (37/1T)*  
**Gols Atlético-MG:** *Hulk (36/2T)*  
  
---  
  
Escalações:  
  
| Vasco (4-3-3) | Atlético-MG (3-5-2) |  
| :-- | :-- |  
| Léo Jardim, Paulo Henrique (Rossi), João Victor, Léo, Lucas Piton (Leandrinho), Hugo Moura (Sforza), Mateus Carvalho (Payet), Philippe Coutinho, Puma Rodríguez, Vegetti, Emerson Rodríguez (Rayan) | Everson, Lyanco, Battaglia, Junior Alonso, Rubens, Otávio, Alan Franco, Gustavo Scarpa, Guilherme Arana, Paulinho (Saravia), Hulk (Alisson) |  
| **Suplentes:** | **Suplentes:** |  
| Keiller, Maicon, Robert Rojas, Galdames, Maxime Dominguez, Jean David, Alex Teixeira | Matheus Mendes, Mariano, Bruno Fuchs, Igor Rabello, Paulo Vitor, Vitinho, Igor Gomes, Vargas, Alan Kardec, Palacios |  
| **Técnico:** Rafael Paiva | **Técnico:** Gabriel Milito |  
  
  
**Arbitragem:** Bruno Raphael Pires (Assistente 1), Bruno Boschilia (Assistente 2), Ramon Abatti Abel (Árbitro Principal), Lucas Paulo Torezin (Quarto Árbitro)  
  
---  
  
Estatísticas  
  
Vasco da Gama | Estatística | Atlético-MG  
:---: | :---: | :---:  
34% | Posse de Bola | 66%  
2.01 | Gols Esperados (xG) | 0.45  
3/11 (27%) | Finalizações Certas/Total | 3/6 (50%)  
4 | Finalizações Erradas | 1  
0 | Finalizações na Trave | 1  
4 | Chutes Bloqueados | 2  
2 | Defesas de Goleiro | 2  
2 | Chances Claras | 0  
139/209 (67%) | Passes Certos/Total | 367/436 (84%)  
6 | Escanteios | 4  
26 | Cruzamentos | 10  
0 | Impedimentos | 0  
7 | Tiro Livre | 13  
18 | Arremessos Laterais | 20  
71 | Ataques | 91  
13 | Faltas | 9  
16 | Desarmes | 7  
7 | Tiro de Meta | 4  
3 | Cartões Amarelos | 2  
0 | Cartões Vermelhos | 0  
  
  
---  

### Vídeos  
  
**15/1T** [Finalização errada de Mateus Carvalho do Vasco contra o Atlético-MG (0:12)](https://globoplay.globo.com/v/13028025)   
**20/1T** [Chute de dentro da área na trave de Rodrigo Battaglia do Atlético-MG contra o Vasco (0:17)](https://globoplay.globo.com/v/13028030)   
**29/1T** [Jogadores do Vasco pedem pênalti à arbitragem por toque no braço de Otávio após cruzamento de Piton (0:51)](https://globoplay.globo.com/v/13028060)   
**35/1T** [Após dois minutos de análise, VAR dá pênalti para o Vasco (0:41)](https://globoplay.globo.com/v/13028063)   
**37/1T** ⚽ [Gol do Vasco! Vegetti cobra pênalti e marca o primeiro da partida! (0:59)](https://globoplay.globo.com/v/13028079)   
**43/1T** [Puma Rodríguez acerta bom chute, e Everson faz grande defesa (0:13)](https://globoplay.globo.com/v/13028078)   
**44/1T** [Léo fica com a sobra na pequena área, mas chuta fraco e Everson defende (0:11)](https://globoplay.globo.com/v/13028077)   
**01/2T** [Paulinho chuta forte e Léo Jardim faz boa defesa (0:04)](https://globoplay.globo.com/v/13028172)   
**02/2T** [Vegetti tenta, mas não consegue finalizar e lamenta a chance perdida (0:11)](https://globoplay.globo.com/v/13028183)   
**14/2T** [Vegett cabeceia de dentro da área, mas manda a bola para fora (0:12)](https://globoplay.globo.com/v/13028228)   
**29/2T** [Paulinho finaliza bem, mas a bola desvia em João Victor e sai pela linha de fundo (0:09)](https://globoplay.globo.com/v/13028335)   
**36/2T** ⚽ [Gol do Atlético-MG! Hulk marca um golaço e empata em São Januário (0:27)](https://globoplay.globo.com/v/13028414)   
**45/2T** [Puma tem a bola, cruza na área e Vegetti cabeceia para fora (0:19)](https://globoplay.globo.com/v/13028438) 

---  
**Match Thread:** https://www.reddit.com/r/futebol/comments/1g7hyhd/match_thread_copa_do_brasil_vasco_x_atléticomg/",encerrado vasco 1 x 1 atlético mg gols vasco vegetti 37 1t gols atlético mg hulk 36 2t escalações vasco 4 3 3 atlético mg 3 5 2 léo jardim paulo henrique rossi joão victor léo lucas piton leandrinho hugo moura sforza mateus carvalho payet philippe coutinho puma rodríguez vegetti emerson rodríguez rayan everson lyanco battaglia junior alonso rubens otávio alan franco gustavo scarpa guilherme arana paulinho saravia hulk alisson suplentes suplentes keiller maicon robert rojas galdames maxime dominguez jean david alex teixeira matheus mendes mariano bruno fuchs igor rabello paulo vitor vitinho igor gomes vargas alan kardec palacios técnico rafael paiva técnico gabriel milito arbitragem bruno raphael pires assistente 1 bruno boschilia assistente 2 ramon abatti abel árbitro principal lucas paulo torezin quarto árbitro estatísticas vasco da gama estatística atlético mg 34 posse de bola 66 2 01 gols esperados xg 0 45 3 11 27 finalizações certas total 3 6 50 4 finalizações erradas 1 0 finalizações na trave 1 4 chute bloqueados 2 2 defesas de goleiro 2 2 chance claras 0 139 209 67 pass certos total 367 436 84 6 escanteios 4 26 cruzamentos 10 0 impedimentos 0 7 tiro livre 13 18 arremessos laterais 20 71 ataques 91 13 faltas 9 16 desarmes 7 7 tiro de meta 4 3 cartões amarelos 2 0 cartões vermelhos 0 vídeos 15 1t finalização errada de mateus carvalho vasco contra atlético mg 0 12 20 1t chute de dentro da área na trave de rodrigo battaglia atlético mg contra vasco 0 17 29 1t jogadores vasco pedem pênalti à arbitragem por toque braço de otávio após cruzamento de piton 0 51 35 1t após doi minutos de análise var dá pênalti para vasco 0 41 37 1t gol vasco vegetti cobra pênalti e marca primeiro da partida 0 59 43 1t puma rodríguez acerta bom chute e everson faz grande defesa 0 13 44 1t léo fica com sobra na pequena área ma chuta fraco e everson defende 0 11 01 2t paulinho chuta forte e léo jardim faz boa defesa 0 04 02 2t vegetti tenta ma não consegue finalizar e lamenta chance perdida 0 11 14 2t vegett cabeceia de dentro da área ma manda bola para forum 0 12 29 2t paulinho finaliza bem ma bola desvia em joão victor e sai pela linha de fundo 0 09 36 2t gol atlético mg hulk marca um golaço e empata em são januário 0 27 45 2t puma tem bola cruza na área e vegetti cabeceia para forum 0 19 match thread
suede got wet in rain,will these puma shoes be okay?? or are they ruined??,9,1g7awp7,SneakersIndia,https://i.redd.it/tdoqu28naqvd1.jpeg,4,2024-10-19 15:06:51,Reddit,will these puma shoes be okay?? or are they ruined??,puma shoe okay ruined
Finally taking the time to practice realistic textures.,,7,1g7a2qc,learntodraw,https://www.reddit.com/gallery/1g7a2qc,1,2024-10-19 14:27:04,Reddit,Finally taking the time to practice realistic textures.,finally taking time practice realistic texture
"Nike, Adidas & Puma Ranked As Most Popular Sportswear Brands In US [2024 Report]",,2,1g4mzxt,RetailNews,https://retailboss.co/nike-adidias-puma-ranked-as-most-popular-sports-brands-in-us/,0,2024-10-16 00:39:53,Reddit,"Nike, Adidas & Puma Ranked As Most Popular Sportswear Brands In US [2024 Report]",nike adidas puma ranked popular sportswear brand u 2024 report
[Match Thread] Copa do Brasil: Vasco x Atlético-MG,"
# [Encerrado] Vasco 1 x 1 Atlético-MG  
**Gols Vasco:** *Vegetti (37/1T)*  
**Gols Atlético-MG:** *Hulk (36/2T)*  
  
---  
  
**Copa do Brasil - Semifinal**  
**Estádio:** São Januário  
**Data:** 19 de Outubro de 2024, 18:30  
**Transmissão:**  SporTV, Premiere, Amazon Prime  
[Link para Live Match Thread](https://reddit-stream.com/comments/1g7hyhd)  
**Post-Match Thread:** https://www.reddit.com/r/futebol/comments/1g7lp8c/postmatch_thread_copa_do_brasil_vasco_1_x_1/  
  
---  
  
Escalações:  
  
| Vasco (4-3-3) | Atlético-MG (3-5-2) |  
| :-- | :-- |  
| Léo Jardim, Paulo Henrique (Rossi), João Victor, Léo, Lucas Piton (Leandrinho), Hugo Moura (Sforza), Mateus Carvalho (Payet), Philippe Coutinho, Puma Rodríguez, Vegetti, Emerson Rodríguez (Rayan) | Everson, Lyanco, Battaglia, Junior Alonso, Rubens, Otávio, Alan Franco, Gustavo Scarpa, Guilherme Arana, Paulinho (Saravia), Hulk (Alisson) |  
| **Suplentes:** | **Suplentes:** |  
| Keiller, Maicon, Robert Rojas, Galdames, Maxime Dominguez, Jean David, Alex Teixeira | Matheus Mendes, Mariano, Bruno Fuchs, Igor Rabello, Paulo Vitor, Vitinho, Igor Gomes, Vargas, Alan Kardec, Palacios |  
| **Técnico:** Rafael Paiva | **Técnico:** Gabriel Milito |  
  
  
**Arbitragem:** Bruno Raphael Pires (Assistente 1), Bruno Boschilia (Assistente 2), Ramon Abatti Abel (Árbitro Principal), Lucas Paulo Torezin (Quarto Árbitro)  
  
---  
  
# Lances  
Começa o Primeiro Tempo!  
**15/1T** PARA FORA! Cocão chuta da entrada da área, de primeira, mas a bola sai perto do gol de Everson. É tiro de meta para o Atlético-MG. [[Video (0:12)](https://globoplay.globo.com/v/13028025)]  
**20/1T** DEFESAÇA DE LÉO JARDIM E TRAVE! Mais um cruzamento de Scarpa na área, Léo corta e Battaglia aproveita. O zagueiro finaliza, Léo Jardim defende e a bola bate na trave. Na sobra, Junior Alonso chuta para nova defesa do goleiro do Vasco! [[Video (0:17)](https://globoplay.globo.com/v/13028030)]  
**29/1T** PÊNALTI? Jogadores do Vasco pedem pênalti à arbitragem por toque no braço de Otávio após cruzamento de Piton. Momento de tensão em São Januário! [[Video (0:51)](https://globoplay.globo.com/v/13028060)]  
**34/1T** 🟨 QUASE QUATRO MINUTOS DEPOIS. O juiz enfim é chamado ao monitor do VAR na beira do gramado. Leandro Ávila, auxiliar de Gabriel Milito, recebe o cartão amarelo.  
**35/1T** PÊNALTI PARA O VASCO! Após longa checagem no monitor, o juiz marca penalidade máxima em São Januário! Jogo teve seis minutos de paralisação. [[Video (0:41)](https://globoplay.globo.com/v/13028063)]  
**37/1T** ⚽ **Gol do Vasco!** É gol do Pirata! Vegetti bate bem, desloca Everson e abre o placar para o Vasco de pênalti em São Januário! O placar agregado na semifinal da Copa do Brasil está empatado! [[Video (0:59)](https://globoplay.globo.com/v/13028079)]  
**43/1T** EVERSON EVITA O SEGUNDO! Arana erra o passe, e Coutinho aproveita para passar Puma. O uruguaio chuta na entrada da área e a bola quica traiçoeira antes de Everson fazer grande defesa! [[Video (0:13)](https://globoplay.globo.com/v/13028078)]  
**44/1T** MAIS UMA CHANCE! Piton bate escanteio, Vegetti cabeceia e Lyanco corta mal. Léo fica com a sobra na pequena área, mas chuta fraco e Everson defende! [[Video (0:11)](https://globoplay.globo.com/v/13028077)]  
**51/1T** 🟨  Cartão amarelo para Matheus Mendes por reclamação no banco.  
**53/1T** ⏱️ Termina o Primeiro Tempo!  
&nbsp;  
Começa o Segundo Tempo!  
**01/2T** CHANCE DO GALO! Jogada trabalhada do Atlético-MG pela esquerda. Rubens cruza para Paulinho, que finaliza e força Léo Jardim a saltar e defender logo no início do segundo tempo! [[Video (0:04)](https://globoplay.globo.com/v/13028172)]  
**02/2T** DESPERDIÇOU. Coutinho cruza da direita na segunda trave e a bola passa por todo mundo. Vegetti tenta, mas não consegue finalizar e lamenta a chance perdida. Segundo tempo começa quente! [[Video (0:11)](https://globoplay.globo.com/v/13028183)]  
**14/2T** PARA FORA! Paulo Henrique tabela com Puma e cruza para Vegetti, que cabeceia dentro da área do Atlético-MG. O argentino manda a bola para fora! [[Video (0:12)](https://globoplay.globo.com/v/13028228)]  
**20/2T** 🟨  Cartão amarelo para Puma Rodríguez por falta em Arana. É o primeiro amarelo da noite para jogadores em campo.  
**26/2T** 🔃 Substituição no Vasco: SAIU: Emerson Rodríguez, ENTROU: Rayan.  
**29/2T** QUE PERIGO! Paulinho recebe de Hulk e puxa contra-ataque perigoso para o Atlético-MG. Arana aparece mais à esquerda, recebe e devolve para o camisa 10, que finaliza. A bola desvia em João Victor antes de sair pela linha de fundo. Escanteio para o Galo! [[Video (0:09)](https://globoplay.globo.com/v/13028335)]  
**32/2T** 🔃 Substituição no Vasco: SAIU: Hugo Moura, ENTROU: Sforza.  
**33/2T** 🔃 Substituição no Vasco: SAIU: Lucas Piton, ENTROU: Leandrinho.  
**33/2T** 🟨  Cartão amarelo para Leandrinho, que acabou de entrar em campo, por falta forte em Scarpa.  
**36/2T** ⚽ **Gol do Atlético-MG!** Que golaço! Scarpa dá boa bola para Hulk, que manda um chutaço de fora da área. Léo Jardim salta, mas não consegue salvar. O Galo empata em São Januário e volta a estar em vantagem na eliminatória! [[Video (0:27)](https://globoplay.globo.com/v/13028414)]  
**41/2T** 🔃 Substituição no Vasco: SAIU: Mateus Carvalho, ENTROU: Payet.  
**41/2T** 🔃 Substituição no Vasco: SAIU: Paulo Henrique, ENTROU: Rossi.  
**42/2T** 🔃 Substituição no Atlético-MG: SAIU: Hulk, ENTROU: Alisson.  
**42/2T** 🟨  Cartão amarelo para João Victor por falta em Paulinho. Torcida do Atlético-MG vê o tempo passar e sobe o tom nas arquibancadas de São Januário.  
**43/2T** 🟨  Cartão amarelo para Gustavo Scarpa por falta em Rossi.  
**45/2T**  Payet cobra escanteio para o Vasco na entrada da pequena área, a defesa do Atlético-MG afasta e o francês é travado novamente na sequência. Puma tem a bola, cruza na área e Vegetti cabeceia para fora. [[Video (0:19)](https://globoplay.globo.com/v/13028438)]  
**48/2T** 🔃 Substituição no Atlético-MG: SAIU: Paulinho, ENTROU: Saravia.  
**50/2T** ⏱️ Termina o Segundo Tempo!  
&nbsp;  
Fim de Jogo!",35,1g7hyhd,futebol,https://www.reddit.com/r/futebol/comments/1g7hyhd/match_thread_copa_do_brasil_vasco_x_atléticomg/,1093,2024-10-19 20:30:24,Reddit,"
# [Encerrado] Vasco 1 x 1 Atlético-MG  
**Gols Vasco:** *Vegetti (37/1T)*  
**Gols Atlético-MG:** *Hulk (36/2T)*  
  
---  
  
**Copa do Brasil - Semifinal**  
**Estádio:** São Januário  
**Data:** 19 de Outubro de 2024, 18:30  
**Transmissão:**  SporTV, Premiere, Amazon Prime  
[Link para Live Match Thread](https://reddit-stream.com/comments/1g7hyhd)  
**Post-Match Thread:** https://www.reddit.com/r/futebol/comments/1g7lp8c/postmatch_thread_copa_do_brasil_vasco_1_x_1/  
  
---  
  
Escalações:  
  
| Vasco (4-3-3) | Atlético-MG (3-5-2) |  
| :-- | :-- |  
| Léo Jardim, Paulo Henrique (Rossi), João Victor, Léo, Lucas Piton (Leandrinho), Hugo Moura (Sforza), Mateus Carvalho (Payet), Philippe Coutinho, Puma Rodríguez, Vegetti, Emerson Rodríguez (Rayan) | Everson, Lyanco, Battaglia, Junior Alonso, Rubens, Otávio, Alan Franco, Gustavo Scarpa, Guilherme Arana, Paulinho (Saravia), Hulk (Alisson) |  
| **Suplentes:** | **Suplentes:** |  
| Keiller, Maicon, Robert Rojas, Galdames, Maxime Dominguez, Jean David, Alex Teixeira | Matheus Mendes, Mariano, Bruno Fuchs, Igor Rabello, Paulo Vitor, Vitinho, Igor Gomes, Vargas, Alan Kardec, Palacios |  
| **Técnico:** Rafael Paiva | **Técnico:** Gabriel Milito |  
  
  
**Arbitragem:** Bruno Raphael Pires (Assistente 1), Bruno Boschilia (Assistente 2), Ramon Abatti Abel (Árbitro Principal), Lucas Paulo Torezin (Quarto Árbitro)  
  
---  
  
# Lances  
Começa o Primeiro Tempo!  
**15/1T** PARA FORA! Cocão chuta da entrada da área, de primeira, mas a bola sai perto do gol de Everson. É tiro de meta para o Atlético-MG. [[Video (0:12)](https://globoplay.globo.com/v/13028025)]  
**20/1T** DEFESAÇA DE LÉO JARDIM E TRAVE! Mais um cruzamento de Scarpa na área, Léo corta e Battaglia aproveita. O zagueiro finaliza, Léo Jardim defende e a bola bate na trave. Na sobra, Junior Alonso chuta para nova defesa do goleiro do Vasco! [[Video (0:17)](https://globoplay.globo.com/v/13028030)]  
**29/1T** PÊNALTI? Jogadores do Vasco pedem pênalti à arbitragem por toque no braço de Otávio após cruzamento de Piton. Momento de tensão em São Januário! [[Video (0:51)](https://globoplay.globo.com/v/13028060)]  
**34/1T** 🟨 QUASE QUATRO MINUTOS DEPOIS. O juiz enfim é chamado ao monitor do VAR na beira do gramado. Leandro Ávila, auxiliar de Gabriel Milito, recebe o cartão amarelo.  
**35/1T** PÊNALTI PARA O VASCO! Após longa checagem no monitor, o juiz marca penalidade máxima em São Januário! Jogo teve seis minutos de paralisação. [[Video (0:41)](https://globoplay.globo.com/v/13028063)]  
**37/1T** ⚽ **Gol do Vasco!** É gol do Pirata! Vegetti bate bem, desloca Everson e abre o placar para o Vasco de pênalti em São Januário! O placar agregado na semifinal da Copa do Brasil está empatado! [[Video (0:59)](https://globoplay.globo.com/v/13028079)]  
**43/1T** EVERSON EVITA O SEGUNDO! Arana erra o passe, e Coutinho aproveita para passar Puma. O uruguaio chuta na entrada da área e a bola quica traiçoeira antes de Everson fazer grande defesa! [[Video (0:13)](https://globoplay.globo.com/v/13028078)]  
**44/1T** MAIS UMA CHANCE! Piton bate escanteio, Vegetti cabeceia e Lyanco corta mal. Léo fica com a sobra na pequena área, mas chuta fraco e Everson defende! [[Video (0:11)](https://globoplay.globo.com/v/13028077)]  
**51/1T** 🟨  Cartão amarelo para Matheus Mendes por reclamação no banco.  
**53/1T** ⏱️ Termina o Primeiro Tempo!  
&nbsp;  
Começa o Segundo Tempo!  
**01/2T** CHANCE DO GALO! Jogada trabalhada do Atlético-MG pela esquerda. Rubens cruza para Paulinho, que finaliza e força Léo Jardim a saltar e defender logo no início do segundo tempo! [[Video (0:04)](https://globoplay.globo.com/v/13028172)]  
**02/2T** DESPERDIÇOU. Coutinho cruza da direita na segunda trave e a bola passa por todo mundo. Vegetti tenta, mas não consegue finalizar e lamenta a chance perdida. Segundo tempo começa quente! [[Video (0:11)](https://globoplay.globo.com/v/13028183)]  
**14/2T** PARA FORA! Paulo Henrique tabela com Puma e cruza para Vegetti, que cabeceia dentro da área do Atlético-MG. O argentino manda a bola para fora! [[Video (0:12)](https://globoplay.globo.com/v/13028228)]  
**20/2T** 🟨  Cartão amarelo para Puma Rodríguez por falta em Arana. É o primeiro amarelo da noite para jogadores em campo.  
**26/2T** 🔃 Substituição no Vasco: SAIU: Emerson Rodríguez, ENTROU: Rayan.  
**29/2T** QUE PERIGO! Paulinho recebe de Hulk e puxa contra-ataque perigoso para o Atlético-MG. Arana aparece mais à esquerda, recebe e devolve para o camisa 10, que finaliza. A bola desvia em João Victor antes de sair pela linha de fundo. Escanteio para o Galo! [[Video (0:09)](https://globoplay.globo.com/v/13028335)]  
**32/2T** 🔃 Substituição no Vasco: SAIU: Hugo Moura, ENTROU: Sforza.  
**33/2T** 🔃 Substituição no Vasco: SAIU: Lucas Piton, ENTROU: Leandrinho.  
**33/2T** 🟨  Cartão amarelo para Leandrinho, que acabou de entrar em campo, por falta forte em Scarpa.  
**36/2T** ⚽ **Gol do Atlético-MG!** Que golaço! Scarpa dá boa bola para Hulk, que manda um chutaço de fora da área. Léo Jardim salta, mas não consegue salvar. O Galo empata em São Januário e volta a estar em vantagem na eliminatória! [[Video (0:27)](https://globoplay.globo.com/v/13028414)]  
**41/2T** 🔃 Substituição no Vasco: SAIU: Mateus Carvalho, ENTROU: Payet.  
**41/2T** 🔃 Substituição no Vasco: SAIU: Paulo Henrique, ENTROU: Rossi.  
**42/2T** 🔃 Substituição no Atlético-MG: SAIU: Hulk, ENTROU: Alisson.  
**42/2T** 🟨  Cartão amarelo para João Victor por falta em Paulinho. Torcida do Atlético-MG vê o tempo passar e sobe o tom nas arquibancadas de São Januário.  
**43/2T** 🟨  Cartão amarelo para Gustavo Scarpa por falta em Rossi.  
**45/2T**  Payet cobra escanteio para o Vasco na entrada da pequena área, a defesa do Atlético-MG afasta e o francês é travado novamente na sequência. Puma tem a bola, cruza na área e Vegetti cabeceia para fora. [[Video (0:19)](https://globoplay.globo.com/v/13028438)]  
**48/2T** 🔃 Substituição no Atlético-MG: SAIU: Paulinho, ENTROU: Saravia.  
**50/2T** ⏱️ Termina o Segundo Tempo!  
&nbsp;  
Fim de Jogo!",encerrado vasco 1 x 1 atlético mg gols vasco vegetti 37 1t gols atlético mg hulk 36 2t copa brasil semifinal estádio são januário data 19 de outubro de 2024 18 30 transmissão sportv premiere amazon prime link para live match thread post match thread escalações vasco 4 3 3 atlético mg 3 5 2 léo jardim paulo henrique rossi joão victor léo lucas piton leandrinho hugo moura sforza mateus carvalho payet philippe coutinho puma rodríguez vegetti emerson rodríguez rayan everson lyanco battaglia junior alonso rubens otávio alan franco gustavo scarpa guilherme arana paulinho saravia hulk alisson suplentes suplentes keiller maicon robert rojas galdames maxime dominguez jean david alex teixeira matheus mendes mariano bruno fuchs igor rabello paulo vitor vitinho igor gomes vargas alan kardec palacios técnico rafael paiva técnico gabriel milito arbitragem bruno raphael pires assistente 1 bruno boschilia assistente 2 ramon abatti abel árbitro principal lucas paulo torezin quarto árbitro lance começa primeiro tempo 15 1t para forum cocão chuta da entrada da área de primeira ma bola sai perto gol de everson é tiro de meta para atlético mg video 0 12 20 1t defesaça de léo jardim e trave mais um cruzamento de scarpa na área léo corta e battaglia aproveita zagueiro finaliza léo jardim defende e bola bate na trave na sobra junior alonso chuta para nova defesa goleiro vasco video 0 17 29 1t pênalti jogadores vasco pedem pênalti à arbitragem por toque braço de otávio após cruzamento de piton momento de tensão em são januário video 0 51 34 1t quase quatro minutos depois juiz enfim é chamado ao monitor var na beira gramado leandro ávila auxiliar de gabriel milito recebe cartão amarelo 35 1t pênalti para vasco após longa checagem monitor juiz marca penalidade máxima em são januário jogo teve seis minutos de paralisação video 0 41 37 1t gol vasco é gol pirata vegetti bate bem desloca everson e abre placar para vasco de pênalti em são januário placar agregado na semifinal da copa brasil está empatado video 0 59 43 1t everson evita segundo arana erra passe e coutinho aproveita para passar puma uruguaio chuta na entrada da área e bola quica traiçoeira ante de everson fazer grande defesa video 0 13 44 1t mais uma chance piton bate escanteio vegetti cabeceia e lyanco corta mal léo fica com sobra na pequena área ma chuta fraco e everson defende video 0 11 51 1t cartão amarelo para matheus mendes por reclamação banco 53 1t termina primeiro tempo nbsp começa segundo tempo 01 2t chance galo jogada trabalhada atlético mg pela esquerda rubens cruza para paulinho que finaliza e força léo jardim saltar e defender logo início segundo tempo video 0 04 02 2t desperdiçou coutinho cruza da direita na segunda trave e bola passa por todo mundo vegetti tenta ma não consegue finalizar e lamenta chance perdida segundo tempo começa quente video 0 11 14 2t para forum paulo henrique tabela com puma e cruza para vegetti que cabeceia dentro da área atlético mg argentino manda bola para forum video 0 12 20 2t cartão amarelo para puma rodríguez por falta em arana é primeiro amarelo da noite para jogadores em campo 26 2t substituição vasco saiu emerson rodríguez entrou rayan 29 2t que perigo paulinho recebe de hulk e puxa contra ataque perigoso para atlético mg arana aparece mais à esquerda recebe e devolve para camisa 10 que finaliza bola desvia em joão victor ante de sair pela linha de fundo escanteio para galo video 0 09 32 2t substituição vasco saiu hugo moura entrou sforza 33 2t substituição vasco saiu lucas piton entrou leandrinho 33 2t cartão amarelo para leandrinho que acabou de entrar em campo por falta forte em scarpa 36 2t gol atlético mg que golaço scarpa dá boa bola para hulk que manda um chutaço de forum da área léo jardim salta ma não consegue salvar galo empata em são januário e volta estar em vantagem na eliminatória video 0 27 41 2t substituição vasco saiu mateus carvalho entrou payet 41 2t substituição vasco saiu paulo henrique entrou rossi 42 2t substituição atlético mg saiu hulk entrou alisson 42 2t cartão amarelo para joão victor por falta em paulinho torcida atlético mg vê tempo passar e sobe tom na arquibancadas de são januário 43 2t cartão amarelo para gustavo scarpa por falta em rossi 45 2t payet cobra escanteio para vasco na entrada da pequena área defesa atlético mg afasta e francês é travado novamente na sequência puma tem bola cruza na área e vegetti cabeceia para forum video 0 19 48 2t substituição atlético mg saiu paulinho entrou saravia 50 2t termina segundo tempo nbsp fim de jogo
Water Ingress to Fuel System - 2010 2.4l Puma ,"As per the title, anyone had any water ingress issues to the fuel tank? Local mechanic suggests the fuel cap, but water has entered the fuel tank and been through the fuel pump. He's taking that out to send to a diesel mechanic to review if it's repairable. 

Anyone else had any issues? 

TIA, ",2,1g42hln,LandroverDefender,https://www.reddit.com/r/LandroverDefender/comments/1g42hln/water_ingress_to_fuel_system_2010_24l_puma/,4,2024-10-15 07:51:03,Reddit,"As per the title, anyone had any water ingress issues to the fuel tank? Local mechanic suggests the fuel cap, but water has entered the fuel tank and been through the fuel pump. He's taking that out to send to a diesel mechanic to review if it's repairable. 

Anyone else had any issues? 

TIA, ",per title anyone water ingres issue fuel tank local mechanic suggests fuel cap water entered fuel tank fuel pump taking send diesel mechanic review repairable anyone else issue tia
Essential Mens Big Logo Hoodie,"

When is Puma restocking this in Canada ??? I have been trying to purchase for a while …",2,1g7ku9j,PUMA,https://i.redd.it/yk5yhp5llsvd1.jpeg,3,2024-10-19 22:51:43,Reddit,"

When is Puma restocking this in Canada ??? I have been trying to purchase for a while …",puma restocking canada trying purchase
Water Ingress into Fuel System - LR Defender 2.4l Puma ,"As per the title, have water ingress issues to the fuel tank. Local mechanic suggests the fuel cap, but water has entered the fuel tank and been through the fuel pump. He's taking that out to send to a diesel mechanic to review if it's repairable.  
Any ideas on other ways water can be entering the fuel tank? 

TIA,",3,1g42kf5,NZcarfix,https://www.reddit.com/r/NZcarfix/comments/1g42kf5/water_ingress_into_fuel_system_lr_defender_24l/,1,2024-10-15 07:57:43,Reddit,"As per the title, have water ingress issues to the fuel tank. Local mechanic suggests the fuel cap, but water has entered the fuel tank and been through the fuel pump. He's taking that out to send to a diesel mechanic to review if it's repairable.  
Any ideas on other ways water can be entering the fuel tank? 

TIA,",per title water ingres issue fuel tank local mechanic suggests fuel cap water entered fuel tank fuel pump taking send diesel mechanic review repairable idea way water entering fuel tank tia
Copped these kicks !,,8,1g7dfpt,SneakersIndia,https://www.reddit.com/gallery/1g7dfpt,3,2024-10-19 17:03:10,Reddit,Copped these kicks !,copped kick
Puma with wing mower.,,57,1g2gcac,tractors,https://i.redd.it/0oja5qn3vfud1.jpeg,2,2024-10-13 02:57:45,Reddit,Puma with wing mower.,puma wing mower
Terrestrial Megafauna of Holocene Australia,"# Birds
* Common ostrich (*Struthio camelus*) **160 kg**
* Southern cassowary (*Casuarius casuarius*) **76 kg**
* Emu (*Dromaius novaehollandiae*) **60 kg**
# Marsupials
* Red kangaroo (*Osphranter rufus*) **92 kg**
* Eastern grey kangaroo (*Macropus giganteus*) **91 kg**
* Western grey kangaroo (*Macropus fuliginosus*) **72 kg**
* Antilopine kangaroo (*Osphranter antilopinus*) **70 kg**
* Common wallaroo (*Osphranter robustus*) **60 kg**
# Placentals
* Scrub bull (*Bos indicus* × *Bos taurus*) **1,200 kg**
* River buffalo (*Bubalus bubalis*) **1,200 kg**
* Swamp buffalo/nganabbarru (*Bubalus carabanensis*) **1,200 kg**
* Bactrian camel (*Camelus bactrianus*) **1,000 kg**
* Dromedary (*Camelus dromedarius*) **1,000 kg**
* Banteng (*Bos javanicus*) **900 kg**
* Brumby (*Equus caballus*) **500 kg**
* Australian wild ass (*Equus asinus*) **300 kg**
* Sambar (*Rusa unicolor*) **300 kg**
* Razorback/Captain Cooker (*Sus scrofa domesticus*) **260 kg**
* Red deer (*Cervus elaphus*) **220 kg**
* Rusa (*Rusa timorensis*) **135 kg**
* Cougar (*Puma concolor*)? **125.2 kg**
* Fallow deer (*Dama dama*) **100 kg**
* Man (*Homo sapiens*) **87 kg**
* Axis deer (*Axis axis*) **85 kg**
* Papuan hog (*Sus scrofa papuensis*) **65.13 kg**
* Rangeland goat (*Capra hircus*) **60 kg**
* Blackbuck (*Antilope cervicapra*) **57 kg**
* Indochinese hog deer (*Hyelaphus porcinus*) **55 kg**",17,1g81huo,megafaunarewilding,https://www.reddit.com/r/megafaunarewilding/comments/1g81huo/terrestrial_megafauna_of_holocene_australia/,5,2024-10-20 15:38:39,Reddit,"# Birds
* Common ostrich (*Struthio camelus*) **160 kg**
* Southern cassowary (*Casuarius casuarius*) **76 kg**
* Emu (*Dromaius novaehollandiae*) **60 kg**
# Marsupials
* Red kangaroo (*Osphranter rufus*) **92 kg**
* Eastern grey kangaroo (*Macropus giganteus*) **91 kg**
* Western grey kangaroo (*Macropus fuliginosus*) **72 kg**
* Antilopine kangaroo (*Osphranter antilopinus*) **70 kg**
* Common wallaroo (*Osphranter robustus*) **60 kg**
# Placentals
* Scrub bull (*Bos indicus* × *Bos taurus*) **1,200 kg**
* River buffalo (*Bubalus bubalis*) **1,200 kg**
* Swamp buffalo/nganabbarru (*Bubalus carabanensis*) **1,200 kg**
* Bactrian camel (*Camelus bactrianus*) **1,000 kg**
* Dromedary (*Camelus dromedarius*) **1,000 kg**
* Banteng (*Bos javanicus*) **900 kg**
* Brumby (*Equus caballus*) **500 kg**
* Australian wild ass (*Equus asinus*) **300 kg**
* Sambar (*Rusa unicolor*) **300 kg**
* Razorback/Captain Cooker (*Sus scrofa domesticus*) **260 kg**
* Red deer (*Cervus elaphus*) **220 kg**
* Rusa (*Rusa timorensis*) **135 kg**
* Cougar (*Puma concolor*)? **125.2 kg**
* Fallow deer (*Dama dama*) **100 kg**
* Man (*Homo sapiens*) **87 kg**
* Axis deer (*Axis axis*) **85 kg**
* Papuan hog (*Sus scrofa papuensis*) **65.13 kg**
* Rangeland goat (*Capra hircus*) **60 kg**
* Blackbuck (*Antilope cervicapra*) **57 kg**
* Indochinese hog deer (*Hyelaphus porcinus*) **55 kg**",bird common ostrich struthio camelus 160 kg southern cassowary casuarius casuarius 76 kg emu dromaius novaehollandiae 60 kg marsupial red kangaroo osphranter rufus 92 kg eastern grey kangaroo macropus giganteus 91 kg western grey kangaroo macropus fuliginosus 72 kg antilopine kangaroo osphranter antilopinus 70 kg common wallaroo osphranter robustus 60 kg placental scrub bull bos indicus bos taurus 1 200 kg river buffalo bubalus bubalis 1 200 kg swamp buffalo nganabbarru bubalus carabanensis 1 200 kg bactrian camel camelus bactrianus 1 000 kg dromedary camelus dromedarius 1 000 kg banteng bos javanicus 900 kg brumby equus caballus 500 kg australian wild as equus asinus 300 kg sambar rusa unicolor 300 kg razorback captain cooker sus scrofa domesticus 260 kg red deer cervus elaphus 220 kg rusa rusa timorensis 135 kg cougar puma concolor 125 2 kg fallow deer dama dama 100 kg man homo sapiens 87 kg axis deer axis axis 85 kg papuan hog sus scrofa papuensis 65 13 kg rangeland goat capra hircus 60 kg blackbuck antilope cervicapra 57 kg indochinese hog deer hyelaphus porcinus 55 kg
Who are you most excited to see at Hulaween?,,124,1g914vc,festivals,https://i.redd.it/302plppre6wd1.png,70,2024-10-21 21:18:37,Reddit,Who are you most excited to see at Hulaween?,excited see hulaween
Should I waterproof the Puma Suede,"Just got a new pair of suedes and am wondering if I should waterproof them. I got the brown/gold colourway and I am hearing that suedes are pretty delicate and should be waterproof, is it true? And if so, can I just use any waterproof spray (those from like hardware stores) and not those expensive ones? Thanks in advance.",2,1g39zzu,PUMA,https://www.reddit.com/r/PUMA/comments/1g39zzu/should_i_waterproof_the_puma_suede/,9,2024-10-14 06:50:47,Reddit,"Just got a new pair of suedes and am wondering if I should waterproof them. I got the brown/gold colourway and I am hearing that suedes are pretty delicate and should be waterproof, is it true? And if so, can I just use any waterproof spray (those from like hardware stores) and not those expensive ones? Thanks in advance.",got new pair suede wondering waterproof got brown gold colourway hearing suede pretty delicate waterproof true use waterproof spray like hardware store expensive one thanks advance
Vintage kits for sale!,"Kit notes

2008 Netherlands Home kit, size small
Sneijder #10 very good condition. Nike
$75

2010 Germany home kit, size small. Very good condition. Adidas
$50

2009 Real Madrid V. Nistlerooy #17 champions league print kit, size medium. Very good condition. Adidas
$150

2019 Dortmund home kit. Size small. Excellent condition. Puma.
$50

2014 Manchester United Kit. Size medium. Premier league patches. Excellent condition. Nike.
$50

Album: https://imgur.com/a/bwOXoqu",3,1g7qava,KitSwap,https://www.reddit.com/r/KitSwap/comments/1g7qava/vintage_kits_for_sale/,5,2024-10-20 03:54:55,Reddit,"Kit notes

2008 Netherlands Home kit, size small
Sneijder #10 very good condition. Nike
$75

2010 Germany home kit, size small. Very good condition. Adidas
$50

2009 Real Madrid V. Nistlerooy #17 champions league print kit, size medium. Very good condition. Adidas
$150

2019 Dortmund home kit. Size small. Excellent condition. Puma.
$50

2014 Manchester United Kit. Size medium. Premier league patches. Excellent condition. Nike.
$50

Album: https://imgur.com/a/bwOXoqu",kit note 2008 netherlands home kit size small sneijder 10 good condition nike 75 2010 germany home kit size small good condition adidas 50 2009 real madrid v nistlerooy 17 champion league print kit size medium good condition adidas 150 2019 dortmund home kit size small excellent condition puma 50 2014 manchester united kit size medium premier league patch excellent condition nike 50 album
[Match Thread] Copa do Brasil: Vasco x Atlético-MG,"
# [Encerrado] Vasco 1 x 1 Atlético-MG  
**Gols Vasco:** *Vegetti (37/1T)*  
**Gols Atlético-MG:** *Hulk (36/2T)*  
  
---  
  
**Copa do Brasil - Semifinal**  
**Estádio:** São Januário  
**Data:** 19 de Outubro de 2024, 18:30  
**Transmissão:**  SporTV, Premiere, Amazon Prime  
[Link para Live Match Thread](https://reddit-stream.com/comments/1g7hb5p)  
**Post-Match Thread:** https://www.reddit.com/r/vasco/comments/1g7lp9k/postmatch_thread_copa_do_brasil_vasco_1_x_1/  
  
---  
  
Escalações:  
  
| Vasco (4-3-3) | Atlético-MG (3-5-2) |  
| :-- | :-- |  
| Léo Jardim, Paulo Henrique (Rossi), João Victor, Léo, Lucas Piton (Leandrinho), Hugo Moura (Sforza), Mateus Carvalho (Payet), Philippe Coutinho, Puma Rodríguez, Vegetti, Emerson Rodríguez (Rayan) | Everson, Lyanco, Battaglia, Junior Alonso, Rubens, Otávio, Alan Franco, Gustavo Scarpa, Guilherme Arana, Paulinho (Saravia), Hulk (Alisson) |  
| **Suplentes:** | **Suplentes:** |  
| Keiller, Maicon, Robert Rojas, Galdames, Maxime Dominguez, Jean David, Alex Teixeira | Matheus Mendes, Mariano, Bruno Fuchs, Igor Rabello, Paulo Vitor, Vitinho, Igor Gomes, Vargas, Alan Kardec, Palacios |  
| **Técnico:** Rafael Paiva | **Técnico:** Gabriel Milito |  
  
  
**Arbitragem:** Bruno Raphael Pires (Assistente 1), Bruno Boschilia (Assistente 2), Ramon Abatti Abel (Árbitro Principal), Lucas Paulo Torezin (Quarto Árbitro)  
  
---  
  
# Lances  
Começa o Primeiro Tempo!  
**15/1T** PARA FORA! Cocão chuta da entrada da área, de primeira, mas a bola sai perto do gol de Everson. É tiro de meta para o Atlético-MG. [[Video (0:12)](https://globoplay.globo.com/v/13028025)]  
**20/1T** DEFESAÇA DE LÉO JARDIM E TRAVE! Mais um cruzamento de Scarpa na área, Léo corta e Battaglia aproveita. O zagueiro finaliza, Léo Jardim defende e a bola bate na trave. Na sobra, Junior Alonso chuta para nova defesa do goleiro do Vasco! [[Video (0:17)](https://globoplay.globo.com/v/13028030)]  
**29/1T** PÊNALTI? Jogadores do Vasco pedem pênalti à arbitragem por toque no braço de Otávio após cruzamento de Piton. Momento de tensão em São Januário! [[Video (0:51)](https://globoplay.globo.com/v/13028060)]  
**34/1T** 🟨 QUASE QUATRO MINUTOS DEPOIS. O juiz enfim é chamado ao monitor do VAR na beira do gramado. Leandro Ávila, auxiliar de Gabriel Milito, recebe o cartão amarelo.  
**35/1T** PÊNALTI PARA O VASCO! Após longa checagem no monitor, o juiz marca penalidade máxima em São Januário! Jogo teve seis minutos de paralisação. [[Video (0:41)](https://globoplay.globo.com/v/13028063)]  
**37/1T** ⚽ **Gol do Vasco!** É gol do Pirata! Vegetti bate bem, desloca Everson e abre o placar para o Vasco de pênalti em São Januário! O placar agregado na semifinal da Copa do Brasil está empatado! [[Video (0:59)](https://globoplay.globo.com/v/13028079)]  
**43/1T** EVERSON EVITA O SEGUNDO! Arana erra o passe, e Coutinho aproveita para passar Puma. O uruguaio chuta na entrada da área e a bola quica traiçoeira antes de Everson fazer grande defesa! [[Video (0:13)](https://globoplay.globo.com/v/13028078)]  
**44/1T** MAIS UMA CHANCE! Piton bate escanteio, Vegetti cabeceia e Lyanco corta mal. Léo fica com a sobra na pequena área, mas chuta fraco e Everson defende! [[Video (0:11)](https://globoplay.globo.com/v/13028077)]  
**51/1T** 🟨  Cartão amarelo para Matheus Mendes por reclamação no banco.  
**53/1T** ⏱️ Termina o Primeiro Tempo!  
&nbsp;  
Começa o Segundo Tempo!  
**01/2T** CHANCE DO GALO! Jogada trabalhada do Atlético-MG pela esquerda. Rubens cruza para Paulinho, que finaliza e força Léo Jardim a saltar e defender logo no início do segundo tempo! [[Video (0:04)](https://globoplay.globo.com/v/13028172)]  
**02/2T** DESPERDIÇOU. Coutinho cruza da direita na segunda trave e a bola passa por todo mundo. Vegetti tenta, mas não consegue finalizar e lamenta a chance perdida. Segundo tempo começa quente! [[Video (0:11)](https://globoplay.globo.com/v/13028183)]  
**14/2T** PARA FORA! Paulo Henrique tabela com Puma e cruza para Vegetti, que cabeceia dentro da área do Atlético-MG. O argentino manda a bola para fora! [[Video (0:12)](https://globoplay.globo.com/v/13028228)]  
**20/2T** 🟨  Cartão amarelo para Puma Rodríguez por falta em Arana. É o primeiro amarelo da noite para jogadores em campo.  
**26/2T** 🔃 Substituição no Vasco: SAIU: Emerson Rodríguez, ENTROU: Rayan.  
**29/2T** QUE PERIGO! Paulinho recebe de Hulk e puxa contra-ataque perigoso para o Atlético-MG. Arana aparece mais à esquerda, recebe e devolve para o camisa 10, que finaliza. A bola desvia em João Victor antes de sair pela linha de fundo. Escanteio para o Galo! [[Video (0:09)](https://globoplay.globo.com/v/13028335)]  
**32/2T** 🔃 Substituição no Vasco: SAIU: Hugo Moura, ENTROU: Sforza.  
**33/2T** 🔃 Substituição no Vasco: SAIU: Lucas Piton, ENTROU: Leandrinho.  
**33/2T** 🟨  Cartão amarelo para Leandrinho, que acabou de entrar em campo, por falta forte em Scarpa.  
**36/2T** ⚽ **Gol do Atlético-MG!** Que golaço! Scarpa dá boa bola para Hulk, que manda um chutaço de fora da área. Léo Jardim salta, mas não consegue salvar. O Galo empata em São Januário e volta a estar em vantagem na eliminatória! [[Video (0:27)](https://globoplay.globo.com/v/13028414)]  
**41/2T** 🔃 Substituição no Vasco: SAIU: Mateus Carvalho, ENTROU: Payet.  
**41/2T** 🔃 Substituição no Vasco: SAIU: Paulo Henrique, ENTROU: Rossi.  
**42/2T** 🔃 Substituição no Atlético-MG: SAIU: Hulk, ENTROU: Alisson.  
**42/2T** 🟨  Cartão amarelo para João Victor por falta em Paulinho. Torcida do Atlético-MG vê o tempo passar e sobe o tom nas arquibancadas de São Januário.  
**43/2T** 🟨  Cartão amarelo para Gustavo Scarpa por falta em Rossi.  
**45/2T**  Payet cobra escanteio para o Vasco na entrada da pequena área, a defesa do Atlético-MG afasta e o francês é travado novamente na sequência. Puma tem a bola, cruza na área e Vegetti cabeceia para fora. [[Video (0:19)](https://globoplay.globo.com/v/13028438)]  
**48/2T** 🔃 Substituição no Atlético-MG: SAIU: Paulinho, ENTROU: Saravia.  
**50/2T** ⏱️ Termina o Segundo Tempo!  
&nbsp;  
Fim de Jogo!",13,1g7hb5p,vasco,https://www.reddit.com/r/vasco/comments/1g7hb5p/match_thread_copa_do_brasil_vasco_x_atléticomg/,215,2024-10-19 20:00:24,Reddit,"
# [Encerrado] Vasco 1 x 1 Atlético-MG  
**Gols Vasco:** *Vegetti (37/1T)*  
**Gols Atlético-MG:** *Hulk (36/2T)*  
  
---  
  
**Copa do Brasil - Semifinal**  
**Estádio:** São Januário  
**Data:** 19 de Outubro de 2024, 18:30  
**Transmissão:**  SporTV, Premiere, Amazon Prime  
[Link para Live Match Thread](https://reddit-stream.com/comments/1g7hb5p)  
**Post-Match Thread:** https://www.reddit.com/r/vasco/comments/1g7lp9k/postmatch_thread_copa_do_brasil_vasco_1_x_1/  
  
---  
  
Escalações:  
  
| Vasco (4-3-3) | Atlético-MG (3-5-2) |  
| :-- | :-- |  
| Léo Jardim, Paulo Henrique (Rossi), João Victor, Léo, Lucas Piton (Leandrinho), Hugo Moura (Sforza), Mateus Carvalho (Payet), Philippe Coutinho, Puma Rodríguez, Vegetti, Emerson Rodríguez (Rayan) | Everson, Lyanco, Battaglia, Junior Alonso, Rubens, Otávio, Alan Franco, Gustavo Scarpa, Guilherme Arana, Paulinho (Saravia), Hulk (Alisson) |  
| **Suplentes:** | **Suplentes:** |  
| Keiller, Maicon, Robert Rojas, Galdames, Maxime Dominguez, Jean David, Alex Teixeira | Matheus Mendes, Mariano, Bruno Fuchs, Igor Rabello, Paulo Vitor, Vitinho, Igor Gomes, Vargas, Alan Kardec, Palacios |  
| **Técnico:** Rafael Paiva | **Técnico:** Gabriel Milito |  
  
  
**Arbitragem:** Bruno Raphael Pires (Assistente 1), Bruno Boschilia (Assistente 2), Ramon Abatti Abel (Árbitro Principal), Lucas Paulo Torezin (Quarto Árbitro)  
  
---  
  
# Lances  
Começa o Primeiro Tempo!  
**15/1T** PARA FORA! Cocão chuta da entrada da área, de primeira, mas a bola sai perto do gol de Everson. É tiro de meta para o Atlético-MG. [[Video (0:12)](https://globoplay.globo.com/v/13028025)]  
**20/1T** DEFESAÇA DE LÉO JARDIM E TRAVE! Mais um cruzamento de Scarpa na área, Léo corta e Battaglia aproveita. O zagueiro finaliza, Léo Jardim defende e a bola bate na trave. Na sobra, Junior Alonso chuta para nova defesa do goleiro do Vasco! [[Video (0:17)](https://globoplay.globo.com/v/13028030)]  
**29/1T** PÊNALTI? Jogadores do Vasco pedem pênalti à arbitragem por toque no braço de Otávio após cruzamento de Piton. Momento de tensão em São Januário! [[Video (0:51)](https://globoplay.globo.com/v/13028060)]  
**34/1T** 🟨 QUASE QUATRO MINUTOS DEPOIS. O juiz enfim é chamado ao monitor do VAR na beira do gramado. Leandro Ávila, auxiliar de Gabriel Milito, recebe o cartão amarelo.  
**35/1T** PÊNALTI PARA O VASCO! Após longa checagem no monitor, o juiz marca penalidade máxima em São Januário! Jogo teve seis minutos de paralisação. [[Video (0:41)](https://globoplay.globo.com/v/13028063)]  
**37/1T** ⚽ **Gol do Vasco!** É gol do Pirata! Vegetti bate bem, desloca Everson e abre o placar para o Vasco de pênalti em São Januário! O placar agregado na semifinal da Copa do Brasil está empatado! [[Video (0:59)](https://globoplay.globo.com/v/13028079)]  
**43/1T** EVERSON EVITA O SEGUNDO! Arana erra o passe, e Coutinho aproveita para passar Puma. O uruguaio chuta na entrada da área e a bola quica traiçoeira antes de Everson fazer grande defesa! [[Video (0:13)](https://globoplay.globo.com/v/13028078)]  
**44/1T** MAIS UMA CHANCE! Piton bate escanteio, Vegetti cabeceia e Lyanco corta mal. Léo fica com a sobra na pequena área, mas chuta fraco e Everson defende! [[Video (0:11)](https://globoplay.globo.com/v/13028077)]  
**51/1T** 🟨  Cartão amarelo para Matheus Mendes por reclamação no banco.  
**53/1T** ⏱️ Termina o Primeiro Tempo!  
&nbsp;  
Começa o Segundo Tempo!  
**01/2T** CHANCE DO GALO! Jogada trabalhada do Atlético-MG pela esquerda. Rubens cruza para Paulinho, que finaliza e força Léo Jardim a saltar e defender logo no início do segundo tempo! [[Video (0:04)](https://globoplay.globo.com/v/13028172)]  
**02/2T** DESPERDIÇOU. Coutinho cruza da direita na segunda trave e a bola passa por todo mundo. Vegetti tenta, mas não consegue finalizar e lamenta a chance perdida. Segundo tempo começa quente! [[Video (0:11)](https://globoplay.globo.com/v/13028183)]  
**14/2T** PARA FORA! Paulo Henrique tabela com Puma e cruza para Vegetti, que cabeceia dentro da área do Atlético-MG. O argentino manda a bola para fora! [[Video (0:12)](https://globoplay.globo.com/v/13028228)]  
**20/2T** 🟨  Cartão amarelo para Puma Rodríguez por falta em Arana. É o primeiro amarelo da noite para jogadores em campo.  
**26/2T** 🔃 Substituição no Vasco: SAIU: Emerson Rodríguez, ENTROU: Rayan.  
**29/2T** QUE PERIGO! Paulinho recebe de Hulk e puxa contra-ataque perigoso para o Atlético-MG. Arana aparece mais à esquerda, recebe e devolve para o camisa 10, que finaliza. A bola desvia em João Victor antes de sair pela linha de fundo. Escanteio para o Galo! [[Video (0:09)](https://globoplay.globo.com/v/13028335)]  
**32/2T** 🔃 Substituição no Vasco: SAIU: Hugo Moura, ENTROU: Sforza.  
**33/2T** 🔃 Substituição no Vasco: SAIU: Lucas Piton, ENTROU: Leandrinho.  
**33/2T** 🟨  Cartão amarelo para Leandrinho, que acabou de entrar em campo, por falta forte em Scarpa.  
**36/2T** ⚽ **Gol do Atlético-MG!** Que golaço! Scarpa dá boa bola para Hulk, que manda um chutaço de fora da área. Léo Jardim salta, mas não consegue salvar. O Galo empata em São Januário e volta a estar em vantagem na eliminatória! [[Video (0:27)](https://globoplay.globo.com/v/13028414)]  
**41/2T** 🔃 Substituição no Vasco: SAIU: Mateus Carvalho, ENTROU: Payet.  
**41/2T** 🔃 Substituição no Vasco: SAIU: Paulo Henrique, ENTROU: Rossi.  
**42/2T** 🔃 Substituição no Atlético-MG: SAIU: Hulk, ENTROU: Alisson.  
**42/2T** 🟨  Cartão amarelo para João Victor por falta em Paulinho. Torcida do Atlético-MG vê o tempo passar e sobe o tom nas arquibancadas de São Januário.  
**43/2T** 🟨  Cartão amarelo para Gustavo Scarpa por falta em Rossi.  
**45/2T**  Payet cobra escanteio para o Vasco na entrada da pequena área, a defesa do Atlético-MG afasta e o francês é travado novamente na sequência. Puma tem a bola, cruza na área e Vegetti cabeceia para fora. [[Video (0:19)](https://globoplay.globo.com/v/13028438)]  
**48/2T** 🔃 Substituição no Atlético-MG: SAIU: Paulinho, ENTROU: Saravia.  
**50/2T** ⏱️ Termina o Segundo Tempo!  
&nbsp;  
Fim de Jogo!",encerrado vasco 1 x 1 atlético mg gols vasco vegetti 37 1t gols atlético mg hulk 36 2t copa brasil semifinal estádio são januário data 19 de outubro de 2024 18 30 transmissão sportv premiere amazon prime link para live match thread post match thread escalações vasco 4 3 3 atlético mg 3 5 2 léo jardim paulo henrique rossi joão victor léo lucas piton leandrinho hugo moura sforza mateus carvalho payet philippe coutinho puma rodríguez vegetti emerson rodríguez rayan everson lyanco battaglia junior alonso rubens otávio alan franco gustavo scarpa guilherme arana paulinho saravia hulk alisson suplentes suplentes keiller maicon robert rojas galdames maxime dominguez jean david alex teixeira matheus mendes mariano bruno fuchs igor rabello paulo vitor vitinho igor gomes vargas alan kardec palacios técnico rafael paiva técnico gabriel milito arbitragem bruno raphael pires assistente 1 bruno boschilia assistente 2 ramon abatti abel árbitro principal lucas paulo torezin quarto árbitro lance começa primeiro tempo 15 1t para forum cocão chuta da entrada da área de primeira ma bola sai perto gol de everson é tiro de meta para atlético mg video 0 12 20 1t defesaça de léo jardim e trave mais um cruzamento de scarpa na área léo corta e battaglia aproveita zagueiro finaliza léo jardim defende e bola bate na trave na sobra junior alonso chuta para nova defesa goleiro vasco video 0 17 29 1t pênalti jogadores vasco pedem pênalti à arbitragem por toque braço de otávio após cruzamento de piton momento de tensão em são januário video 0 51 34 1t quase quatro minutos depois juiz enfim é chamado ao monitor var na beira gramado leandro ávila auxiliar de gabriel milito recebe cartão amarelo 35 1t pênalti para vasco após longa checagem monitor juiz marca penalidade máxima em são januário jogo teve seis minutos de paralisação video 0 41 37 1t gol vasco é gol pirata vegetti bate bem desloca everson e abre placar para vasco de pênalti em são januário placar agregado na semifinal da copa brasil está empatado video 0 59 43 1t everson evita segundo arana erra passe e coutinho aproveita para passar puma uruguaio chuta na entrada da área e bola quica traiçoeira ante de everson fazer grande defesa video 0 13 44 1t mais uma chance piton bate escanteio vegetti cabeceia e lyanco corta mal léo fica com sobra na pequena área ma chuta fraco e everson defende video 0 11 51 1t cartão amarelo para matheus mendes por reclamação banco 53 1t termina primeiro tempo nbsp começa segundo tempo 01 2t chance galo jogada trabalhada atlético mg pela esquerda rubens cruza para paulinho que finaliza e força léo jardim saltar e defender logo início segundo tempo video 0 04 02 2t desperdiçou coutinho cruza da direita na segunda trave e bola passa por todo mundo vegetti tenta ma não consegue finalizar e lamenta chance perdida segundo tempo começa quente video 0 11 14 2t para forum paulo henrique tabela com puma e cruza para vegetti que cabeceia dentro da área atlético mg argentino manda bola para forum video 0 12 20 2t cartão amarelo para puma rodríguez por falta em arana é primeiro amarelo da noite para jogadores em campo 26 2t substituição vasco saiu emerson rodríguez entrou rayan 29 2t que perigo paulinho recebe de hulk e puxa contra ataque perigoso para atlético mg arana aparece mais à esquerda recebe e devolve para camisa 10 que finaliza bola desvia em joão victor ante de sair pela linha de fundo escanteio para galo video 0 09 32 2t substituição vasco saiu hugo moura entrou sforza 33 2t substituição vasco saiu lucas piton entrou leandrinho 33 2t cartão amarelo para leandrinho que acabou de entrar em campo por falta forte em scarpa 36 2t gol atlético mg que golaço scarpa dá boa bola para hulk que manda um chutaço de forum da área léo jardim salta ma não consegue salvar galo empata em são januário e volta estar em vantagem na eliminatória video 0 27 41 2t substituição vasco saiu mateus carvalho entrou payet 41 2t substituição vasco saiu paulo henrique entrou rossi 42 2t substituição atlético mg saiu hulk entrou alisson 42 2t cartão amarelo para joão victor por falta em paulinho torcida atlético mg vê tempo passar e sobe tom na arquibancadas de são januário 43 2t cartão amarelo para gustavo scarpa por falta em rossi 45 2t payet cobra escanteio para vasco na entrada da pequena área defesa atlético mg afasta e francês é travado novamente na sequência puma tem bola cruza na área e vegetti cabeceia para forum video 0 19 48 2t substituição atlético mg saiu paulinho entrou saravia 50 2t termina segundo tempo nbsp fim de jogo
[Post-Match Thread] Copa do Brasil: Vasco 1 x 1 Atlético-MG,"
# [Encerrado] Vasco 1 x 1 Atlético-MG  
**Gols Vasco:** *Vegetti (37/1T)*  
**Gols Atlético-MG:** *Hulk (36/2T)*  
  
---  
  
Escalações:  
  
| Vasco (4-3-3) | Atlético-MG (3-5-2) |  
| :-- | :-- |  
| Léo Jardim, Paulo Henrique (Rossi), João Victor, Léo, Lucas Piton (Leandrinho), Hugo Moura (Sforza), Mateus Carvalho (Payet), Philippe Coutinho, Puma Rodríguez, Vegetti, Emerson Rodríguez (Rayan) | Everson, Lyanco, Battaglia, Junior Alonso, Rubens, Otávio, Alan Franco, Gustavo Scarpa, Guilherme Arana, Paulinho (Saravia), Hulk (Alisson) |  
| **Suplentes:** | **Suplentes:** |  
| Keiller, Maicon, Robert Rojas, Galdames, Maxime Dominguez, Jean David, Alex Teixeira | Matheus Mendes, Mariano, Bruno Fuchs, Igor Rabello, Paulo Vitor, Vitinho, Igor Gomes, Vargas, Alan Kardec, Palacios |  
| **Técnico:** Rafael Paiva | **Técnico:** Gabriel Milito |  
  
  
**Arbitragem:** Bruno Raphael Pires (Assistente 1), Bruno Boschilia (Assistente 2), Ramon Abatti Abel (Árbitro Principal), Lucas Paulo Torezin (Quarto Árbitro)  
  
---  
  
Estatísticas  
  
Vasco da Gama | Estatística | Atlético-MG  
:---: | :---: | :---:  
34% | Posse de Bola | 66%  
2.01 | Gols Esperados (xG) | 0.45  
3/11 (27%) | Finalizações Certas/Total | 3/6 (50%)  
4 | Finalizações Erradas | 1  
0 | Finalizações na Trave | 1  
4 | Chutes Bloqueados | 2  
2 | Defesas de Goleiro | 2  
2 | Chances Claras | 0  
139/209 (67%) | Passes Certos/Total | 367/436 (84%)  
6 | Escanteios | 4  
26 | Cruzamentos | 10  
0 | Impedimentos | 0  
7 | Tiro Livre | 13  
18 | Arremessos Laterais | 20  
71 | Ataques | 91  
13 | Faltas | 9  
16 | Desarmes | 7  
7 | Tiro de Meta | 4  
3 | Cartões Amarelos | 2  
0 | Cartões Vermelhos | 0  
  
  
---  

### Vídeos  
  
**15/1T** [Finalização errada de Mateus Carvalho do Vasco contra o Atlético-MG (0:12)](https://globoplay.globo.com/v/13028025)   
**20/1T** [Chute de dentro da área na trave de Rodrigo Battaglia do Atlético-MG contra o Vasco (0:17)](https://globoplay.globo.com/v/13028030)   
**29/1T** [Jogadores do Vasco pedem pênalti à arbitragem por toque no braço de Otávio após cruzamento de Piton (0:51)](https://globoplay.globo.com/v/13028060)   
**35/1T** [Após dois minutos de análise, VAR dá pênalti para o Vasco (0:41)](https://globoplay.globo.com/v/13028063)   
**37/1T** ⚽ [Gol do Vasco! Vegetti cobra pênalti e marca o primeiro da partida! (0:59)](https://globoplay.globo.com/v/13028079)   
**43/1T** [Puma Rodríguez acerta bom chute, e Everson faz grande defesa (0:13)](https://globoplay.globo.com/v/13028078)   
**44/1T** [Léo fica com a sobra na pequena área, mas chuta fraco e Everson defende (0:11)](https://globoplay.globo.com/v/13028077)   
**01/2T** [Paulinho chuta forte e Léo Jardim faz boa defesa (0:04)](https://globoplay.globo.com/v/13028172)   
**02/2T** [Vegetti tenta, mas não consegue finalizar e lamenta a chance perdida (0:11)](https://globoplay.globo.com/v/13028183)   
**14/2T** [Vegett cabeceia de dentro da área, mas manda a bola para fora (0:12)](https://globoplay.globo.com/v/13028228)   
**29/2T** [Paulinho finaliza bem, mas a bola desvia em João Victor e sai pela linha de fundo (0:09)](https://globoplay.globo.com/v/13028335)   
**36/2T** ⚽ [Gol do Atlético-MG! Hulk marca um golaço e empata em São Januário (0:27)](https://globoplay.globo.com/v/13028414)   
**45/2T** [Puma tem a bola, cruza na área e Vegetti cabeceia para fora (0:19)](https://globoplay.globo.com/v/13028438) 

---  
**Match Thread:** https://www.reddit.com/r/vasco/comments/1g7hb5p/match_thread_copa_do_brasil_vasco_x_atléticomg/",15,1g7lp9k,vasco,https://www.reddit.com/r/vasco/comments/1g7lp9k/postmatch_thread_copa_do_brasil_vasco_1_x_1/,101,2024-10-19 23:34:31,Reddit,"
# [Encerrado] Vasco 1 x 1 Atlético-MG  
**Gols Vasco:** *Vegetti (37/1T)*  
**Gols Atlético-MG:** *Hulk (36/2T)*  
  
---  
  
Escalações:  
  
| Vasco (4-3-3) | Atlético-MG (3-5-2) |  
| :-- | :-- |  
| Léo Jardim, Paulo Henrique (Rossi), João Victor, Léo, Lucas Piton (Leandrinho), Hugo Moura (Sforza), Mateus Carvalho (Payet), Philippe Coutinho, Puma Rodríguez, Vegetti, Emerson Rodríguez (Rayan) | Everson, Lyanco, Battaglia, Junior Alonso, Rubens, Otávio, Alan Franco, Gustavo Scarpa, Guilherme Arana, Paulinho (Saravia), Hulk (Alisson) |  
| **Suplentes:** | **Suplentes:** |  
| Keiller, Maicon, Robert Rojas, Galdames, Maxime Dominguez, Jean David, Alex Teixeira | Matheus Mendes, Mariano, Bruno Fuchs, Igor Rabello, Paulo Vitor, Vitinho, Igor Gomes, Vargas, Alan Kardec, Palacios |  
| **Técnico:** Rafael Paiva | **Técnico:** Gabriel Milito |  
  
  
**Arbitragem:** Bruno Raphael Pires (Assistente 1), Bruno Boschilia (Assistente 2), Ramon Abatti Abel (Árbitro Principal), Lucas Paulo Torezin (Quarto Árbitro)  
  
---  
  
Estatísticas  
  
Vasco da Gama | Estatística | Atlético-MG  
:---: | :---: | :---:  
34% | Posse de Bola | 66%  
2.01 | Gols Esperados (xG) | 0.45  
3/11 (27%) | Finalizações Certas/Total | 3/6 (50%)  
4 | Finalizações Erradas | 1  
0 | Finalizações na Trave | 1  
4 | Chutes Bloqueados | 2  
2 | Defesas de Goleiro | 2  
2 | Chances Claras | 0  
139/209 (67%) | Passes Certos/Total | 367/436 (84%)  
6 | Escanteios | 4  
26 | Cruzamentos | 10  
0 | Impedimentos | 0  
7 | Tiro Livre | 13  
18 | Arremessos Laterais | 20  
71 | Ataques | 91  
13 | Faltas | 9  
16 | Desarmes | 7  
7 | Tiro de Meta | 4  
3 | Cartões Amarelos | 2  
0 | Cartões Vermelhos | 0  
  
  
---  

### Vídeos  
  
**15/1T** [Finalização errada de Mateus Carvalho do Vasco contra o Atlético-MG (0:12)](https://globoplay.globo.com/v/13028025)   
**20/1T** [Chute de dentro da área na trave de Rodrigo Battaglia do Atlético-MG contra o Vasco (0:17)](https://globoplay.globo.com/v/13028030)   
**29/1T** [Jogadores do Vasco pedem pênalti à arbitragem por toque no braço de Otávio após cruzamento de Piton (0:51)](https://globoplay.globo.com/v/13028060)   
**35/1T** [Após dois minutos de análise, VAR dá pênalti para o Vasco (0:41)](https://globoplay.globo.com/v/13028063)   
**37/1T** ⚽ [Gol do Vasco! Vegetti cobra pênalti e marca o primeiro da partida! (0:59)](https://globoplay.globo.com/v/13028079)   
**43/1T** [Puma Rodríguez acerta bom chute, e Everson faz grande defesa (0:13)](https://globoplay.globo.com/v/13028078)   
**44/1T** [Léo fica com a sobra na pequena área, mas chuta fraco e Everson defende (0:11)](https://globoplay.globo.com/v/13028077)   
**01/2T** [Paulinho chuta forte e Léo Jardim faz boa defesa (0:04)](https://globoplay.globo.com/v/13028172)   
**02/2T** [Vegetti tenta, mas não consegue finalizar e lamenta a chance perdida (0:11)](https://globoplay.globo.com/v/13028183)   
**14/2T** [Vegett cabeceia de dentro da área, mas manda a bola para fora (0:12)](https://globoplay.globo.com/v/13028228)   
**29/2T** [Paulinho finaliza bem, mas a bola desvia em João Victor e sai pela linha de fundo (0:09)](https://globoplay.globo.com/v/13028335)   
**36/2T** ⚽ [Gol do Atlético-MG! Hulk marca um golaço e empata em São Januário (0:27)](https://globoplay.globo.com/v/13028414)   
**45/2T** [Puma tem a bola, cruza na área e Vegetti cabeceia para fora (0:19)](https://globoplay.globo.com/v/13028438) 

---  
**Match Thread:** https://www.reddit.com/r/vasco/comments/1g7hb5p/match_thread_copa_do_brasil_vasco_x_atléticomg/",encerrado vasco 1 x 1 atlético mg gols vasco vegetti 37 1t gols atlético mg hulk 36 2t escalações vasco 4 3 3 atlético mg 3 5 2 léo jardim paulo henrique rossi joão victor léo lucas piton leandrinho hugo moura sforza mateus carvalho payet philippe coutinho puma rodríguez vegetti emerson rodríguez rayan everson lyanco battaglia junior alonso rubens otávio alan franco gustavo scarpa guilherme arana paulinho saravia hulk alisson suplentes suplentes keiller maicon robert rojas galdames maxime dominguez jean david alex teixeira matheus mendes mariano bruno fuchs igor rabello paulo vitor vitinho igor gomes vargas alan kardec palacios técnico rafael paiva técnico gabriel milito arbitragem bruno raphael pires assistente 1 bruno boschilia assistente 2 ramon abatti abel árbitro principal lucas paulo torezin quarto árbitro estatísticas vasco da gama estatística atlético mg 34 posse de bola 66 2 01 gols esperados xg 0 45 3 11 27 finalizações certas total 3 6 50 4 finalizações erradas 1 0 finalizações na trave 1 4 chute bloqueados 2 2 defesas de goleiro 2 2 chance claras 0 139 209 67 pass certos total 367 436 84 6 escanteios 4 26 cruzamentos 10 0 impedimentos 0 7 tiro livre 13 18 arremessos laterais 20 71 ataques 91 13 faltas 9 16 desarmes 7 7 tiro de meta 4 3 cartões amarelos 2 0 cartões vermelhos 0 vídeos 15 1t finalização errada de mateus carvalho vasco contra atlético mg 0 12 20 1t chute de dentro da área na trave de rodrigo battaglia atlético mg contra vasco 0 17 29 1t jogadores vasco pedem pênalti à arbitragem por toque braço de otávio após cruzamento de piton 0 51 35 1t após doi minutos de análise var dá pênalti para vasco 0 41 37 1t gol vasco vegetti cobra pênalti e marca primeiro da partida 0 59 43 1t puma rodríguez acerta bom chute e everson faz grande defesa 0 13 44 1t léo fica com sobra na pequena área ma chuta fraco e everson defende 0 11 01 2t paulinho chuta forte e léo jardim faz boa defesa 0 04 02 2t vegetti tenta ma não consegue finalizar e lamenta chance perdida 0 11 14 2t vegett cabeceia de dentro da área ma manda bola para forum 0 12 29 2t paulinho finaliza bem ma bola desvia em joão victor e sai pela linha de fundo 0 09 36 2t gol atlético mg hulk marca um golaço e empata em são januário 0 27 45 2t puma tem bola cruza na área e vegetti cabeceia para forum 0 19 match thread
Hulaween 2024 3d print drop https://www.headythready.com/prints/hulaween2024,,55,1g8whot,hulaween,https://i.redd.it/yzrb8rych5wd1.jpeg,10,2024-10-21 18:11:11,Reddit,Hulaween 2024 3d print drop https://www.headythready.com/prints/hulaween2024,hulaween 2024 3d print drop
Multiracial bands suggestions?,"My niece and I like to pick a topic and then make playlists for each other.  So this month we chose multi-racial bands from each decade starting with 1940.  (It can't just be random music, it has to be music we think each other would like).  I think she's into pop and Americana. I can't remember anything though.
I got; Sly and The Family Stones, Karl Densons Tiny Universe, and  Black Pumas.  Any suggestions?",3,1g7nfab,musicsuggestions,https://www.reddit.com/r/musicsuggestions/comments/1g7nfab/multiracial_bands_suggestions/,32,2024-10-20 01:05:23,Reddit,"My niece and I like to pick a topic and then make playlists for each other.  So this month we chose multi-racial bands from each decade starting with 1940.  (It can't just be random music, it has to be music we think each other would like).  I think she's into pop and Americana. I can't remember anything though.
I got; Sly and The Family Stones, Karl Densons Tiny Universe, and  Black Pumas.  Any suggestions?",niece like pick topic make playlist month chose multi racial band decade starting 1940 random music music think would like think pop americana remember anything though got sly family stone karl densons tiny universe black puma suggestion
Dijons Instagram,Did anyone else notice that Dijon deleted most of his instagram posts??,44,1g7f5fq,dijondijon,https://i.redd.it/8e7kk1t79rvd1.jpeg,12,2024-10-19 18:20:38,Reddit,Did anyone else notice that Dijon deleted most of his instagram posts??,anyone else notice dijon deleted instagram post
2024 ford puma livery,,5,1g2kpnd,EASPORTSWRC,https://www.reddit.com/gallery/1g2kpnd,4,2024-10-13 07:57:35,Reddit,2024 ford puma livery,2024 ford puma livery
"Ind Vs NZ 1st Test Update: बारिश ने खेल में डाला ब्रेक, लेकिन Sarfaraz Khan ने टेस्ट करियर का पहला शतक जड़कर रचा इतिहास. Rishabh Pant ने भी ठोका अर्धशतक, भारत न्यूजीलैंड से सिर्फ 12 रन पीछे. क्या मैच में आएगा नया मोड़?",,10,1g76fzs,AajTakHindiNews,https://i.redd.it/69krpwmh2pvd1.jpeg,0,2024-10-19 11:01:56,Reddit,"Ind Vs NZ 1st Test Update: बारिश ने खेल में डाला ब्रेक, लेकिन Sarfaraz Khan ने टेस्ट करियर का पहला शतक जड़कर रचा इतिहास. Rishabh Pant ने भी ठोका अर्धशतक, भारत न्यूजीलैंड से सिर्फ 12 रन पीछे. क्या मैच में आएगा नया मोड़?",ind v nz 1st test update ब र श न ख ल म ड ल ब र क ल क न sarfaraz khan न ट स ट कर यर क पहल शतक जड कर रच इत ह स rishabh pant न भ ठ क अर धशतक भ रत न य ज ल ड स स र फ 12 रन प छ क य म च म आएग नय म ड
Selling these for adopt me cash!,"Trading all these for adopt me cash: 
Clownfish
Pine Marten
Shiba Inu
Swordfish

Dotted Eggy
Snow Puma
Weevil
Parakeet x 2
Ox x 2

Dracula Fish x 3
Donkey
Rodeo Bull
Rattlesnake

Ant x 2

I do have some vehicles and pet wear too that id be willing to sell, dm about these if interested!
",2,1g7j9l0,AdoptMeRBX,https://www.reddit.com/r/AdoptMeRBX/comments/1g7j9l0/selling_these_for_adopt_me_cash/,10,2024-10-19 21:33:30,Reddit,"Trading all these for adopt me cash: 
Clownfish
Pine Marten
Shiba Inu
Swordfish

Dotted Eggy
Snow Puma
Weevil
Parakeet x 2
Ox x 2

Dracula Fish x 3
Donkey
Rodeo Bull
Rattlesnake

Ant x 2

I do have some vehicles and pet wear too that id be willing to sell, dm about these if interested!
",trading adopt cash clownfish pine marten shiba inu swordfish dotted eggy snow puma weevil parakeet x 2 ox x 2 dracula fish x 3 donkey rodeo bull rattlesnake ant x 2 vehicle pet wear id willing sell dm interested
DDLM Día de los muertos suede XL,,5,1g8xds9,PUMA,https://i.redd.it/c1vg5xbqn5wd1.jpeg,0,2024-10-21 18:46:55,Reddit,DDLM Día de los muertos suede XL,ddlm día de los muertos suede xl
2025 Ford Explorer EV (euro)… the official car of?,,27,1g77sym,regularcarreviews,https://i.redd.it/za9z1bwiipvd1.jpeg,29,2024-10-19 12:29:14,Reddit,2025 Ford Explorer EV (euro)… the official car of?,2025 ford explorer ev euro official car
Puma promo,,23,1g1wcgs,FridolinaRolfohot,https://www.reddit.com/gallery/1g1wcgs,0,2024-10-12 09:22:19,Reddit,Puma promo,puma promo
GIVANILDO VIEIRA DE SOUSA,"ELE É DIFERENTE, HISTÓRICO, GÊNIO DO ESPORTE BRETÃO.

Everson: me matou de medo naquele chute do Puma, fora isso foi só cortar bola na área, todo mundo sabia que a jogada deles seria essa.

Lyanco: bom jogo, a crescente dele é muito boa

Battaglia: Vegetti não se criou de novo, fez gol de pênalti e acabou

Alonso: muito bem na criação, defensivamente também 

Rubens: entrega de sempre mesmo sem a intimidade com a bola que o resto do elenco tem

Otávio: tava xingando ele até os 40 do segundo tempo, pode refazer aquele vídeo dele elogiando o Hulk e elogiar O TRIPLO

Franco: hoje ele foi imperceptível, mas não cometeu erros 

Arana: não foi uma partida de gênio igual a ida, mas foi útil 

Scarpa: meio apagado mas uma trivela salvou a partida dele, ter ficado sem um jogador desse por um ano custou um Brasileirão 

Paulinho: meio apagado, mas dessa vez os gols que perdeu não eram feitos

Hulk: te amo, não preciso falar mais nada

Alisson: nem teve o contra-ataque, entrou pra dar um gás 

Saravia: entrou pra marcar, se não tomou gol fez muito bem

Igor Gomes:

Agora é virar a chave, volta pra BH e pensa no River, jogos sem brilho coletivo os craques resolvem. Seguimos para a quarta final em 10 anos, grande marca!!",81,1g7mc94,Galo,https://www.reddit.com/r/Galo/comments/1g7mc94/givanildo_vieira_de_sousa/,21,2024-10-20 00:06:44,Reddit,"ELE É DIFERENTE, HISTÓRICO, GÊNIO DO ESPORTE BRETÃO.

Everson: me matou de medo naquele chute do Puma, fora isso foi só cortar bola na área, todo mundo sabia que a jogada deles seria essa.

Lyanco: bom jogo, a crescente dele é muito boa

Battaglia: Vegetti não se criou de novo, fez gol de pênalti e acabou

Alonso: muito bem na criação, defensivamente também 

Rubens: entrega de sempre mesmo sem a intimidade com a bola que o resto do elenco tem

Otávio: tava xingando ele até os 40 do segundo tempo, pode refazer aquele vídeo dele elogiando o Hulk e elogiar O TRIPLO

Franco: hoje ele foi imperceptível, mas não cometeu erros 

Arana: não foi uma partida de gênio igual a ida, mas foi útil 

Scarpa: meio apagado mas uma trivela salvou a partida dele, ter ficado sem um jogador desse por um ano custou um Brasileirão 

Paulinho: meio apagado, mas dessa vez os gols que perdeu não eram feitos

Hulk: te amo, não preciso falar mais nada

Alisson: nem teve o contra-ataque, entrou pra dar um gás 

Saravia: entrou pra marcar, se não tomou gol fez muito bem

Igor Gomes:

Agora é virar a chave, volta pra BH e pensa no River, jogos sem brilho coletivo os craques resolvem. Seguimos para a quarta final em 10 anos, grande marca!!",ele é diferente histórico gênio esporte bretão everson matou de medo naquele chute puma forum isso foi só cortar bola na área todo mundo sabia que jogada deles seria essa lyanco bom jogo crescente dele é muito boa battaglia vegetti não se criou de novo fez gol de pênalti e acabou alonso muito bem na criação defensivamente também rubens entrega de sempre mesmo sem intimidade com bola que resto elenco tem otávio tava xingando ele até o 40 segundo tempo pode refazer aquele vídeo dele elogiando hulk e elogiar triplo franco hoje ele foi imperceptível ma não cometeu erros arana não foi uma partida de gênio igual ida ma foi útil scarpa meio apagado ma uma trivela salvou partida dele ter ficado sem um jogador desse por um ano custou um brasileirão paulinho meio apagado ma dessa vez o gols que perdeu não eram feitos hulk te amo não preciso falar mais nada alisson nem teve contra ataque entrou pra dar um gás saravia entrou pra marcar se não tomou gol fez muito bem igor gomes agora é virar chave volta pra bh e pensa river jogos sem brilho coletivo o craques resolvem seguimos para quarta final em 10 ano grande marca
The question about modern tank side additional armor ,"I think the modern tank side armor lack of protection against atgm and rpg round.
The AMAP sc side armor of leopard 2 only have nearly 600mm of protection against rpg ,but the much better round like rpg7vr rpg29 have ability to penetrate 800mm of armor and atgm like 9m133 can penetrate more than 1200mm of armor. All of them equipped are tandem.the puma side era I think only have 400mm of ce protection.
And the Ukraine abrams equipped with tusk even got destroyed by gun launched missile of russian tanks.the missile hit the tusk and penetrate it.
And the tank equipped with aps are a very little numbers . I don’t see why western countries don’t have a better side additional armor.
Especially when the optical fiber drone can easily hit the weak spot. And western don’t have ERA blocks that can cover those weak spot.which makes them can get easily immobilized by FPV and rpg.",64,1g7be9j,tanks,https://www.reddit.com/gallery/1g7be9j,12,2024-10-19 15:29:28,Reddit,"I think the modern tank side armor lack of protection against atgm and rpg round.
The AMAP sc side armor of leopard 2 only have nearly 600mm of protection against rpg ,but the much better round like rpg7vr rpg29 have ability to penetrate 800mm of armor and atgm like 9m133 can penetrate more than 1200mm of armor. All of them equipped are tandem.the puma side era I think only have 400mm of ce protection.
And the Ukraine abrams equipped with tusk even got destroyed by gun launched missile of russian tanks.the missile hit the tusk and penetrate it.
And the tank equipped with aps are a very little numbers . I don’t see why western countries don’t have a better side additional armor.
Especially when the optical fiber drone can easily hit the weak spot. And western don’t have ERA blocks that can cover those weak spot.which makes them can get easily immobilized by FPV and rpg.",think modern tank side armor lack protection atgm rpg round amap sc side armor leopard 2 nearly 600mm protection rpg much better round like rpg7vr rpg29 ability penetrate 800mm armor atgm like 9m133 penetrate 1200mm armor equipped tandem puma side era think 400mm ce protection ukraine abrams equipped tusk even got destroyed gun launched missile russian tank missile hit tusk penetrate tank equipped aps little number see western country better side additional armor especially optical fiber drone easily hit weak spot western era block cover weak spot make get easily immobilized fpv rpg
What should I name my new cat?,"I have 2 persian cats and today morning, I adopted a stray which is a mixed breed local cat.

the two persian cats are about 2+ years old and the new one I adopted is approximately 3+ months old.

  
1st : Panther - The wise

2nd : Puma - The Brave

Idk what to name the third, sadly cant share images in the community. will post images in the comments",7,1g79r26,AskIndia,https://www.reddit.com/r/AskIndia/comments/1g79r26/what_should_i_name_my_new_cat/,30,2024-10-19 14:10:29,Reddit,"I have 2 persian cats and today morning, I adopted a stray which is a mixed breed local cat.

the two persian cats are about 2+ years old and the new one I adopted is approximately 3+ months old.

  
1st : Panther - The wise

2nd : Puma - The Brave

Idk what to name the third, sadly cant share images in the community. will post images in the comments",2 persian cat today morning adopted stray mixed breed local cat two persian cat 2 year old new one adopted approximately 3 month old 1st panther wise 2nd puma brave idk name third sadly cant share image community post image comment
Taiwan’s Robert Tsao and Puma Shen Face Sanctions from China,,22,1g3ch6o,craftofintelligence,https://regtechtimes.com/robert-tsao-and-puma-shen-face-sanctions-from-chi/,0,2024-10-14 10:18:09,Reddit,Taiwan’s Robert Tsao and Puma Shen Face Sanctions from China,taiwan robert tsao puma shen face sanction china
"Dubai, UAE | October 18, 2024 🇦🇪📸",[@sebsharfam2 on X 📸](https://x.com/sebsharfam2/status/1847321404787548177?s=46&t=j02K5hE9Is2MADzrgCEAYQ),47,1g6oxdh,elenarybakina,https://i.redd.it/pnes00c34kvd1.jpeg,2,2024-10-18 18:19:25,Reddit,[@sebsharfam2 on X 📸](https://x.com/sebsharfam2/status/1847321404787548177?s=46&t=j02K5hE9Is2MADzrgCEAYQ),sebsharfam2 x
Puma,,28,1g1neow,rs_x,https://i.redd.it/aeehu1smr7ud1.jpeg,3,2024-10-11 23:44:09,Reddit,Puma,puma
6 years and still running!,"Have worn these in every situation from wedding to trekking, from 50'c heat of Rajasthan to -11'c in Tawang. The midsole stitching is finally starting to separate. Is it the time to replace them? Please suggest some sneakers for their replacement.
Amen!",38,1g6j1lm,SneakersIndia,https://i.redd.it/b2x7pmk7wivd1.jpeg,8,2024-10-18 14:13:28,Reddit,"Have worn these in every situation from wedding to trekking, from 50'c heat of Rajasthan to -11'c in Tawang. The midsole stitching is finally starting to separate. Is it the time to replace them? Please suggest some sneakers for their replacement.
Amen!",worn every situation wedding trekking 50 c heat rajasthan 11 c tawang midsole stitching finally starting separate time replace please suggest sneaker replacement amen
Puma's Velvet brown like colorways lowkey look better than upcoming Travis's IMO,The gold lettering and white stiching on the GV make it pop a bit more to me,1,1g3xipo,Sneakers,https://www.reddit.com/gallery/1g3xipo,3,2024-10-15 02:30:17,Reddit,The gold lettering and white stiching on the GV make it pop a bit more to me,gold lettering white stiching gv make pop bit
Joyabuy 8kg Mega Mystery Box: 35 Mystery Kits,"Hello! I decided to take a risk and order 35 player version mystery kits with print from joyabuy priced at $6 each. I’m gonna detail my full experience below.

Important Dates:

Order Placed to JoyaBuy- 9/28

Order Placed to Seller - 9/29

Order Shipped to Warehouse- 9/29

Order Arrived to Warehouse + QC Photos 10/03

Rehearsal Packaging Requested- 10/3

Rehearsal Concluded- 10/9

Order Shipped from Warehouse- 10/11

Order Arrives at Distribution Center- 10/14

Order Received- 10/21

I asked Joyabuy to remove the packaging (i.e the bags to minimize weight costs) on several occasions and they did not honor the request, and I was likely penalized for it. The kits were also shoved back into the bags without being folded, which is unfortunate.

Shipping was $145 for 8kg. It was just as much for the kits themselves. Remember it was Golden Week in China during my order period, so the services could be faster or slower for yours. Total damage to my wallet was $300.

The QC photos were good. It showed what I needed to know; the size, the print, and if the kits were player version. I was satisfied with my agent’s help through the process. I didn’t get any QC pictures for 1 kit but the agent assured there was 35 exactly when I asked. Joyabuy had a special request section for this product where you could exclude/include certain teams and I asked for Bayern Munich while excluding Real Madrid kits. Neither happened.

The jerseys had an interesting distribution. Since I received over 100 QC pictures, it wouldn’t have made sense to post all of them. So, I’ll review each jersey from the list and if anyone wants more photos or additional comments, say so below.

The list is as follows. My criteria are based on the kit looks, how it fits, player name, accuracy on the replication, and my own personal opinion (e.g I use these shirts as gym tops, and so I want them to reflect a slightly more muscular build).

*1. Liverpool 23/24 Third- Salah:* ***8.5/10*** Violet colored kit with accurate fit to my body size. I am a fan of Salah as well. The Nike logo and Liverpool logo had these strange colored spots that I do not like.

*2. Tottenham 23/24 Third- Son* ***8/10*** I don't necessarily like the tan color. However, the shirt fits my slightly muscular almost perfectly. This shirt has the same spots on the Nike and Tottenham logo as the kit above it, and it looks worse on the tan color.

*3. Manchester United 23/24 Training: Hojlund* ***9/10*** The shirt fits beautifully and I love the darker black/red patterns. I did not like the player choice.

*4. Germany 2024 Home- Musiala* ***10/10*** Beautiful pattern on the shoulders reflecting the German flag. Player choice is perfect, and the shirt fits my body well.

*5. Germany 2024 Away- Musiala* ***10/10*** Pink/Violet colored away kit with heat pressed shoulder patterns rather than stitched. I own this kit already, only difference is the one I own has patches. Everything else is identical.

*6. Brazil 2024 Home- Neymar* ***5/10*** Let me state right now, ***I HATE SHIRTS WITH CENTERED BADGES.*** This is your typical Brazil canary yellow and green kit. However, the neck stick outs awkwardly, and the print is ugly. Additionally, Neymar tore his ACL on October 17th, 2023, which is prior to the release of this shirt, and such has never officially worn it (#10 for Brazil in the 2024 Copa America was Rodrygo).

*7. England 2024 Home- Bellingham* ***8/10*** Classic England white shirt with a great player on it. Fits great. However, it has the same issue a lot of these Nike kits do with the awkward neck detail sticking out.

*8. Liverpool 24/25- Darwin* ***3/10*** By far the worst kit of the package. This one had several stitching errors and part of the detail on the back of the shirt was peeled off. Shirt itself is striped and has polo collar, a pattern I do not like.

*9. Liverpool 23/24- Chiesa* ***8/10*** Your standard red/white Liverpool shirt and I like the fit. Would be 9/10 but unfortunately no one wore #14 for Liverpool during the 23/24 campaign, Chiesa was not at the club.

*10. PSG 23/24 Third- Messi* ***9/10*** Grey/black Jordan shirt with an amphibian pattern. I love the pattern, how it fits, and the jordan logo. Would be 10/10 but Messi was not with PSG during 23/24.

*11. Dortmund 23/24 Third- Reus* ***9/10*** Your standard yellow, PUMA, Dortmund shirt. This one as a black polo neck collar. Fits well and the player choice, specially being Reus' last season at Dortmund, is great.

*12. Napoli Halloween Skull Kit- Maradona* ***6/10*** This kit has several skulls making a unique black pattern. I personally like it, although some may not. Player choice is obviously inaccurate, and furthermore PRINT is inaccurate. This kit that was worn by Napoli used a red print, mine had a white print.

*13. France 2024 Home- Mbappe* ***10/10*** Most France home shirts over the last half decade have been dark blue, so this light blue change is a newer design, and it is exquisite. This is the same shirt worn by France in the euros, and it fits perfectly. The badge is HUGE, like at least 1.5x bigger than a normal France badge.

*14. PSG 23/24 Training Kit- Dembele* ***9/10*** White kit with a blue left sleeve and a red right sleeve. It definitely looks like a training kit; however, it is simple and very effective. Would be 10/10 if it was another player.

*15. Al Nassr 23/24 Third- Ronaldo* ***9.5/10*** Al Nassr kits are made by Dunneus Sports and as such as I have no frame of reference for how good this kit feels vs the actual one. However, the cream-colored pattern is nice, and the kit feels AMAZING when worn. Logo feels kind of small, but it does not bother me.

*16. Napoli Campioni Di Italia- Osi* ***8.5/10*** So this product was never an official kit. If you google it, it was sold as a commemorative T-shirt. However, I love how it feels and the player choice for such an iconic club campaign is better. I love the relic aspect of the shirt.

*17.  Liverpool 23/24 Away- Van Djik* ***9/10*** This feels exactly like the 17/18 Liverpool away kit just with a greener reverse blockish pattern. I personally like it, although my friends do not.

*18. Barcelona x Patta special- De Jong* ***6/10*** I do not know much about Patta's brand, and this shirt looks like a cheap Spiderman costume. The shirt design is meant to be veins, and the centered logo is right on what looks like a human heart.

*19. Real Madrid 23/24 Home- Bellingham* ***10/10*** Classic white Real Madrid home with a gold color pattern on the shoulders. Shirt worn by Bellingham on his first season in Madrid as they won the UCL, s

*20. Real Madrid 24/25 Home- Vini Jr* ***10/10*** Standard white Real Madrid shirt with black colored pattern on shoulders.

*21. Inter Miami 24/25 home- Messi* ***8/10*** This one has a crooked adidas logo on it.

*22. Liverpool 21/22 Home- Van Djik* ***0/10*** this was a fan version kit; I am not satisfied with it.

*23. Arsenal 23/24 Home- Saka* ***7/10*** So this shirt fits like a fan version, it is not a tight fit. I already owned this shirt prior from a different seller, and it feels exactly the same. The arsenal logo is slightly crooked.

*24 Barcelona 24/25 Home- Rapinha* ***8/10*** Awkward bobble when worn, and the Spotify logo feels slightly too high. However, it is a gorgeous half red/half blue anniversary kit.

*25. France White Training (unclear year)- Mbappe* ***8/10*** Plain white kit with Mbappe's name on it, fits incredibly well. Not much else to say.

*26. PSG 24/25 Home- Messi* ***9*****/10**This shirt has a strange paint/art theme like if the color were drawn by a brush and i personally LOVE IT. However, the print on this shirt is meant to be RED or WHITE with a Snipes sponsor at the bottom. It is almost like they had way too many Ligue 1 Messi name-sets they needed to get rid of, so I got a white Messi on the back for whatever reason.

*27. Real Madrid 24/25 Third- Mbappe* ***9/10*** New grey kit with a collar and the leaf adidas logo rather than the triangle. Fits well, had no stitching errors (not even minor ones).

*28. Chelsea 23/24 Home (no sponsor)- Enzo 🤮* ***8/10***

*29. Atletico Madrid 23/24 away- Griezmann* ***8/10*** So this kit is half white and half blue. It had a strange logo that does NOT look at all like the Atletico logo, you would think it is a Chelsea kit. No sponsor on it either, but it fits PHENOMENALLY.

*30. Tottenham 23/24 Away- Son* ***5/10*** This shirt feels like a XXS shirt, The neck was insanely tiny, like if my head was going to burst the collar's stitching. Overall, not a fan

*31. PSG 23/24 home- Mbappe* ***10/10*** Classic PSG colors with a phenomenal fit, great player, and no visible errors. Textbook perfect mystery kit.

*32. Tottenham 22/23 Away- Son 5*\*\*\*/10\*\*\* The colors for this lightish blue and neon yellow pattern dont work for me. Centered logo feels off.

*33. Liverpool 22/23 Away- Van Djik* ***5/10*** This shirt does not feel like a size S, more like a M player version and if it was a fans version, like a L. I am not a fan of the multi-color swirl pattern.

*34. AC Milan 23/24 Home- Pulisic* ***9.5/10*** Red/maroon kit for an iconic club with a great fit, I love it!

https://preview.redd.it/9c1f3hhvcbwd1.jpg?width=4032&format=pjpg&auto=webp&s=f072ab08cf1193417d8f6856f4775585d70a7cd1

https://preview.redd.it/cwpk8dyvcbwd1.jpg?width=4032&format=pjpg&auto=webp&s=fde512360cf89fe7a4aca5b98454abd334a09010

https://preview.redd.it/5gu01wcwcbwd1.jpg?width=770&format=pjpg&auto=webp&s=cd6cf2d5ac14ab85c7bec26a34b478a0d5481852",32,1g9iqbq,Soccer00,https://www.reddit.com/r/Soccer00/comments/1g9iqbq/joyabuy_8kg_mega_mystery_box_35_mystery_kits/,21,2024-10-22 13:55:54,Reddit,"Hello! I decided to take a risk and order 35 player version mystery kits with print from joyabuy priced at $6 each. I’m gonna detail my full experience below.

Important Dates:

Order Placed to JoyaBuy- 9/28

Order Placed to Seller - 9/29

Order Shipped to Warehouse- 9/29

Order Arrived to Warehouse + QC Photos 10/03

Rehearsal Packaging Requested- 10/3

Rehearsal Concluded- 10/9

Order Shipped from Warehouse- 10/11

Order Arrives at Distribution Center- 10/14

Order Received- 10/21

I asked Joyabuy to remove the packaging (i.e the bags to minimize weight costs) on several occasions and they did not honor the request, and I was likely penalized for it. The kits were also shoved back into the bags without being folded, which is unfortunate.

Shipping was $145 for 8kg. It was just as much for the kits themselves. Remember it was Golden Week in China during my order period, so the services could be faster or slower for yours. Total damage to my wallet was $300.

The QC photos were good. It showed what I needed to know; the size, the print, and if the kits were player version. I was satisfied with my agent’s help through the process. I didn’t get any QC pictures for 1 kit but the agent assured there was 35 exactly when I asked. Joyabuy had a special request section for this product where you could exclude/include certain teams and I asked for Bayern Munich while excluding Real Madrid kits. Neither happened.

The jerseys had an interesting distribution. Since I received over 100 QC pictures, it wouldn’t have made sense to post all of them. So, I’ll review each jersey from the list and if anyone wants more photos or additional comments, say so below.

The list is as follows. My criteria are based on the kit looks, how it fits, player name, accuracy on the replication, and my own personal opinion (e.g I use these shirts as gym tops, and so I want them to reflect a slightly more muscular build).

*1. Liverpool 23/24 Third- Salah:* ***8.5/10*** Violet colored kit with accurate fit to my body size. I am a fan of Salah as well. The Nike logo and Liverpool logo had these strange colored spots that I do not like.

*2. Tottenham 23/24 Third- Son* ***8/10*** I don't necessarily like the tan color. However, the shirt fits my slightly muscular almost perfectly. This shirt has the same spots on the Nike and Tottenham logo as the kit above it, and it looks worse on the tan color.

*3. Manchester United 23/24 Training: Hojlund* ***9/10*** The shirt fits beautifully and I love the darker black/red patterns. I did not like the player choice.

*4. Germany 2024 Home- Musiala* ***10/10*** Beautiful pattern on the shoulders reflecting the German flag. Player choice is perfect, and the shirt fits my body well.

*5. Germany 2024 Away- Musiala* ***10/10*** Pink/Violet colored away kit with heat pressed shoulder patterns rather than stitched. I own this kit already, only difference is the one I own has patches. Everything else is identical.

*6. Brazil 2024 Home- Neymar* ***5/10*** Let me state right now, ***I HATE SHIRTS WITH CENTERED BADGES.*** This is your typical Brazil canary yellow and green kit. However, the neck stick outs awkwardly, and the print is ugly. Additionally, Neymar tore his ACL on October 17th, 2023, which is prior to the release of this shirt, and such has never officially worn it (#10 for Brazil in the 2024 Copa America was Rodrygo).

*7. England 2024 Home- Bellingham* ***8/10*** Classic England white shirt with a great player on it. Fits great. However, it has the same issue a lot of these Nike kits do with the awkward neck detail sticking out.

*8. Liverpool 24/25- Darwin* ***3/10*** By far the worst kit of the package. This one had several stitching errors and part of the detail on the back of the shirt was peeled off. Shirt itself is striped and has polo collar, a pattern I do not like.

*9. Liverpool 23/24- Chiesa* ***8/10*** Your standard red/white Liverpool shirt and I like the fit. Would be 9/10 but unfortunately no one wore #14 for Liverpool during the 23/24 campaign, Chiesa was not at the club.

*10. PSG 23/24 Third- Messi* ***9/10*** Grey/black Jordan shirt with an amphibian pattern. I love the pattern, how it fits, and the jordan logo. Would be 10/10 but Messi was not with PSG during 23/24.

*11. Dortmund 23/24 Third- Reus* ***9/10*** Your standard yellow, PUMA, Dortmund shirt. This one as a black polo neck collar. Fits well and the player choice, specially being Reus' last season at Dortmund, is great.

*12. Napoli Halloween Skull Kit- Maradona* ***6/10*** This kit has several skulls making a unique black pattern. I personally like it, although some may not. Player choice is obviously inaccurate, and furthermore PRINT is inaccurate. This kit that was worn by Napoli used a red print, mine had a white print.

*13. France 2024 Home- Mbappe* ***10/10*** Most France home shirts over the last half decade have been dark blue, so this light blue change is a newer design, and it is exquisite. This is the same shirt worn by France in the euros, and it fits perfectly. The badge is HUGE, like at least 1.5x bigger than a normal France badge.

*14. PSG 23/24 Training Kit- Dembele* ***9/10*** White kit with a blue left sleeve and a red right sleeve. It definitely looks like a training kit; however, it is simple and very effective. Would be 10/10 if it was another player.

*15. Al Nassr 23/24 Third- Ronaldo* ***9.5/10*** Al Nassr kits are made by Dunneus Sports and as such as I have no frame of reference for how good this kit feels vs the actual one. However, the cream-colored pattern is nice, and the kit feels AMAZING when worn. Logo feels kind of small, but it does not bother me.

*16. Napoli Campioni Di Italia- Osi* ***8.5/10*** So this product was never an official kit. If you google it, it was sold as a commemorative T-shirt. However, I love how it feels and the player choice for such an iconic club campaign is better. I love the relic aspect of the shirt.

*17.  Liverpool 23/24 Away- Van Djik* ***9/10*** This feels exactly like the 17/18 Liverpool away kit just with a greener reverse blockish pattern. I personally like it, although my friends do not.

*18. Barcelona x Patta special- De Jong* ***6/10*** I do not know much about Patta's brand, and this shirt looks like a cheap Spiderman costume. The shirt design is meant to be veins, and the centered logo is right on what looks like a human heart.

*19. Real Madrid 23/24 Home- Bellingham* ***10/10*** Classic white Real Madrid home with a gold color pattern on the shoulders. Shirt worn by Bellingham on his first season in Madrid as they won the UCL, s

*20. Real Madrid 24/25 Home- Vini Jr* ***10/10*** Standard white Real Madrid shirt with black colored pattern on shoulders.

*21. Inter Miami 24/25 home- Messi* ***8/10*** This one has a crooked adidas logo on it.

*22. Liverpool 21/22 Home- Van Djik* ***0/10*** this was a fan version kit; I am not satisfied with it.

*23. Arsenal 23/24 Home- Saka* ***7/10*** So this shirt fits like a fan version, it is not a tight fit. I already owned this shirt prior from a different seller, and it feels exactly the same. The arsenal logo is slightly crooked.

*24 Barcelona 24/25 Home- Rapinha* ***8/10*** Awkward bobble when worn, and the Spotify logo feels slightly too high. However, it is a gorgeous half red/half blue anniversary kit.

*25. France White Training (unclear year)- Mbappe* ***8/10*** Plain white kit with Mbappe's name on it, fits incredibly well. Not much else to say.

*26. PSG 24/25 Home- Messi* ***9*****/10**This shirt has a strange paint/art theme like if the color were drawn by a brush and i personally LOVE IT. However, the print on this shirt is meant to be RED or WHITE with a Snipes sponsor at the bottom. It is almost like they had way too many Ligue 1 Messi name-sets they needed to get rid of, so I got a white Messi on the back for whatever reason.

*27. Real Madrid 24/25 Third- Mbappe* ***9/10*** New grey kit with a collar and the leaf adidas logo rather than the triangle. Fits well, had no stitching errors (not even minor ones).

*28. Chelsea 23/24 Home (no sponsor)- Enzo 🤮* ***8/10***

*29. Atletico Madrid 23/24 away- Griezmann* ***8/10*** So this kit is half white and half blue. It had a strange logo that does NOT look at all like the Atletico logo, you would think it is a Chelsea kit. No sponsor on it either, but it fits PHENOMENALLY.

*30. Tottenham 23/24 Away- Son* ***5/10*** This shirt feels like a XXS shirt, The neck was insanely tiny, like if my head was going to burst the collar's stitching. Overall, not a fan

*31. PSG 23/24 home- Mbappe* ***10/10*** Classic PSG colors with a phenomenal fit, great player, and no visible errors. Textbook perfect mystery kit.

*32. Tottenham 22/23 Away- Son 5*\*\*\*/10\*\*\* The colors for this lightish blue and neon yellow pattern dont work for me. Centered logo feels off.

*33. Liverpool 22/23 Away- Van Djik* ***5/10*** This shirt does not feel like a size S, more like a M player version and if it was a fans version, like a L. I am not a fan of the multi-color swirl pattern.

*34. AC Milan 23/24 Home- Pulisic* ***9.5/10*** Red/maroon kit for an iconic club with a great fit, I love it!

https://preview.redd.it/9c1f3hhvcbwd1.jpg?width=4032&format=pjpg&auto=webp&s=f072ab08cf1193417d8f6856f4775585d70a7cd1

https://preview.redd.it/cwpk8dyvcbwd1.jpg?width=4032&format=pjpg&auto=webp&s=fde512360cf89fe7a4aca5b98454abd334a09010

https://preview.redd.it/5gu01wcwcbwd1.jpg?width=770&format=pjpg&auto=webp&s=cd6cf2d5ac14ab85c7bec26a34b478a0d5481852",hello decided take risk order 35 player version mystery kit print joyabuy priced 6 gonna detail full experience important date order placed joyabuy 9 28 order placed seller 9 29 order shipped warehouse 9 29 order arrived warehouse qc photo 10 03 rehearsal packaging requested 10 3 rehearsal concluded 10 9 order shipped warehouse 10 11 order arrives distribution center 10 14 order received 10 21 asked joyabuy remove packaging e bag minimize weight cost several occasion honor request likely penalized kit also shoved back bag without folded unfortunate shipping 145 8kg much kit remember golden week china order period service could faster slower total damage wallet 300 qc photo good showed needed know size print kit player version satisfied agent help process get qc picture 1 kit agent assured 35 exactly asked joyabuy special request section product could exclude include certain team asked bayern munich excluding real madrid kit neither happened jersey interesting distribution since received 100 qc picture made sense post review jersey list anyone want photo additional comment say list follows criterion based kit look fit player name accuracy replication personal opinion e g use shirt gym top want reflect slightly muscular build 1 liverpool 23 24 third salah 8 5 10 violet colored kit accurate fit body size fan salah well nike logo liverpool logo strange colored spot like 2 tottenham 23 24 third son 8 10 necessarily like tan color however shirt fit slightly muscular almost perfectly shirt spot nike tottenham logo kit look worse tan color 3 manchester united 23 24 training hojlund 9 10 shirt fit beautifully love darker black red pattern like player choice 4 germany 2024 home musiala 10 10 beautiful pattern shoulder reflecting german flag player choice perfect shirt fit body well 5 germany 2024 away musiala 10 10 pink violet colored away kit heat pressed shoulder pattern rather stitched kit already difference one patch everything else identical 6 brazil 2024 home neymar 5 10 let state right hate shirt centered badge typical brazil canary yellow green kit however neck stick out awkwardly print ugly additionally neymar tore acl october 17th 2023 prior release shirt never officially worn 10 brazil 2024 copa america rodrygo 7 england 2024 home bellingham 8 10 classic england white shirt great player fit great however issue lot nike kit awkward neck detail sticking 8 liverpool 24 25 darwin 3 10 far worst kit package one several stitching error part detail back shirt peeled shirt striped polo collar pattern like 9 liverpool 23 24 chiesa 8 10 standard red white liverpool shirt like fit would 9 10 unfortunately one wore 14 liverpool 23 24 campaign chiesa club 10 psg 23 24 third messi 9 10 grey black jordan shirt amphibian pattern love pattern fit jordan logo would 10 10 messi psg 23 24 11 dortmund 23 24 third reus 9 10 standard yellow puma dortmund shirt one black polo neck collar fit well player choice specially reus last season dortmund great 12 napoli halloween skull kit maradona 6 10 kit several skull making unique black pattern personally like although may player choice obviously inaccurate furthermore print inaccurate kit worn napoli used red print mine white print 13 france 2024 home mbappe 10 10 france home shirt last half decade dark blue light blue change newer design exquisite shirt worn france euro fit perfectly badge huge like least 1 5x bigger normal france badge 14 psg 23 24 training kit dembele 9 10 white kit blue left sleeve red right sleeve definitely look like training kit however simple effective would 10 10 another player 15 al nassr 23 24 third ronaldo 9 5 10 al nassr kit made dunneus sport frame reference good kit feel v actual one however cream colored pattern nice kit feel amazing worn logo feel kind small bother 16 napoli campioni di italia osi 8 5 10 product never official kit google sold commemorative shirt however love feel player choice iconic club campaign better love relic aspect shirt 17 liverpool 23 24 away van djik 9 10 feel exactly like 17 18 liverpool away kit greener reverse blockish pattern personally like although friend 18 barcelona x patta special de jong 6 10 know much patta brand shirt look like cheap spiderman costume shirt design meant vein centered logo right look like human heart 19 real madrid 23 24 home bellingham 10 10 classic white real madrid home gold color pattern shoulder shirt worn bellingham first season madrid ucl 20 real madrid 24 25 home vini jr 10 10 standard white real madrid shirt black colored pattern shoulder 21 inter miami 24 25 home messi 8 10 one crooked adidas logo 22 liverpool 21 22 home van djik 0 10 fan version kit satisfied 23 arsenal 23 24 home saka 7 10 shirt fit like fan version tight fit already owned shirt prior different seller feel exactly arsenal logo slightly crooked 24 barcelona 24 25 home rapinha 8 10 awkward bobble worn spotify logo feel slightly high however gorgeous half red half blue anniversary kit 25 france white training unclear year mbappe 8 10 plain white kit mbappe name fit incredibly well much else say 26 psg 24 25 home messi 9 10 shirt strange paint art theme like color drawn brush personally love however print shirt meant red white snipe sponsor bottom almost like way many ligue 1 messi name set needed get rid got white messi back whatever reason 27 real madrid 24 25 third mbappe 9 10 new grey kit collar leaf adidas logo rather triangle fit well stitching error even minor one 28 chelsea 23 24 home sponsor enzo 8 10 29 atletico madrid 23 24 away griezmann 8 10 kit half white half blue strange logo look like atletico logo would think chelsea kit sponsor either fit phenomenally 30 tottenham 23 24 away son 5 10 shirt feel like xx shirt neck insanely tiny like head going burst collar stitching overall fan 31 psg 23 24 home mbappe 10 10 classic psg color phenomenal fit great player visible error textbook perfect mystery kit 32 tottenham 22 23 away son 5 10 color lightish blue neon yellow pattern dont work centered logo feel 33 liverpool 22 23 away van djik 5 10 shirt feel like size like player version fan version like l fan multi color swirl pattern 34 ac milan 23 24 home pulisic 9 5 10 red maroon kit iconic club great fit love
